name,pubCode,description,startDate,endDate
"div.identificationQualifier","cf. species","Roughly equals but 'not sure' about the species",2012-01-01T00:00:00Z,
"div.identificationQualifier","aff. species","Similar to, but is not the species",2012-01-01T00:00:00Z,
"div.identificationQualifier","cf. genus","Roughly equals but 'not sure' about the genus",2012-01-01T00:00:00Z,
"div.identificationQualifier","aff. genus","Similar to, but is not the genus",2012-01-01T00:00:00Z,
"div.identificationQualifier","cf. subspecies","Roughly equals but 'not sure' about the subspecies",2012-01-01T00:00:00Z,
"div.identificationQualifier","aff. subspecies","Similar to, but is not the subspecies",2012-01-01T00:00:00Z,
"div.identificationQualifier","cf. family","Roughly equals but 'not sure' about the family",2012-01-01T00:00:00Z,
"div.identificationQualifier","aff. family","Similar to, but is not the family",2012-01-01T00:00:00Z,
"div.identificationQualifier","cf. variety","Roughly equals but 'not sure' about the variety",2012-01-01T00:00:00Z,
"div.identificationQualifier","aff. variety","Similar to, but is not the variety",2012-01-01T00:00:00Z,
"Identification Qualifiers","cf. species","roughly equals but 'not sure' about the species",2012-01-01T00:00:00Z,
"Identification Qualifiers","aff. species","similar to but is not the species",2012-01-01T00:00:00Z,
"Identification Qualifiers","cf. genus","roughly equals but 'not sure' about the genus",2012-01-01T00:00:00Z,
"Identification Qualifiers","aff. genus","similar to but is not the genus",2012-01-01T00:00:00Z,
"Identification Qualifiers","cf. subspecies","roughly equals but 'not sure' about the subspecies",2012-01-01T00:00:00Z,
"Identification Qualifiers","aff. subspecies","similar to but is not the subspecies",2012-01-01T00:00:00Z,
"Identification Qualifiers","cf. family","roughly equals but 'not sure' about the family",2012-01-01T00:00:00Z,
"Identification Qualifiers","aff. family","similar to but is not the family",2012-01-01T00:00:00Z,
"Identification Qualifiers","cf. variety","roughly equals but 'not sure' about the variety",2012-01-01T00:00:00Z,
"Identification Qualifiers","aff. variety","similar to but is not the variety",2012-01-01T00:00:00Z,
"identificationQualifiersExpert","cf. species","cf. species",2012-01-01T00:00:00Z,
"identificationQualifiersExpert","aff. species","aff. species",2012-01-01T00:00:00Z,
"identificationQualifiersExpert","cf. genus","cf. genus",2012-01-01T00:00:00Z,
"identificationQualifiersExpert","aff. genus","aff. genus",2012-01-01T00:00:00Z,
"identificationQualifiersExpert","cf. subspecies","cf. subspecies",2012-01-01T00:00:00Z,
"identificationQualifiersExpert","aff. subspecies","aff. subspecies",2012-01-01T00:00:00Z,
"identificationQualifiersExpert","cf. family","cf. family",2012-01-01T00:00:00Z,
"identificationQualifiersExpert","aff. family","aff. family",2012-01-01T00:00:00Z,
"identificationQualifiersExpert","cf. variety","cf. variety",2012-01-01T00:00:00Z,
"identificationQualifiersExpert","aff. variety","aff. variety",2012-01-01T00:00:00Z,
"identificationQualifiersExpert","sp. nov.","sp. nov.",2012-01-01T00:00:00Z,
"identificationQualifiersExpert","spp. nr.","spp. nr.",2012-01-01T00:00:00Z,
"identificationQualifiersExpert","sp. nr.","sp. nr.",2012-01-01T00:00:00Z,
"identificationRemarks","Nomenclatural adjustment","The determination has been updated because of a change in the taxonomic concept",2012-01-01T00:00:00Z,
"identificationRemarks","Determination updated by expert","A taxonomic expert has indicated that this determination should be updated",2012-01-01T00:00:00Z,
"identificationRemarks","Out of geographic range","The geographic range of the taxon in this determination does not include the location where this observation was made",2012-01-01T00:00:00Z,
"identificationRemarks","Out of phenotypic range","Measurement of one or more phenotypic traits of the specimen suggest the determination should be updated",2012-01-01T00:00:00Z,
"identificationRemarks","BOLD mismatch","BOLD data suggest this determination should be updated",2012-01-01T00:00:00Z,
"identificationRemarks","Transcription error","There was a data entry error and this determination needed to be corrected",2012-01-01T00:00:00Z,
"identificationRemarks","Field determination error","Field determination error",2012-01-01T00:00:00Z,
"identificationRemarks","Other - see remarks","Other - see remarks",2012-01-01T00:00:00Z,
"identificationRemarks","Genetic analysis","Taxonomic identity was determined by genetic analysis (e.g., PCR)",2012-01-01T00:00:00Z,
"mam.additionalParasites","fleas","fleas",2023-02-01T00:00:00Z,
"mam.additionalParasites","botflies","botflies",2023-02-01T00:00:00Z,
"mam.additionalParasites","fleas and botflies","fleas and botflies",2023-02-01T00:00:00Z,
"mam.additionalParasites","fleas and other - see remarks","fleas and other - see remarks",2023-02-01T00:00:00Z,
"mam.additionalParasites","botflies and other - see remarks","botflies and other - see remarks",2023-02-01T00:00:00Z,
"mam.additionalParasites","fleas, botflies and other - see remarks","fleas, botflies and other - see remarks",2023-02-01T00:00:00Z,
"mam.additionalParasites","did not check","did not check",2023-02-01T00:00:00Z,
"mam.additionalParasites","none","none",2023-02-01T00:00:00Z,
"mam.additionalParasites","other - see remarks","other - see remarks",2023-02-01T00:00:00Z,
"mam.bloodSampleMethod","mandibular - QNS","Blood collected from the submandibular vein; quantity not sufficient (QNS) for pathogen analysis",2012-01-01T00:00:00Z,
"mam.bloodSampleMethod","mandibular","mandibular",2012-01-01T00:00:00Z,
"mam.bloodSampleMethod","retroorbital","retroorbital",2012-01-01T00:00:00Z,
"mam.bloodSampleMethod","unsuccessful","unsuccessful",2012-01-01T00:00:00Z,
"mam.fate","dead","dead",2012-01-01T00:00:00Z,
"mam.fate","escaped","escaped",2012-01-01T00:00:00Z,
"mam.fate","processed","processed",2012-01-01T00:00:00Z,
"mam.fate","nontarget","nontarget",2012-01-01T00:00:00Z,2021-06-01T00:00:00Z
"mam.fate","released","released",2012-01-01T00:00:00Z,2021-06-01T00:00:00Z
"mam.fate","not processed","not processed",2012-01-01T00:00:00Z,
"mam.frozenSamplePrepMethod","dry ice","dry ice",2023-02-01T00:00:00Z,
"mam.frozenSamplePrepMethod","ice packs","ice packs",2023-02-01T00:00:00Z,
"mam.frozenSamplePrepMethod","ultra-cold ice packs","ultra-cold ice packs",2023-02-01T00:00:00Z,
"mam.frozenSamplePrepMethod","other - see remarks","other - see remarks",2023-02-01T00:00:00Z,
"mam.gridType","pathogen","Up to three nights of sampling per bout possible with blood samples regularly collected when permitted",2012-01-01T00:00:00Z,
"mam.gridType","diversity","One night of sampling per bout with few to no blood samples collected",2012-01-01T00:00:00Z,
"mam.gridType","recapture","Up to three nights of sampling per bout possible with few to no blood samples collected, primarily used in 2014 and 2015.",2012-01-01T00:00:00Z,
"mam.hairSampleContents","hairOnly","Sample includes only hairs collected from back of neck",2012-01-01T00:00:00Z,
"mam.hairSampleContents","whiskerOnly","Sample includes only whiskers",2012-01-01T00:00:00Z,
"mam.hairSampleContents","hairAndWhisker","Sample includes both whiskers and hairs collected from back of neck",2012-01-01T00:00:00Z,
"mam.identificationReferences","D02 - Whitaker 2005","Whitaker, J. O. 2005. National Audubon Society Field Guide to North American Mammals. Alfred A. Knopf, New York, NY.",2012-01-01T00:00:00Z,
"mam.identificationReferences","Schmidly 2004","Schmidly, D. J. 2004. The Mammals of Texas. Revised Ed. University of Texas Press, Austin, TX.",2012-01-01T00:00:00Z,
"mam.identificationReferences","D16 - Nagorsen 2002","Nagorsen, D. W. 2002. An identification manual to the small mammals of British Columbia. Ministry of Sustainable Resource Management, Ministry of Water, Land and Air Protection, and Royal British Columbia Museum, Victoria, British Columbia. 153 pages.",2012-01-01T00:00:00Z,
"mam.identificationReferences","D17 - Jameson & Peeters 2004","Jameson, E. W., and H. J. Peeters. 2004. Mammals of California. Revised Ed. California Natural History Guide Series No. 66. University of California Press, Berkeley, CA.",2012-01-01T00:00:00Z,
"mam.identificationReferences","Reid, F. 2006. A field guide to mammals of North America, north of Mexico. 4th ed. Houghton Mifflin Company, Boston.","Reid, F. 2006. A field guide to mammals of North America, north of Mexico. 4th ed. Houghton Mifflin Company, Boston.",2012-01-01T00:00:00Z,
"mam.identificationReferences","Best, T. L., and J. L. Dusi. 2014. Mammals of Alabama. The University of Alabama Press, Tuscaloosa.","Best, T. L., and J. L. Dusi. 2014. Mammals of Alabama. The University of Alabama Press, Tuscaloosa.",2012-01-01T00:00:00Z,
"mam.identificationReferences","NEON.DOC.001907","NEON.DOC.001907",2012-01-01T00:00:00Z,
"mam.identificationReferences","NEON.DOC.001908","NEON.DOC.001908",2012-01-01T00:00:00Z,
"mam.identificationReferences","NEON.DOC.001909","NEON.DOC.001909",2012-01-01T00:00:00Z,
"mam.identificationReferences","NEON.DOC.001911","NEON.DOC.001911",2012-01-01T00:00:00Z,
"mam.identificationReferences","NEON.DOC.001912","NEON.DOC.001912",2012-01-01T00:00:00Z,
"mam.identificationReferences","NEON.DOC.001914","NEON.DOC.001914",2012-01-01T00:00:00Z,
"mam.identificationReferences","NEON.DOC.002167","NEON.DOC.002167",2012-01-01T00:00:00Z,
"mam.identificationReferences","NEON.DOC.003135","NEON.DOC.003135",2012-01-01T00:00:00Z,
"mam.identificationReferences","NEON.DOC.003136","NEON.DOC.003136",2012-01-01T00:00:00Z,
"mam.identificationReferences","NEON.DOC.003137","NEON.DOC.003137",2012-01-01T00:00:00Z,
"mam.identificationReferences","D05 – Tekiela 2005","Tekiela, S. 2005. Mammals of Wisconsin Field Guide. Adventure Publications, Cambridge, MN.",2012-01-01T00:00:00Z,
"mam.identificationReferences","D09 - Seabloom 2011","Seabloom, R. W., J. W. Hoganson, and W. F. Jensen. 2011. The mammals of North Dakota. Institute for Regional Studies, NDSU, Fargo, N.D.",2012-01-01T00:00:00Z,
"mam.identificationReferences","D05 - Long 2008","Long, C. A. 2008. The wild mammals of Wisconsin. Pensoft, Sofia.",2012-01-01T00:00:00Z,
"mam.identificationReferences","D11 - Caire et al. 1989","Caire; W.; J. D. Tyler; B. P. Glass; and M. A. Mares. 1989. Mammals of Oklahoma. 1st Ed. University of Oklahoma Press; Norman; OK.",2012-01-01T00:00:00Z,
"mam.identificationReferences","D14 - Frey 2007","Frey; J. K. 2007. Key to the Rodents of New Mexico. Conservation Services Division; New Mexico Department of Game and Fish; Santa Fe; NM.",2012-01-01T00:00:00Z,
"mam.identificationReferences","D07 - NEON.DOC.001910","NEON.DOC.001910",2012-01-01T00:00:00Z,
"mam.identificationReferences","D10 - NEON.DOC.001913","NEON.DOC.001913",2012-01-01T00:00:00Z,
"mam.identificationReferences","D12 - NEON.DOC.003138","NEON.DOC.003138",2012-01-01T00:00:00Z,
"mam.identificationReferences","D13 - NEON.DOC.003139","NEON.DOC.003139",2012-01-01T00:00:00Z,
"mam.identificationReferences","D14 - NEON.DOC.003140","NEON.DOC.003140",2012-01-01T00:00:00Z,
"mam.identificationReferences","D17 - NEON.DOC.003141","NEON.DOC.003141",2012-01-01T00:00:00Z,
"mam.identificationReferences","D18_19 - NEON.DOC.003142","NEON.DOC.003142",2012-01-01T00:00:00Z,
"mam.identificationReferences","D16 - NEON.DOC.003143","NEON.DOC.003143",2012-01-01T00:00:00Z,
"mam.identificationReferences","D07 - Whitaker 2000","Whitaker, J.O. 2000. National Audubon Society Field Guide to North American Mammals. Alfred A. Knopf, New York, NY.",2012-01-01T00:00:00Z,
"mam.identificationReferences","Kaufman, K., R. Bowers, and N. Bowers. 2007. Kaufman Field Guide to Mammals of North America. 12th Ed. Houghton Mifflin Company, New York, NY.","Kaufman, K., R. Bowers, and N. Bowers. 2007. Kaufman Field Guide to Mammals of North America. 12th Ed. Houghton Mifflin Company, New York, NY.",2012-01-01T00:00:00Z,
"mam.identificationReferences","Other (describe in remarks)","Other (describe in remarks)",2012-01-01T00:00:00Z,
"mam.identificationReferences","Sievert and Sievert 2011","Sievert, G. and L. Sievert. 2011. A Field Guide to Oklahoma's Amphibians and Reptiles (3rd Edition). Oklahoma Dept. of Wildlife Conservation. OKC., OK. 211 p.",2012-01-01T00:00:00Z,
"mam.identificationReferences","Bartlett, R. D. and P. P. Bartlett. 2011. Florida's Turtles, Lizards, and Crocodilians: A Guide to Their Identification and Habits. University Press of Florida, Gainesville. 352 pp.","Bartlett, R. D. and P. P. Bartlett. 2011. Florida's Turtles, Lizards, and Crocodilians: A Guide to Their Identification and Habits. University Press of Florida, Gainesville. 352 pp.",2012-01-01T00:00:00Z,
"mam.identificationReferences","Bartlett, R. D. and P. P. Bartlett. 2011. Florida's Frogs, Toads, and Other Amphibians A Guide to Their Identification and Habits. University Press of Florida, Gainesville. 272 pp.","Bartlett, R. D. and P. P. Bartlett. 2011. Florida's Frogs, Toads, and Other Amphibians A Guide to Their Identification and Habits. University Press of Florida, Gainesville. 272 pp.",2012-01-01T00:00:00Z,
"mam.identificationReferences","Brennan, T. C. and A. T. Holycross. 2006. A Field Guide to Amphibians and Reptiles in Arizona. Arizona Game and Fish Department.","Brennan, T. C. and A. T. Holycross. 2006. A Field Guide to Amphibians and Reptiles in Arizona. Arizona Game and Fish Department.",2012-01-01T00:00:00Z,
"mam.identificationReferences","Conant, R., and J. T. Collins. 1998. A Field Guide to Reptiles and Amphibians: Eastern and Central North America. 3rd Ed. Houghton Mifflin Company, New York, NY.","Conant, R., and J. T. Collins. 1998. A Field Guide to Reptiles and Amphibians: Eastern and Central North America. 3rd Ed. Houghton Mifflin Company, New York, NY.",2012-01-01T00:00:00Z,
"mam.identificationReferences","Gibbons, W., and M. Dorcas. 2005. Snakes of the Southeast. The University of Georgia Press, Athens, Georgia.","Gibbons, W., and M. Dorcas. 2005. Snakes of the Southeast. The University of Georgia Press, Athens, Georgia.",2012-01-01T00:00:00Z,
"mam.identificationReferences","Harding, J.H. 1997. Amphibians and reptiles of the Great Lakes Region. University of Michigan Press, Ann Arbor, MI.","Harding, J.H. 1997. Amphibians and reptiles of the Great Lakes Region. University of Michigan Press, Ann Arbor, MI.",2012-01-01T00:00:00Z,
"mam.identificationReferences","Mitchell, J. and Gibbons, W. 2010. Salamanders of the Southeast. Athens (GA): The University of Georgia Press","Mitchell, J. and Gibbons, W. 2010. Salamanders of the Southeast. Athens (GA): The University of Georgia Press",2012-01-01T00:00:00Z,
"mam.identificationReferences","Stebbins, R. C. and R. T. Peterson. 2003. A Peterson Field Guide to Western Reptiles and Amphibians. 3rd Ed. Houghton Mifflin Company, New York, NY.","Stebbins, R. C. and R. T. Peterson. 2003. A Peterson Field Guide to Western Reptiles and Amphibians. 3rd Ed. Houghton Mifflin Company, New York, NY.",2012-01-01T00:00:00Z,
"mam.identificationReferences","Tennessee Watchable Wildlife http://www.tnwatchablewildlife.org/Amphibians.cfm","Tennessee Watchable Wildlife http://www.tnwatchablewildlife.org/Amphibians.cfm",2012-01-01T00:00:00Z,
"mam.identificationReferences","Powell, R., R. Conant, and J.T. Collins. 2016. Peterson Field Guide to Reptiles and Amphibians of Eastern and Central North America. 4th Ed. Houghton Mifflin Company, New York, NY.","Powell, R., R. Conant, and J.T. Collins. 2016. Peterson Field Guide to Reptiles and Amphibians of Eastern and Central North America. 4th Ed. Houghton Mifflin Company, New York, NY.",2012-01-01T00:00:00Z,
"mam.lifeStage","adult","adult",2012-01-01T00:00:00Z,
"mam.lifeStage","juvenile","juvenile",2012-01-01T00:00:00Z,
"mam.lifeStage","subadult","subadult",2012-01-01T00:00:00Z,
"mam.lifeStage","unknown","Unknown",2012-01-01T00:00:00Z,
"mam.nipples","enlarged","enlarged",2012-01-01T00:00:00Z,
"mam.nipples","nonenlarged","nonenlarged",2012-01-01T00:00:00Z,
"mam.nipples","unknown","Assessment of nipples attempted but unable to be determined",2012-01-01T00:00:00Z,
"mam.pregnancyStatus","pregnant","pregnant",2012-01-01T00:00:00Z,
"mam.pregnancyStatus","not","not",2012-01-01T00:00:00Z,
"mam.pregnancyStatus","unknown","Assessment of pregnancy status attempted but unable to be determined",2012-01-01T00:00:00Z,
"mam.recapture","Y","Y",2012-01-01T00:00:00Z,
"mam.recapture","N","N",2012-01-01T00:00:00Z,
"mam.recapture","U","unknown",2012-01-01T00:00:00Z,
"mam.testes","scrotal","scrotal",2012-01-01T00:00:00Z,
"mam.testes","nonscrotal","nonscrotal",2012-01-01T00:00:00Z,
"mam.testes","unknown","Assessment of testes attempted but unable to be determined",2012-01-01T00:00:00Z,
"mam.tickNumber","1-5","1-5 ticks",2019-12-01T00:00:00Z,
"mam.tickNumber","6-20","6-20 ticks",2019-12-01T00:00:00Z,
"mam.tickNumber",">20",">20 ticks",2019-12-01T00:00:00Z,
"mam.tickNumber","No count performed","ticks could not be counted",2019-12-01T00:00:00Z,
"mam.trapStatus","1 - trap not set","1 - trap not set",2012-01-01T00:00:00Z,
"mam.trapStatus","2 - trap disturbed/door closed but empty","2 - trap disturbed/door closed but empty",2012-01-01T00:00:00Z,
"mam.trapStatus","3 - trap door open or closed w/ spoor left","3 - trap door open or closed w/ spoor left",2012-01-01T00:00:00Z,
"mam.trapStatus","4 - more than 1 capture in one trap","4 - more than 1 capture in one trap",2012-01-01T00:00:00Z,
"mam.trapStatus","5 - capture","5 - capture",2012-01-01T00:00:00Z,
"mam.trapStatus","6 - trap set and empty","6 - trap set and empty",2012-01-01T00:00:00Z,
"mam.trapType","ShermanLF","ShermanLF",2012-01-01T00:00:00Z,
"mam.trapType","ShermanXLF","ShermanXLF",2012-01-01T00:00:00Z,
"mam.trapType","ShermanXLK","ShermanXLK",2012-01-01T00:00:00Z,
"mam.trapType","Double ShermanXLK","Double ShermanXLK",2012-01-01T00:00:00Z,
"mam.trapType","Tomahawk201","Tomahawk201",2012-01-01T00:00:00Z,
"mam.trapType","small mammal box trap","small mammal box trap",2012-01-01T00:00:00Z,
"mam.vagina","swollen","swollen",2012-01-01T00:00:00Z,
"mam.vagina","plugged","plugged",2012-01-01T00:00:00Z,
"mam.vagina","neither","neither",2012-01-01T00:00:00Z,
"mam.vagina","unknown","Assessment of vagina attempted but unable to be determined",2012-01-01T00:00:00Z,
"mam.vagina","not plugged","not plugged",2012-01-01T00:00:00Z,
"mam.vagina","both","both plugged and swollen",2012-01-01T00:00:00Z,
"mam.voucherUpdate","taxonID","taxonID updated based on voucher sample analysis",2012-01-01T00:00:00Z,
"mam.voucherUpdate","sex","sex updated based on voucher sample analysis",2012-01-01T00:00:00Z,
"mam.voucherUpdate","taxonID and sex","taxonID and sex updated based on voucher sample analysis",2012-01-01T00:00:00Z,
"mam.voucherUpdate","sex and reproductive conditions","sex and reproductive conditions updated based on voucher sample analysis",2012-01-01T00:00:00Z,
"mam.voucherUpdate","taxonID, sex and reproductive conditions","taxonID, sex and reproductive conditions updated based on voucher sample analysis",2012-01-01T00:00:00Z,
"mam.voucherUpdate","identification qualifier","identification qualifier updated based on voucher sample analysis",2012-01-01T00:00:00Z,
"mam.voucherUpdate","identification qualifier and sex","identification qualifier and sex updated based on voucher sample analysis",2012-01-01T00:00:00Z,
"mam.voucherUpdate","taxonID confirmed","taxonID confirmed based on voucher sample analysis",2012-01-01T00:00:00Z,
"mam.voucherUpdate","sex confirmed","sex confirmed based on voucher sample analysis",2012-01-01T00:00:00Z,
"mam.voucherUpdate","taxonID and sex confirmed","taxonID and sex confirmed based on voucher sample analysis",2012-01-01T00:00:00Z,
"mam.voucherUpdate","taxonID updated, sex confirmed","taxonID updated and sex confirmed based on voucher sample analysis",2012-01-01T00:00:00Z,
"mam.voucherUpdate","taxonID confirmed, sex and reproductive conditions updated","taxonID confirmed while sex and reproductive conditions updated based on voucher sample analysis",2012-01-01T00:00:00Z,
"samplingImpractical","location dry","location dry",2012-01-01T00:00:00Z,
"samplingImpractical","location frozen","location frozen",2012-01-01T00:00:00Z,
"samplingImpractical","location snow covered","location snow covered",2012-01-01T00:00:00Z,
"samplingImpractical","other","Sampling location inaccessible due to other ecological reason described in the remarks",2012-01-01T00:00:00Z,
"samplingImpractical","shallow groundwater","shallow groundwater; depth of groundwater column less than 0.5 m",2012-01-01T00:00:00Z,
"samplingImpractical","low yield groundwater","low yield groundwater well",2012-01-01T00:00:00Z,
"samplingImpractical","high water velocity","high water velocity",2012-01-01T00:00:00Z,
"samplingImpractical","staff gauge disturbed","staff gauge disturbed",2012-01-01T00:00:00Z,
"samplingImpractical","staff gauge not installed","staff gauge not installed",2012-01-01T00:00:00Z,
"samplingImpractical","OK","OK",2012-01-01T00:00:00Z,
"samplingImpractical","coordinates not suitable","Maximum number of attempts made to sample within a subplot were unsuccessful",2012-01-01T00:00:00Z,
"samplingImpractical","location flooded","location flooded",2012-01-01T00:00:00Z,
"samplingImpractical","logistical","logistical",2012-01-01T00:00:00Z,
"samplingImpractical","management","management",2012-01-01T00:00:00Z,
"samplingImpractical","extreme weather","extreme weather",2012-01-01T00:00:00Z,
"samplingImpractical","location burned","location burned",2012-01-01T00:00:00Z,
"samplingImpractical","temperature low","temperature low",2012-01-01T00:00:00Z,
"samplingImpractical","temperature high","temperature high",2012-01-01T00:00:00Z,
"samplingImpractical","disturbance","samples not collected due to disturbance",2012-01-01T00:00:00Z,
"samplingImpractical","too windy","too windy",2012-01-01T00:00:00Z,
"samplingImpractical","horizon not present","horizon not present in the incubated soil sample",2012-01-01T00:00:00Z,
"samplingImpractical","location wet","location too wet due to rain or dew",2012-01-01T00:00:00Z,
"samplingImpractical","not all samples collected on this date","not all samples collected on this date",2012-01-01T00:00:00Z,2022-12-31T00:00:00Z
"samplingImpractical","exclosure cell not clipped, livestock absent","exclosure clip cell not harvested, cattle absent during previous grazing interval",2012-01-01T00:00:00Z,
"samplingImpractical","ambient cell not clipped, livestock absent","ambient clip cell not harvested, cattle absent during previous grazing interval",2012-01-01T00:00:00Z,
"samplingImpractical","wildfire","sampling location inaccessible due to active wildfire or post fire safety hazards",2012-01-01T00:00:00Z,
"samplingImpractical","wildlife hazard","wildlife hazard, specific hazard described in remarks",2012-01-01T00:00:00Z,
"samplingImpractical","safety hazard","unsafe conditions at sampling location or on route to sampling location",2012-01-01T00:00:00Z,
"samplingImpractical","outside target flow range","selected when stream flow already has good coverage and specific flows are being targeted",2022-03-01T00:00:00Z,
"samplingImpractical","onshore protocols only","sampling not required when only onshore protocols are scheduled",2012-01-01T00:00:00Z,
"samplingImpractical","night fishing","sampling not required when night fishing",2012-01-01T00:00:00Z,
"samplingImpractical","obstruction","sample not collected due to an obstruction in sampling area",2012-01-01T00:00:00Z,
"samplingImpractical","location vulnerable to planned sampling","location vulnerable to excessive technician impacts during planned sampling",2012-01-01T00:00:00Z,
"sex","M","M",2012-01-01T00:00:00Z,
"sex","F","F",2012-01-01T00:00:00Z,
"sex","U","Unknown",2012-01-01T00:00:00Z,
"Taxon Native Status","N","Native",2012-01-01T00:00:00Z,
"Taxon Native Status","NQ","Probably Native",2012-01-01T00:00:00Z,
"Taxon Native Status","NI","Native and Introduced - some infra-taxa are native and others are introduced",2012-01-01T00:00:00Z,
"Taxon Native Status","NIQ","Native and Probably Introduced - some infra-taxa are native and others are probably introduced",2012-01-01T00:00:00Z,
"Taxon Native Status","GP","Garden persistent - persists around gardens and old habitations, not naturalized",2012-01-01T00:00:00Z,
"Taxon Native Status","GPQ","Probably Garden persistent - persists around gardens and old habitations, not naturalized",2012-01-01T00:00:00Z,
"Taxon Native Status","I","Introduced",2012-01-01T00:00:00Z,
"Taxon Native Status","IQ","Probably Introduced",2012-01-01T00:00:00Z,
"Taxon Native Status","NQI","Probably Native and Introduced - some infra-taxa are probably native and others are introduced",2012-01-01T00:00:00Z,
"Taxon Native Status","W","Waif - an ephemeral introduction, not persistently naturalized",2012-01-01T00:00:00Z,
"Taxon Native Status","WQ","Probably a Waif - an ephemeral introduction, not persistently naturalized",2012-01-01T00:00:00Z,
"Taxon Native Status","UNK","Status Unknown",2012-01-01T00:00:00Z,
"Taxon Native Status","A","Presumed absent, due to lack of data indicating a taxon's presence in a given location",2012-01-01T00:00:00Z,
"Taxon Native Status","FEDERAL","Federally threatened or endangered in at least one of the states within a domain",2012-01-01T00:00:00Z,
"Taxon Native Status","STATE","State-specific conservation status of concern in at least one of the states within a domain",2012-01-01T00:00:00Z,
