uid,nightuid,namedLocation,domainID,siteID,plotID,trapCoordinate,plotType,nlcdClass,decimalLatitude,decimalLongitude,geodeticDatum,coordinateUncertainty,elevation,elevationUncertainty,trapStatus,trapType,collectDate,endDate,tagID,individualCode,taxonID,scientificName,taxonRank,identificationQualifier,identificationReferences,identificationHistoryID,voucherUpdate,nativeStatusCode,sex,recapture,fate,replacedTag,lifeStage,testes,nipples,pregnancyStatus,vagina,hindfootLength,earLength,tailLength,totalLength,weight,larvalTicksAttached,nymphalTicksAttached,adultTicksAttached,tickNumber,additionalParasites,frozenSamplePrepMethod,bloodSampleID,bloodSampleBarcode,bloodSampleMethod,fecalSampleID,fecalSampleBarcode,fecalSampleCondition,earSampleID,earSampleBarcode,hairSampleID,hairSampleBarcode,hairSampleContents,voucherSampleID,voucherSampleBarcode,measuredBy,recordedBy,remarks,dataQF,dataEntryRecordID
"3d189937-7faa-4528-b8b4-433b785f9e1f","fbe77222-23b7-4bd9-880e-4c61e66f9a48","STEI_012.mammalGrid.mam","D05","STEI","STEI_012","E7","distributed","deciduousForest",45.784603,-90.048055,"WGS84",45.4,518.9,0.4,"5 - capture","ShermanLF","2022-09-22","2022-09-22","NEON.MAM.D05.R8046",,"PELE","Peromyscus leucopus","species",,,,,"N","F","Y","processed",,"adult",,"enlarged","pregnant","not plugged",20,16,,,31,"N","N","N",,,,"STEI.20220922.R8046.B","D00000170796","mandibular - QNS",,,,,,,,,,,"0000-0002-5484-7763","0000-0001-8860-6856",,,"85e8cc3d-90f4-46fa-8f7f-04f57d7795fa"
"1ad891d3-ec4f-4820-af67-afa2260cda48","fbe77222-23b7-4bd9-880e-4c61e66f9a48","STEI_012.mammalGrid.mam","D05","STEI","STEI_012","C4","distributed","deciduousForest",45.784603,-90.048055,"WGS84",45.4,518.9,0.4,"6 - trap set and empty","ShermanLF","2022-09-22","2022-09-22",,,,,,,,,,,,,,,,,,,,,,,,,,,,,,,,,,,,,,,,,,,,"0000-0002-5484-7763","0000-0001-8860-6856",,,"45a86d11-2c26-4e6d-92d7-8a8bc74c2566"
"34de84a1-f1d6-48d2-9760-87196ebf2738","fbe77222-23b7-4bd9-880e-4c61e66f9a48","STEI_012.mammalGrid.mam","D05","STEI","STEI_012","H9","distributed","deciduousForest",45.784603,-90.048055,"WGS84",45.4,518.9,0.4,"5 - capture","ShermanLF","2022-09-22","2022-09-22","NEON.MAM.D05.R8506",,"PEMA","Peromyscus maniculatus","species",,,,,"N","M","N","processed",,"adult","nonscrotal",,,,21,18,,,18,"N","N","N",,,,"STEI.20220922.R8506.B","D00000170483","mandibular",,,,,,,,,,,"0000-0002-5484-7763","0000-0001-8860-6856",,,"baaa6c01-3806-4228-85f7-01c9efdd971b"
"5f02c3d7-4eb9-4d8b-9f0d-fd5b5eef4fec","fbe77222-23b7-4bd9-880e-4c61e66f9a48","STEI_012.mammalGrid.mam","D05","STEI","STEI_012","C9","distributed","deciduousForest",45.784603,-90.048055,"WGS84",45.4,518.9,0.4,"6 - trap set and empty","ShermanLF","2022-09-22","2022-09-22",,,,,,,,,,,,,,,,,,,,,,,,,,,,,,,,,,,,,,,,,,,,"0000-0002-5484-7763","0000-0001-8860-6856",,,"00bb9633-a9cd-42d1-9066-31f767cc2a91"
"b6954537-8c17-4560-a518-aa1cc85a99e0","fbe77222-23b7-4bd9-880e-4c61e66f9a48","STEI_012.mammalGrid.mam","D05","STEI","STEI_012","C5","distributed","deciduousForest",45.784603,-90.048055,"WGS84",45.4,518.9,0.4,"2 - trap disturbed/door closed but empty","ShermanLF","2022-09-22","2022-09-22",,,,,,,,,,,,,,,,,,,,,,,,,,,,,,,,,,,,,,,,,,,,"0000-0002-5484-7763","0000-0001-8860-6856",,,"3a56fb8f-6f25-488d-801e-ad2ebd20f5a5"
"0bd78daa-1f2f-4e89-8370-78a54a9f4c0d","fbe77222-23b7-4bd9-880e-4c61e66f9a48","STEI_012.mammalGrid.mam","D05","STEI","STEI_012","B10","distributed","deciduousForest",45.784603,-90.048055,"WGS84",45.4,518.9,0.4,"5 - capture","ShermanLF","2022-09-22","2022-09-22","NEON.MAM.D05.R8020",,"PEMA","Peromyscus maniculatus","species",,,,,"N","M","Y","processed",,"adult","nonscrotal",,,,20,18,,,20,"N","N","N",,,,"STEI.20220922.R8020.B","D00000170842","mandibular - QNS",,,,,,,,,,,"0000-0002-5484-7763","0000-0001-8860-6856",,,"b58299c2-802c-49e8-b8ce-e75dd481909b"
"a0d9ce8b-a903-4fa5-b195-01793673bd25","fbe77222-23b7-4bd9-880e-4c61e66f9a48","STEI_012.mammalGrid.mam","D05","STEI","STEI_012","C2","distributed","deciduousForest",45.784603,-90.048055,"WGS84",45.4,518.9,0.4,"5 - capture","ShermanLF","2022-09-22","2022-09-22","NEON.MAM.D05.R8284",,"PELE","Peromyscus leucopus","species",,,,,"N","M","Y","processed",,"adult","nonscrotal",,,,20,16,,,24,"N","N","N",,,,,,"unsuccessful",,,,,,,,,,,"0000-0002-5484-7763","0000-0001-8860-6856",,,"0389ec17-7cbe-47e8-b8ec-240229b35011"
"dda26591-be75-41f0-b7bb-a31bc034b1c7","fbe77222-23b7-4bd9-880e-4c61e66f9a48","STEI_012.mammalGrid.mam","D05","STEI","STEI_012","J7","distributed","deciduousForest",45.784603,-90.048055,"WGS84",45.4,518.9,0.4,"5 - capture","ShermanLF","2022-09-22","2022-09-22","NEON.MAM.D05.R8160",,"PEMA","Peromyscus maniculatus","species",,,,,"N","F","Y","processed",,"adult",,"nonenlarged","not","not plugged",20,18,,,16,"N","N","N",,,,,,,,,,,,,,,,,"0000-0002-5484-7763","0000-0001-8860-6856",,,"7d204304-b0df-495d-86d2-8844ea4918c7"
"ef4dfc0d-82a6-4245-b624-5431f66ee1b2","fbe77222-23b7-4bd9-880e-4c61e66f9a48","STEI_012.mammalGrid.mam","D05","STEI","STEI_012","E6","distributed","deciduousForest",45.784603,-90.048055,"WGS84",45.4,518.9,0.4,"5 - capture","ShermanLF","2022-09-22","2022-09-22","NEON.MAM.D05.R8477",,"PELE","Peromyscus leucopus","species",,,,,"N","M","N","processed",,"adult","nonscrotal",,,,20,14,,,21,"N","N","N",,,,"STEI.20220922.R8477.B","D00000170866","mandibular",,,,,,,,,,,"0000-0002-5484-7763","0000-0001-8860-6856",,,"d1f34ca3-9aad-4134-a267-f6ef892b5b85"
"fb8aef4d-e524-427c-b9ba-a1d2e7402ff6","fbe77222-23b7-4bd9-880e-4c61e66f9a48","STEI_012.mammalGrid.mam","D05","STEI","STEI_012","C10","distributed","deciduousForest",45.784603,-90.048055,"WGS84",45.4,518.9,0.4,"5 - capture","ShermanLF","2022-09-22","2022-09-22","NEON.MAM.D05.R8471",,"PELE","Peromyscus leucopus","species",,,,,"N","M","N","processed",,"adult","scrotal",,,,20,15,,,22,"N","Y","N","1-5",,,"STEI.20220922.R8471.B","D00000170799","mandibular",,,,,,,,,,,"0000-0002-5484-7763","0000-0001-8860-6856",,,"3be36f55-0027-4b03-af20-1fb552df038b"
"07137379-157b-4e13-bb8a-9fad3b039957","fbe77222-23b7-4bd9-880e-4c61e66f9a48","STEI_012.mammalGrid.mam","D05","STEI","STEI_012","D7","distributed","deciduousForest",45.784603,-90.048055,"WGS84",45.4,518.9,0.4,"5 - capture","ShermanLF","2022-09-22","2022-09-22","NEON.MAM.D05.O012D720220922",,"PELE","Peromyscus leucopus","species","cf. genus",,,,"N","F","N","processed",,"adult",,"nonenlarged","not","not plugged",20,16,,,18,"N","N","N",,,,"STEI.20220922.O012D720220922.B","D00000170795","mandibular",,,,,,,,,,,"0000-0002-5484-7763","0000-0001-8860-6856","In Oct. 2024 the tagID was changed from NEON.MAM.D05.R8472 to NEON.MAM.D05.O012D720220922. The old tagId was recorded at multiple sites and this one was a transcription error.",,"13fee7c6-0666-4633-8662-3b898c29029d"
"b8c8ce5b-a680-4901-b579-be75c7c94d86","fbe77222-23b7-4bd9-880e-4c61e66f9a48","STEI_012.mammalGrid.mam","D05","STEI","STEI_012","J4","distributed","deciduousForest",45.784603,-90.048055,"WGS84",45.4,518.9,0.4,"5 - capture","ShermanLF","2022-09-22","2022-09-22","NEON.MAM.D05.R8136",,"PELE","Peromyscus leucopus","species",,,,,"N","F","Y","processed",,"adult",,"nonenlarged","not","not plugged",20,16,,,22,"N","N","N",,,,,,,,,,,,,,,,,"0000-0002-5484-7763","0000-0001-8860-6856","Fleas",,"c9ffd8e1-eff9-4b19-8a19-a4660b4f63d1"
"23908335-b332-4747-8ebc-118561ea2f87","fbe77222-23b7-4bd9-880e-4c61e66f9a48","STEI_012.mammalGrid.mam","D05","STEI","STEI_012","A7","distributed","deciduousForest",45.784603,-90.048055,"WGS84",45.4,518.9,0.4,"5 - capture","ShermanLF","2022-09-22","2022-09-22","NEON.MAM.D05.R8028",,"PEMA","Peromyscus maniculatus","species",,,,,"N","M","Y","processed",,"adult","nonscrotal",,,,21,18,,,21,"N","N","N",,,,"STEI.20220922.R8028.B","D00000170803","mandibular",,,,,,,,,,,"0000-0002-5484-7763","0000-0001-8860-6856",,,"2d01789e-a8d0-49e0-8e0a-49e90a90b5db"
"5c040f44-4dbf-4251-b857-4b81acc49ca0","fbe77222-23b7-4bd9-880e-4c61e66f9a48","STEI_012.mammalGrid.mam","D05","STEI","STEI_012","G8","distributed","deciduousForest",45.784603,-90.048055,"WGS84",45.4,518.9,0.4,"3 - trap door open or closed w/ spoor left","ShermanLF","2022-09-22","2022-09-22",,,,,,,,,,,,,,,,,,,,,,,,,,,,,,,,,,,,,,,,,,,,"0000-0002-5484-7763","0000-0001-8860-6856",,,"1e541dd0-a4ad-44b3-944c-3fc29262e58b"
"28e02018-7276-478d-88d3-36b213076b25","fbe77222-23b7-4bd9-880e-4c61e66f9a48","STEI_012.mammalGrid.mam","D05","STEI","STEI_012","A10","distributed","deciduousForest",45.784603,-90.048055,"WGS84",45.4,518.9,0.4,"5 - capture","ShermanLF","2022-09-22","2022-09-22","NEON.MAM.D05.R7910",,"PEMA","Peromyscus maniculatus","species",,,,,"N","M","Y","processed",,"adult","nonscrotal",,,,21,20,,,21,"N","N","N",,,,"STEI.20220922.R7910.B","D00000170802","mandibular - QNS",,,,,,,,,,,"0000-0002-5484-7763","0000-0001-8860-6856",,,"a609249d-c282-47e6-b301-e50394a7ef4b"
"64dc94e6-8533-40ba-aa08-bad346a76763","fbe77222-23b7-4bd9-880e-4c61e66f9a48","STEI_012.mammalGrid.mam","D05","STEI","STEI_012","B5","distributed","deciduousForest",45.784603,-90.048055,"WGS84",45.4,518.9,0.4,"2 - trap disturbed/door closed but empty","ShermanLF","2022-09-22","2022-09-22",,,,,,,,,,,,,,,,,,,,,,,,,,,,,,,,,,,,,,,,,,,,"0000-0002-5484-7763","0000-0001-8860-6856",,,"8bb0f95b-db2f-4bef-8670-5a7ca66dd6b2"
"60c1c92e-a2be-46b3-a36e-670dc3e3a699","fbe77222-23b7-4bd9-880e-4c61e66f9a48","STEI_012.mammalGrid.mam","D05","STEI","STEI_012","I6","distributed","deciduousForest",45.784603,-90.048055,"WGS84",45.4,518.9,0.4,"3 - trap door open or closed w/ spoor left","ShermanLF","2022-09-22","2022-09-22",,,,,,,,,,,,,,,,,,,,,,,,,,,,,,,,,,,,,,,,,,,,"0000-0002-5484-7763","0000-0001-8860-6856",,,"128e9e1e-7968-4d50-94e3-7aed6142ad85"
"cb3b7d68-c446-4b77-8814-cbc8914fbad7","fbe77222-23b7-4bd9-880e-4c61e66f9a48","STEI_012.mammalGrid.mam","D05","STEI","STEI_012","J3","distributed","deciduousForest",45.784603,-90.048055,"WGS84",45.4,518.9,0.4,"5 - capture","ShermanLF","2022-09-22","2022-09-22","NEON.MAM.D05.R8474",,"PEMA","Peromyscus maniculatus","species",,,,,"N","M","N","processed",,"adult","nonscrotal",,,,20,18,,,17,"Y","N","N","1-5",,,"STEI.20220922.R8474.B","D00000170701","mandibular - QNS",,,,,,,,,,,"0000-0002-5484-7763","0000-0001-8860-6856",,,"d2691249-e8e6-4177-859c-38d8e543a103"
"94ce7cb6-d094-4be5-b2c5-3b6a4cb0558a","fbe77222-23b7-4bd9-880e-4c61e66f9a48","STEI_012.mammalGrid.mam","D05","STEI","STEI_012","H4","distributed","deciduousForest",45.784603,-90.048055,"WGS84",45.4,518.9,0.4,"3 - trap door open or closed w/ spoor left","ShermanLF","2022-09-22","2022-09-22",,,,,,,,,,,,,,,,,,,,,,,,,,,,,,,,,,,,,,,,,,,,"0000-0002-5484-7763","0000-0001-8860-6856",,,"1c7eb1e3-44d9-4113-9f07-af903e6df3ac"
"08d62ac5-3a85-467e-a4ac-3b84fb016298","fbe77222-23b7-4bd9-880e-4c61e66f9a48","STEI_012.mammalGrid.mam","D05","STEI","STEI_012","J9","distributed","deciduousForest",45.784603,-90.048055,"WGS84",45.4,518.9,0.4,"5 - capture","ShermanLF","2022-09-22","2022-09-22","NEON.MAM.D05.R8122",,"PEMA","Peromyscus maniculatus","species","cf. species",,,,"N","F","Y","processed",,"adult",,"nonenlarged","not","not plugged",20,17,,,20,"N","N","N",,,,"STEI.20220922.R8122.B","D00000170494","mandibular",,,,,,,,,,,"0000-0002-5484-7763","0000-0001-8860-6856",,,"3824359f-6624-411a-a324-fc1d76fc6683"
"d4d29fa4-035b-4cdf-aec6-73b7f3eb6a2a","fbe77222-23b7-4bd9-880e-4c61e66f9a48","STEI_012.mammalGrid.mam","D05","STEI","STEI_012","B4","distributed","deciduousForest",45.784603,-90.048055,"WGS84",45.4,518.9,0.4,"5 - capture","ShermanLF","2022-09-22","2022-09-22","NEON.MAM.D05.R8255",,"PELE","Peromyscus leucopus","species",,,,,"N","F","Y","processed",,"adult",,"nonenlarged","not","not plugged",20,16,,,21,"N","N","N",,,,"STEI.20220922.R8255.B","D00000170815","mandibular - QNS",,,,,,,,,,,"0000-0002-5484-7763","0000-0001-8860-6856",,,"dfeccc18-28fe-443c-a348-aab6b3e58d67"
"d420baa0-d38c-4160-886a-de1248b1ee3d","fbe77222-23b7-4bd9-880e-4c61e66f9a48","STEI_012.mammalGrid.mam","D05","STEI","STEI_012","C8","distributed","deciduousForest",45.784603,-90.048055,"WGS84",45.4,518.9,0.4,"5 - capture","ShermanLF","2022-09-22","2022-09-22","NEON.MAM.D05.R8037",,"PEMA","Peromyscus maniculatus","species","cf. species",,,,"N","F","Y","processed",,"adult",,"nonenlarged","not","not plugged",21,17,,,17,"N","N","N",,,,"STEI.20220922.R8037.B","D00000170498","mandibular",,,,,,,,,,,"0000-0002-5484-7763","0000-0001-8860-6856","TaxonID confirmed due to evidence from voucher review or genetic testing of tissue from individual with this tagID on different capture date. Sex confirmed after voucher review from individual with this tagID on different capture date.",,"f7387b8e-992a-4996-beb4-410d206a004d"
"1fd03d2c-c7f5-4650-a41c-1a6393017446","fbe77222-23b7-4bd9-880e-4c61e66f9a48","STEI_012.mammalGrid.mam","D05","STEI","STEI_012","D9","distributed","deciduousForest",45.784603,-90.048055,"WGS84",45.4,518.9,0.4,"3 - trap door open or closed w/ spoor left","ShermanLF","2022-09-22","2022-09-22",,,,,,,,,,,,,,,,,,,,,,,,,,,,,,,,,,,,,,,,,,,,"0000-0002-5484-7763","0000-0001-8860-6856",,,"431d2406-64f0-4a75-92f0-860f084d1998"
"e0eca999-a434-47c0-8f56-cd33dbb018d5","fbe77222-23b7-4bd9-880e-4c61e66f9a48","STEI_012.mammalGrid.mam","D05","STEI","STEI_012","D4","distributed","deciduousForest",45.784603,-90.048055,"WGS84",45.4,518.9,0.4,"3 - trap door open or closed w/ spoor left","ShermanLF","2022-09-22","2022-09-22",,,,,,,,,,,,,,,,,,,,,,,,,,,,,,,,,,,,,,,,,,,,"0000-0002-5484-7763","0000-0001-8860-6856",,,"8631433e-f5a5-40c6-bd5f-7e2d4d93077c"
"0d67dd6a-925f-4883-aac4-931aaff6f3b5","fbe77222-23b7-4bd9-880e-4c61e66f9a48","STEI_012.mammalGrid.mam","D05","STEI","STEI_012","I1","distributed","deciduousForest",45.784603,-90.048055,"WGS84",45.4,518.9,0.4,"3 - trap door open or closed w/ spoor left","ShermanLF","2022-09-22","2022-09-22",,,,,,,,,,,,,,,,,,,,,,,,,,,,,,,,,,,,,,,,,,,,"0000-0002-5484-7763","0000-0001-8860-6856",,,"75ccc0fb-5a7d-46c1-8f48-c398e6c1421c"
"850db1ae-e997-41de-b826-a43af8ee88cc","fbe77222-23b7-4bd9-880e-4c61e66f9a48","STEI_012.mammalGrid.mam","D05","STEI","STEI_012","A4","distributed","deciduousForest",45.784603,-90.048055,"WGS84",45.4,518.9,0.4,"3 - trap door open or closed w/ spoor left","ShermanLF","2022-09-22","2022-09-22",,,,,,,,,,,,,,,,,,,,,,,,,,,,,,,,,,,,,,,,,,,,"0000-0002-5484-7763","0000-0001-8860-6856",,,"37e68295-76e5-43f9-a11a-0f47614234e5"
"55d4e855-fbad-4a82-85dc-93862ca2fc15","fbe77222-23b7-4bd9-880e-4c61e66f9a48","STEI_012.mammalGrid.mam","D05","STEI","STEI_012","J1","distributed","deciduousForest",45.784603,-90.048055,"WGS84",45.4,518.9,0.4,"5 - capture","ShermanLF","2022-09-22","2022-09-22","NEON.MAM.D05.R8518",,"PEMA","Peromyscus maniculatus","species",,,,,"N","F","N","processed",,"adult",,"nonenlarged","not","not plugged",20,19,,,15,"N","N","N",,,,"STEI.20220922.R8518.B","D00000170801","mandibular - QNS",,,,,,,,,,,"0000-0002-5484-7763","0000-0001-8860-6856",,,"f8d24e40-1d54-46ee-a278-b423c4ea6f06"
"d4cf4aa2-4994-4ad3-92de-7bd42dd0e877","fbe77222-23b7-4bd9-880e-4c61e66f9a48","STEI_012.mammalGrid.mam","D05","STEI","STEI_012","D3","distributed","deciduousForest",45.784603,-90.048055,"WGS84",45.4,518.9,0.4,"6 - trap set and empty","ShermanLF","2022-09-22","2022-09-22",,,,,,,,,,,,,,,,,,,,,,,,,,,,,,,,,,,,,,,,,,,,"0000-0002-5484-7763","0000-0001-8860-6856",,,"04e5c462-47dd-4c66-a3b4-2b9061544c21"
"09309068-da8e-4b3e-bec7-e11e0b010439","fbe77222-23b7-4bd9-880e-4c61e66f9a48","STEI_012.mammalGrid.mam","D05","STEI","STEI_012","C7","distributed","deciduousForest",45.784603,-90.048055,"WGS84",45.4,518.9,0.4,"3 - trap door open or closed w/ spoor left","ShermanLF","2022-09-22","2022-09-22",,,,,,,,,,,,,,,,,,,,,,,,,,,,,,,,,,,,,,,,,,,,"0000-0002-5484-7763","0000-0001-8860-6856",,,"d0858455-edb8-41bd-a3c8-f37bfb812c3c"
"8684ba80-16e6-495f-8b29-1f523dad72f0","fbe77222-23b7-4bd9-880e-4c61e66f9a48","STEI_012.mammalGrid.mam","D05","STEI","STEI_012","B1","distributed","deciduousForest",45.784603,-90.048055,"WGS84",45.4,518.9,0.4,"5 - capture","ShermanLF","2022-09-22","2022-09-22","NEON.MAM.D05.R8482",,"PELE","Peromyscus leucopus","species",,,,,"N","M","N","processed",,"adult","nonscrotal",,,,20,14,,,16,"Y","N","N","1-5",,,"STEI.20220922.R8482.B","D00000170792","mandibular",,,,,,,,,,,"0000-0002-5484-7763","0000-0001-8860-6856",,,"04b8dbb1-1434-4b05-9870-17c59ffe66ad"
"6f50cf1b-e594-415d-8886-88e4903c46ef","fbe77222-23b7-4bd9-880e-4c61e66f9a48","STEI_012.mammalGrid.mam","D05","STEI","STEI_012","G10","distributed","deciduousForest",45.784603,-90.048055,"WGS84",45.4,518.9,0.4,"5 - capture","ShermanLF","2022-09-22","2022-09-22","NEON.MAM.D05.R8101",,"PEMA","Peromyscus maniculatus","species",,,,,"N","M","Y","processed",,"adult","nonscrotal",,,,20,18,,,21,"N","N","N",,,,,,,,,,,,,,,,,"0000-0002-5484-7763","0000-0001-8860-6856",,,"75789283-17ba-48b4-b894-229255490748"
"6259a4ac-1a7f-49b4-89d8-e842888f1e9b","fbe77222-23b7-4bd9-880e-4c61e66f9a48","STEI_012.mammalGrid.mam","D05","STEI","STEI_012","D1","distributed","deciduousForest",45.784603,-90.048055,"WGS84",45.4,518.9,0.4,"5 - capture","ShermanLF","2022-09-22","2022-09-22","NEON.MAM.D05.R8480",,"PELE","Peromyscus leucopus","species",,,,,"N","F","N","processed",,"adult",,"enlarged","unknown","plugged",20,15,,,22,"N","N","N",,,,"STEI.20220922.R8480.B","D00000170793","mandibular",,,,,,,,,,,"0000-0002-5484-7763","0000-0001-8860-6856",,,"f6a42a83-a4bf-4582-ab72-039b9c690640"
"169e85dd-d212-4191-bf31-29e2e8d71dd8","fbe77222-23b7-4bd9-880e-4c61e66f9a48","STEI_012.mammalGrid.mam","D05","STEI","STEI_012","G1","distributed","deciduousForest",45.784603,-90.048055,"WGS84",45.4,518.9,0.4,"3 - trap door open or closed w/ spoor left","ShermanLF","2022-09-22","2022-09-22",,,,,,,,,,,,,,,,,,,,,,,,,,,,,,,,,,,,,,,,,,,,"0000-0002-5484-7763","0000-0001-8860-6856",,,"a7d9f831-fa29-415b-9eb4-7e67ee3a06d9"
"9bd58678-b6a2-4660-9ffa-af4d9ceec459","fbe77222-23b7-4bd9-880e-4c61e66f9a48","STEI_012.mammalGrid.mam","D05","STEI","STEI_012","I10","distributed","deciduousForest",45.784603,-90.048055,"WGS84",45.4,518.9,0.4,"3 - trap door open or closed w/ spoor left","ShermanLF","2022-09-22","2022-09-22",,,,,,,,,,,,,,,,,,,,,,,,,,,,,,,,,,,,,,,,,,,,"0000-0002-5484-7763","0000-0001-8860-6856",,,"0595dcd0-29ab-400a-8b6a-03145ca66a2e"
"2d658e9a-da28-4133-a7d2-cc2ec8fe856b","fbe77222-23b7-4bd9-880e-4c61e66f9a48","STEI_012.mammalGrid.mam","D05","STEI","STEI_012","E5","distributed","deciduousForest",45.784603,-90.048055,"WGS84",45.4,518.9,0.4,"3 - trap door open or closed w/ spoor left","ShermanLF","2022-09-22","2022-09-22",,,,,,,,,,,,,,,,,,,,,,,,,,,,,,,,,,,,,,,,,,,,"0000-0002-5484-7763","0000-0001-8860-6856",,,"fd195533-76ef-4fcd-96f3-eb3c440cee5c"
"73797441-2f08-4aa9-ab2c-e257f00ce4c8","fbe77222-23b7-4bd9-880e-4c61e66f9a48","STEI_012.mammalGrid.mam","D05","STEI","STEI_012","D2","distributed","deciduousForest",45.784603,-90.048055,"WGS84",45.4,518.9,0.4,"6 - trap set and empty","ShermanLF","2022-09-22","2022-09-22",,,,,,,,,,,,,,,,,,,,,,,,,,,,,,,,,,,,,,,,,,,,"0000-0002-5484-7763","0000-0001-8860-6856",,,"8ad62a0f-f07f-4cb9-a04e-ef79991c9c3a"
"5feb1a8a-ed26-4e19-bd65-65d033d5126e","fbe77222-23b7-4bd9-880e-4c61e66f9a48","STEI_012.mammalGrid.mam","D05","STEI","STEI_012","H1","distributed","deciduousForest",45.784603,-90.048055,"WGS84",45.4,518.9,0.4,"6 - trap set and empty","ShermanLF","2022-09-22","2022-09-22",,,,,,,,,,,,,,,,,,,,,,,,,,,,,,,,,,,,,,,,,,,,"0000-0002-5484-7763","0000-0001-8860-6856",,,"c7728919-05b4-40ef-a4ec-32cb774c8ba3"
"28992624-a7de-4037-830f-ec299ed4b802","fbe77222-23b7-4bd9-880e-4c61e66f9a48","STEI_012.mammalGrid.mam","D05","STEI","STEI_012","A3","distributed","deciduousForest",45.784603,-90.048055,"WGS84",45.4,518.9,0.4,"5 - capture","ShermanLF","2022-09-22","2022-09-22","NEON.MAM.D05.R8281",,"PELE","Peromyscus leucopus","species","cf. species",,,,"N","M","Y","processed",,"adult","nonscrotal",,,,19,14,,,21,"N","N","N",,,,"STEI.20220922.R8281.B","D00000170808","mandibular",,,,,,,,,,,"0000-0002-5484-7763","0000-0001-8860-6856",,,"d49550f7-cda9-4b0c-9347-55694ceb2612"
"62a8756d-6a3a-4a1f-8e7c-fe8dfcef791e","fbe77222-23b7-4bd9-880e-4c61e66f9a48","STEI_012.mammalGrid.mam","D05","STEI","STEI_012","D8","distributed","deciduousForest",45.784603,-90.048055,"WGS84",45.4,518.9,0.4,"3 - trap door open or closed w/ spoor left","ShermanLF","2022-09-22","2022-09-22",,,,,,,,,,,,,,,,,,,,,,,,,,,,,,,,,,,,,,,,,,,,"0000-0002-5484-7763","0000-0001-8860-6856",,,"46a0930a-4dfd-45cb-a911-39825240a458"
"bb3380b5-5657-496f-b1ce-767382f6276c","fbe77222-23b7-4bd9-880e-4c61e66f9a48","STEI_012.mammalGrid.mam","D05","STEI","STEI_012","F7","distributed","deciduousForest",45.784603,-90.048055,"WGS84",45.4,518.9,0.4,"3 - trap door open or closed w/ spoor left","ShermanLF","2022-09-22","2022-09-22",,,,,,,,,,,,,,,,,,,,,,,,,,,,,,,,,,,,,,,,,,,,"0000-0002-5484-7763","0000-0001-8860-6856",,,"2d436b4a-cd6f-40ba-bae1-1a1572533454"
"0c2ac825-7966-46a2-94e9-39696ffbbdf6","fbe77222-23b7-4bd9-880e-4c61e66f9a48","STEI_012.mammalGrid.mam","D05","STEI","STEI_012","G2","distributed","deciduousForest",45.784603,-90.048055,"WGS84",45.4,518.9,0.4,"5 - capture","ShermanLF","2022-09-22","2022-09-22","NEON.MAM.D05.R8491",,"PEMA","Peromyscus maniculatus","species",,,,,"N","F","N","processed",,"adult",,"nonenlarged","not","not plugged",20,18,,,19,"N","N","N",,,,"STEI.20220922.R8491.B","D00000170699","mandibular",,,,,,,,,,,"0000-0002-5484-7763","0000-0001-8860-6856",,,"dd663b65-5af4-4969-abfb-07a540e64b9e"
"fa67a96d-937e-4736-a170-2791705fc90f","fbe77222-23b7-4bd9-880e-4c61e66f9a48","STEI_012.mammalGrid.mam","D05","STEI","STEI_012","H5","distributed","deciduousForest",45.784603,-90.048055,"WGS84",45.4,518.9,0.4,"5 - capture","ShermanLF","2022-09-22","2022-09-22","NEON.MAM.D05.R8410",,"MYGA","Myodes gapperi","species",,,,,"N","F","N","processed",,"adult",,"nonenlarged","not","not plugged",18,,,,17,"N","N","N",,,,"STEI.20220922.R8410.B","D00000170490","mandibular - QNS",,,,,,,,,,,"0000-0002-5484-7763","0000-0001-8860-6856",,,"b68e46cc-c24b-4256-9073-ebb0040564cc"
"9ea10b12-a1e7-43a7-a79c-4c9925a978da","fbe77222-23b7-4bd9-880e-4c61e66f9a48","STEI_012.mammalGrid.mam","D05","STEI","STEI_012","F9","distributed","deciduousForest",45.784603,-90.048055,"WGS84",45.4,518.9,0.4,"5 - capture","ShermanLF","2022-09-22","2022-09-22","NEON.MAM.D05.R8470",,"PEMA","Peromyscus maniculatus","species",,,,,"N","M","N","processed",,"adult","nonscrotal",,,,20,18,,,18,"N","N","N",,,,"STEI.20220922.R8470.B","D00000170491","mandibular",,,,,,,,,,,"0000-0002-5484-7763","0000-0001-8860-6856",,,"79a289e3-a544-4f41-a332-91ff6ba3ffc8"
"a45e942e-cc2e-498c-ad08-c84241cf303d","fbe77222-23b7-4bd9-880e-4c61e66f9a48","STEI_012.mammalGrid.mam","D05","STEI","STEI_012","D5","distributed","deciduousForest",45.784603,-90.048055,"WGS84",45.4,518.9,0.4,"5 - capture","ShermanLF","2022-09-22","2022-09-22","NEON.MAM.D05.R8484",,"PELE","Peromyscus leucopus","species",,,,,"N","F","N","processed",,"adult",,"nonenlarged","not","not plugged",20,16,,,18,"N","N","N",,,,"STEI.20220922.R8484.B","D00000170725","mandibular",,,,,,,,,,,"0000-0002-5484-7763","0000-0001-8860-6856",,,"87c34038-a1af-4e55-be2b-962d1ed18618"
"8073dd42-fdec-417d-b4d9-b5037829601f","fbe77222-23b7-4bd9-880e-4c61e66f9a48","STEI_012.mammalGrid.mam","D05","STEI","STEI_012","J6","distributed","deciduousForest",45.784603,-90.048055,"WGS84",45.4,518.9,0.4,"3 - trap door open or closed w/ spoor left","ShermanLF","2022-09-22","2022-09-22",,,,,,,,,,,,,,,,,,,,,,,,,,,,,,,,,,,,,,,,,,,,"0000-0002-5484-7763","0000-0001-8860-6856",,,"507e9477-c96d-4bb7-8d6c-0a6bd53cb6b2"
"956e9f44-4dfb-490d-87c6-334147545b5f","fbe77222-23b7-4bd9-880e-4c61e66f9a48","STEI_012.mammalGrid.mam","D05","STEI","STEI_012","F1","distributed","deciduousForest",45.784603,-90.048055,"WGS84",45.4,518.9,0.4,"5 - capture","ShermanLF","2022-09-22","2022-09-22","NEON.MAM.D05.R8490",,"PELE","Peromyscus leucopus","species",,,,,"N","M","N","processed",,"adult","nonscrotal",,,,21,16,,,21,"N","N","N",,,,"STEI.20220922.R8490.B","D00000170477","mandibular - QNS",,,,,,,,,,,"0000-0002-5484-7763","0000-0001-8860-6856",,,"f418f961-b729-46a6-8459-e757c7fe342b"
"7449f57b-c66d-40f9-a99d-2782d3d21f80","fbe77222-23b7-4bd9-880e-4c61e66f9a48","STEI_012.mammalGrid.mam","D05","STEI","STEI_012","J8","distributed","deciduousForest",45.784603,-90.048055,"WGS84",45.4,518.9,0.4,"5 - capture","ShermanLF","2022-09-22","2022-09-22","NEON.MAM.D05.R8017",,"PEMA","Peromyscus maniculatus","species",,,,,"N","F","Y","processed",,"adult",,"nonenlarged","not","not plugged",20,18,,,16,"N","N","N",,,,,,,,,,,,,,,,,"0000-0002-5484-7763","0000-0001-8860-6856",,,"2197d031-762c-481f-a6e9-e46275162a8e"
"252a9d6c-51c4-4487-b5e5-2f12525e7716","fbe77222-23b7-4bd9-880e-4c61e66f9a48","STEI_012.mammalGrid.mam","D05","STEI","STEI_012","A2","distributed","deciduousForest",45.784603,-90.048055,"WGS84",45.4,518.9,0.4,"5 - capture","ShermanLF","2022-09-22","2022-09-22","NEON.MAM.D05.R8047",,"PELE","Peromyscus leucopus","species",,,,,"N","F","Y","processed",,"adult",,"nonenlarged","not","not plugged",20,16,,,27,"N","N","N",,,,"STEI.20220922.R8047.B","D00000170790","mandibular",,,,,,,,,,,"0000-0002-5484-7763","0000-0001-8860-6856",,,"a36e2331-6258-414b-82e4-e852684e5950"
"1234d62e-4f42-41d5-a9d4-2ff4f6ed4079","fbe77222-23b7-4bd9-880e-4c61e66f9a48","STEI_012.mammalGrid.mam","D05","STEI","STEI_012","F10","distributed","deciduousForest",45.784603,-90.048055,"WGS84",45.4,518.9,0.4,"5 - capture","ShermanLF","2022-09-22","2022-09-22","NEON.MAM.D05.R8264",,"PEMA","Peromyscus maniculatus","species",,,,,"N","M","Y","processed",,"adult","nonscrotal",,,,20,18,,,18,"N","N","N",,,,,,,,,,,,,,,,,"0000-0002-5484-7763","0000-0001-8860-6856",,,"eb1bbe20-dce3-4546-bb1f-77f7b39946ed"
"41a53348-b59d-440a-980f-345d1eb64537","fbe77222-23b7-4bd9-880e-4c61e66f9a48","STEI_012.mammalGrid.mam","D05","STEI","STEI_012","H8","distributed","deciduousForest",45.784603,-90.048055,"WGS84",45.4,518.9,0.4,"5 - capture","ShermanLF","2022-09-22","2022-09-22","NEON.MAM.D05.R8569",,"PELE","Peromyscus leucopus","species",,,,,"N","M","N","processed",,"adult","nonscrotal",,,,20,16,,,20,"N","N","N",,,,"STEI.20220922.R8569.B","D00000170486","mandibular",,,,,,,,,,,"0000-0002-5484-7763","0000-0001-8860-6856","Fleas",,"293ad960-289c-4abf-94bc-cb679e2cf1b3"
"f27e65a9-1603-4345-ae2d-b4d1ecb825e7","fbe77222-23b7-4bd9-880e-4c61e66f9a48","STEI_012.mammalGrid.mam","D05","STEI","STEI_012","H2","distributed","deciduousForest",45.784603,-90.048055,"WGS84",45.4,518.9,0.4,"5 - capture","ShermanLF","2022-09-22","2022-09-22","NEON.MAM.D05.R8358",,"PELE","Peromyscus leucopus","species",,,,,"N","F","N","escaped",,"adult",,"nonenlarged","not","not plugged",20,15,,,,"N","N","N",,,,"STEI.20220922.R8358.B","D00000170729","mandibular",,,,,,,,,,,"0000-0002-5484-7763","0000-0001-8860-6856",,,"490a68cf-5303-4f80-9ed0-a5740c2399a5"
"53f97fd6-a818-4e54-a9f9-7f723f53df70","fbe77222-23b7-4bd9-880e-4c61e66f9a48","STEI_012.mammalGrid.mam","D05","STEI","STEI_012","I5","distributed","deciduousForest",45.784603,-90.048055,"WGS84",45.4,518.9,0.4,"5 - capture","ShermanLF","2022-09-22","2022-09-22","NEON.MAM.D05.R7799",,"PEMA","Peromyscus maniculatus","species","cf. species",,,,"N","F","Y","processed",,"adult",,"nonenlarged","not","not plugged",19,18,,,19,"N","N","N",,,,,,,,,,,,,,,,,"0000-0002-5484-7763","0000-0001-8860-6856",,,"712bc748-2383-4c35-8cc4-2e51f6cb163d"
"efdf2669-0786-4181-bf52-b8d769660b24","fbe77222-23b7-4bd9-880e-4c61e66f9a48","STEI_012.mammalGrid.mam","D05","STEI","STEI_012","C3","distributed","deciduousForest",45.784603,-90.048055,"WGS84",45.4,518.9,0.4,"3 - trap door open or closed w/ spoor left","ShermanLF","2022-09-22","2022-09-22",,,,,,,,,,,,,,,,,,,,,,,,,,,,,,,,,,,,,,,,,,,,"0000-0002-5484-7763","0000-0001-8860-6856",,,"1d018a29-e3c1-479b-b79b-60fbd431f520"
"f1921eea-d478-42b2-94d6-5a85d8c98735","fbe77222-23b7-4bd9-880e-4c61e66f9a48","STEI_012.mammalGrid.mam","D05","STEI","STEI_012","F4","distributed","deciduousForest",45.784603,-90.048055,"WGS84",45.4,518.9,0.4,"5 - capture","ShermanLF","2022-09-22","2022-09-22","NEON.MAM.D05.R8481",,"PELE","Peromyscus leucopus","species",,,,,"N","M","N","processed",,"adult","nonscrotal",,,,21,16,,,18,"N","Y","N","1-5",,,"STEI.20220922.R8481.B","D00000170496","mandibular",,,,,,,,,,,"0000-0002-5484-7763","0000-0001-8860-6856",,,"0fd67189-0cab-498d-8360-913dc517c4db"
"2e0c9ed0-df7a-4509-9501-b2acfc897a31","fbe77222-23b7-4bd9-880e-4c61e66f9a48","STEI_012.mammalGrid.mam","D05","STEI","STEI_012","F5","distributed","deciduousForest",45.784603,-90.048055,"WGS84",45.4,518.9,0.4,"3 - trap door open or closed w/ spoor left","ShermanLF","2022-09-22","2022-09-22",,,,,,,,,,,,,,,,,,,,,,,,,,,,,,,,,,,,,,,,,,,,"0000-0002-5484-7763","0000-0001-8860-6856",,,"4560b192-0739-4ef7-aa5f-58eb4ba428ef"
"4aeeb9c3-1d6c-4d30-9214-bf2a62d67287","fbe77222-23b7-4bd9-880e-4c61e66f9a48","STEI_012.mammalGrid.mam","D05","STEI","STEI_012","G5","distributed","deciduousForest",45.784603,-90.048055,"WGS84",45.4,518.9,0.4,"5 - capture","ShermanLF","2022-09-22","2022-09-22","NEON.MAM.D05.R8457",,"MYGA","Myodes gapperi","species",,,,,"N","M","N","processed",,"adult","nonscrotal",,,,18,,,,15,"N","N","N",,,,"STEI.20220922.R8457.B","D00000170822","mandibular - QNS",,,,,,,,,,,"0000-0002-5484-7763","0000-0001-8860-6856",,,"162f2b69-2442-4b86-a251-64a025b573ff"
"2cdce94c-be31-41ac-ac99-1e8c02f8ffeb","fbe77222-23b7-4bd9-880e-4c61e66f9a48","STEI_012.mammalGrid.mam","D05","STEI","STEI_012","J2","distributed","deciduousForest",45.784603,-90.048055,"WGS84",45.4,518.9,0.4,"5 - capture","ShermanLF","2022-09-22","2022-09-22","NEON.MAM.D05.R8514",,"PELE","Peromyscus leucopus","species",,,,,"N","F","N","processed",,"subadult",,"nonenlarged","not","not plugged",19,14,,,12,"N","N","N",,,,"STEI.20220922.R8514.B","D00000170492","mandibular",,,,,,,,,,,"0000-0002-5484-7763","0000-0001-8860-6856",,,"b0c6c0aa-e82d-4e6e-b080-b67255eaccb9"
"f28a789d-e459-4da6-b8f4-930735d3b2a8","fbe77222-23b7-4bd9-880e-4c61e66f9a48","STEI_012.mammalGrid.mam","D05","STEI","STEI_012","I8","distributed","deciduousForest",45.784603,-90.048055,"WGS84",45.4,518.9,0.4,"5 - capture","ShermanLF","2022-09-22","2022-09-22","NEON.MAM.D05.R8418",,"PELE","Peromyscus leucopus","species",,,,,"N","M","N","processed",,"subadult","nonscrotal",,,,20,14,,,15,"N","N","N",,,,"STEI.20220922.R8418.B","D00000170735","mandibular - QNS",,,,,,,,,,,"0000-0002-5484-7763","0000-0001-8860-6856","Fleas",,"d2395a17-8728-4e35-b3ff-c9b060694f8b"
"8859b066-f516-4bd6-98dd-abff4fad81c4","fbe77222-23b7-4bd9-880e-4c61e66f9a48","STEI_012.mammalGrid.mam","D05","STEI","STEI_012","E9","distributed","deciduousForest",45.784603,-90.048055,"WGS84",45.4,518.9,0.4,"5 - capture","ShermanLF","2022-09-22","2022-09-22","NEON.MAM.D05.R7562",,"PEMA","Peromyscus maniculatus","species",,,,,"N","M","Y","processed",,"adult","nonscrotal",,,,19,18,,,16,"N","N","N",,,,,,,,,,,,,,,,,"0000-0002-5484-7763","0000-0001-8860-6856",,,"3f223bcc-b813-47b1-a4e8-f540ce58466c"
"9cc958d2-4e1d-40a0-b988-cc41167208bc","fbe77222-23b7-4bd9-880e-4c61e66f9a48","STEI_012.mammalGrid.mam","D05","STEI","STEI_012","G9","distributed","deciduousForest",45.784603,-90.048055,"WGS84",45.4,518.9,0.4,"5 - capture","ShermanLF","2022-09-22","2022-09-22","NEON.MAM.D05.R7501",,"PEMA","Peromyscus maniculatus","species","cf. species",,,,"N","F","Y","processed",,"adult",,"nonenlarged","unknown","plugged",20,17,,,16,"N","Y","N","1-5",,,,,,,,,,,,,,,,"0000-0002-5484-7763","0000-0001-8860-6856",,,"970264ec-056b-4fda-b768-6b62e58054a2"
"15fe8dfc-983d-4630-a56f-a0acddb099d7","fbe77222-23b7-4bd9-880e-4c61e66f9a48","STEI_012.mammalGrid.mam","D05","STEI","STEI_012","A8","distributed","deciduousForest",45.784603,-90.048055,"WGS84",45.4,518.9,0.4,"2 - trap disturbed/door closed but empty","ShermanLF","2022-09-22","2022-09-22",,,,,,,,,,,,,,,,,,,,,,,,,,,,,,,,,,,,,,,,,,,,"0000-0002-5484-7763","0000-0001-8860-6856",,,"8970b356-3e1c-413a-9881-f806184fcb73"
"01fa031a-2987-4d82-b9e1-72f1cb1dc161","fbe77222-23b7-4bd9-880e-4c61e66f9a48","STEI_012.mammalGrid.mam","D05","STEI","STEI_012","F6","distributed","deciduousForest",45.784603,-90.048055,"WGS84",45.4,518.9,0.4,"3 - trap door open or closed w/ spoor left","ShermanLF","2022-09-22","2022-09-22",,,,,,,,,,,,,,,,,,,,,,,,,,,,,,,,,,,,,,,,,,,,"0000-0002-5484-7763","0000-0001-8860-6856",,,"b8e380f4-3eb8-4176-bba2-9cc783036efc"
"aafd3480-acc2-476d-b75b-f2a99361696a","fbe77222-23b7-4bd9-880e-4c61e66f9a48","STEI_012.mammalGrid.mam","D05","STEI","STEI_012","E2","distributed","deciduousForest",45.784603,-90.048055,"WGS84",45.4,518.9,0.4,"5 - capture","ShermanLF","2022-09-22","2022-09-22","NEON.MAM.D05.R8447",,"PELE","Peromyscus leucopus","species","cf. species",,,,"N","M","N","processed",,"adult","nonscrotal",,,,20,15,,,19,"N","N","N",,,,"STEI.20220922.R8447.B","D00000170852","mandibular",,,,,,,,,,,"0000-0002-5484-7763","0000-0001-8860-6856",,,"2f764cf0-e85f-4f09-94f1-df0d51ac0381"
"1c64c48d-21a0-40f3-9a5a-f0b72ccfea9f","fbe77222-23b7-4bd9-880e-4c61e66f9a48","STEI_012.mammalGrid.mam","D05","STEI","STEI_012","E8","distributed","deciduousForest",45.784603,-90.048055,"WGS84",45.4,518.9,0.4,"2 - trap disturbed/door closed but empty","ShermanLF","2022-09-22","2022-09-22",,,,,,,,,,,,,,,,,,,,,,,,,,,,,,,,,,,,,,,,,,,,"0000-0002-5484-7763","0000-0001-8860-6856",,,"2c7aa11c-9af5-4bf1-abe2-c70da89ba9ed"
"f89f40e0-668f-4f5b-9a96-979419240908","fbe77222-23b7-4bd9-880e-4c61e66f9a48","STEI_012.mammalGrid.mam","D05","STEI","STEI_012","A6","distributed","deciduousForest",45.784603,-90.048055,"WGS84",45.4,518.9,0.4,"5 - capture","ShermanLF","2022-09-22","2022-09-22","NEON.MAM.D05.R8475",,"PELE","Peromyscus leucopus","species","cf. species",,,,"N","F","N","processed",,"adult",,"nonenlarged","not","not plugged",20,16,,,19,"N","N","N",,,,"STEI.20220922.R8475.B","D00000170800","mandibular",,,,,,,,,,,"0000-0002-5484-7763","0000-0001-8860-6856",,,"a3127a44-acba-4419-a0d6-e464e60385a9"
"19c99605-d9ee-4f69-9433-50b3c86d717a","fbe77222-23b7-4bd9-880e-4c61e66f9a48","STEI_012.mammalGrid.mam","D05","STEI","STEI_012","B3","distributed","deciduousForest",45.784603,-90.048055,"WGS84",45.4,518.9,0.4,"2 - trap disturbed/door closed but empty","ShermanLF","2022-09-22","2022-09-22",,,,,,,,,,,,,,,,,,,,,,,,,,,,,,,,,,,,,,,,,,,,"0000-0002-5484-7763","0000-0001-8860-6856",,,"5d2113cf-dfb1-47b6-8791-5cd72a127583"
"1f1b914c-77ce-4e19-94a7-b7835f931a24","fbe77222-23b7-4bd9-880e-4c61e66f9a48","STEI_012.mammalGrid.mam","D05","STEI","STEI_012","H6","distributed","deciduousForest",45.784603,-90.048055,"WGS84",45.4,518.9,0.4,"3 - trap door open or closed w/ spoor left","ShermanLF","2022-09-22","2022-09-22",,,,,,,,,,,,,,,,,,,,,,,,,,,,,,,,,,,,,,,,,,,,"0000-0002-5484-7763","0000-0001-8860-6856",,,"aa5cbc73-7b9f-4fd1-b638-e6ac80988b20"
"f3dd8cd2-d0e0-4286-a017-b8d48ca14367","fbe77222-23b7-4bd9-880e-4c61e66f9a48","STEI_012.mammalGrid.mam","D05","STEI","STEI_012","E3","distributed","deciduousForest",45.784603,-90.048055,"WGS84",45.4,518.9,0.4,"3 - trap door open or closed w/ spoor left","ShermanLF","2022-09-22","2022-09-22",,,,,,,,,,,,,,,,,,,,,,,,,,,,,,,,,,,,,,,,,,,,"0000-0002-5484-7763","0000-0001-8860-6856",,,"d3619abf-4462-4caf-9141-2044028929b3"
"8aaaa6e4-9e67-45b6-b397-dae317a5e787","fbe77222-23b7-4bd9-880e-4c61e66f9a48","STEI_012.mammalGrid.mam","D05","STEI","STEI_012","B2","distributed","deciduousForest",45.784603,-90.048055,"WGS84",45.4,518.9,0.4,"6 - trap set and empty","ShermanLF","2022-09-22","2022-09-22",,,,,,,,,,,,,,,,,,,,,,,,,,,,,,,,,,,,,,,,,,,,"0000-0002-5484-7763","0000-0001-8860-6856",,,"f6df5c05-e056-4fb5-a429-59a28610e0c3"
"36f11315-9775-4bcd-a4b5-e11c5a9d1f7a","fbe77222-23b7-4bd9-880e-4c61e66f9a48","STEI_012.mammalGrid.mam","D05","STEI","STEI_012","A5","distributed","deciduousForest",45.784603,-90.048055,"WGS84",45.4,518.9,0.4,"3 - trap door open or closed w/ spoor left","ShermanLF","2022-09-22","2022-09-22",,,,,,,,,,,,,,,,,,,,,,,,,,,,,,,,,,,,,,,,,,,,"0000-0002-5484-7763","0000-0001-8860-6856",,,"5ddee21a-42ce-4ad1-9feb-9b347a57c315"
"237f4ae8-f706-4785-8cf2-47b29dfe14e4","fbe77222-23b7-4bd9-880e-4c61e66f9a48","STEI_012.mammalGrid.mam","D05","STEI","STEI_012","I3","distributed","deciduousForest",45.784603,-90.048055,"WGS84",45.4,518.9,0.4,"5 - capture","ShermanLF","2022-09-22","2022-09-22","NEON.MAM.D05.R8044",,"PEMA","Peromyscus maniculatus","species",,,,,"N","M","Y","processed",,"adult","nonscrotal",,,,21,18,,,19,"N","N","N",,,,,,,,,,,,,,,,,"0000-0002-5484-7763","0000-0001-8860-6856",,,"047cf821-4cc7-417d-846b-b4c312d8d405"
"54e46064-c7d2-4bb2-8d8b-de805bc7ab8e","fbe77222-23b7-4bd9-880e-4c61e66f9a48","STEI_012.mammalGrid.mam","D05","STEI","STEI_012","J5","distributed","deciduousForest",45.784603,-90.048055,"WGS84",45.4,518.9,0.4,"5 - capture","ShermanLF","2022-09-22","2022-09-22","NEON.MAM.D05.R8250",,"PEMA","Peromyscus maniculatus","species","cf. species",,,,"N","M","Y","processed",,"adult","nonscrotal",,,,20,17,,,20,"N","N","N",,,,,,,,,,,,,,,,,"0000-0002-5484-7763","0000-0001-8860-6856",,,"b5f482fe-ec03-4f84-8610-c8d0adba2305"
"8a545108-8cd2-4ff9-95e9-9cc545a2675b","fbe77222-23b7-4bd9-880e-4c61e66f9a48","STEI_012.mammalGrid.mam","D05","STEI","STEI_012","I7","distributed","deciduousForest",45.784603,-90.048055,"WGS84",45.4,518.9,0.4,"5 - capture","ShermanLF","2022-09-22","2022-09-22","NEON.MAM.D05.R8258",,"PEMA","Peromyscus maniculatus","species",,,,,"N","F","Y","processed",,"adult",,"nonenlarged","not","not plugged",21,20,,,17,"N","N","N",,,,,,,,,,,,,,,,,"0000-0002-5484-7763","0000-0001-8860-6856",,,"cf201435-b675-48ac-9c85-f59b9efa035c"
"bfaa4f6c-c728-42cb-a20f-aa6140ec61ad","fbe77222-23b7-4bd9-880e-4c61e66f9a48","STEI_012.mammalGrid.mam","D05","STEI","STEI_012","B6","distributed","deciduousForest",45.784603,-90.048055,"WGS84",45.4,518.9,0.4,"3 - trap door open or closed w/ spoor left","ShermanLF","2022-09-22","2022-09-22",,,,,,,,,,,,,,,,,,,,,,,,,,,,,,,,,,,,,,,,,,,,"0000-0002-5484-7763","0000-0001-8860-6856",,,"dfe7a255-1b0d-4939-a456-9703f110f88e"
"d58ccd55-27ff-49ce-91d6-a43d4bb1261e","fbe77222-23b7-4bd9-880e-4c61e66f9a48","STEI_012.mammalGrid.mam","D05","STEI","STEI_012","F8","distributed","deciduousForest",45.784603,-90.048055,"WGS84",45.4,518.9,0.4,"3 - trap door open or closed w/ spoor left","ShermanLF","2022-09-22","2022-09-22",,,,,,,,,,,,,,,,,,,,,,,,,,,,,,,,,,,,,,,,,,,,"0000-0002-5484-7763","0000-0001-8860-6856",,,"7ad9eef0-0a6a-42ed-ab2e-aedcdafe55e7"
"ff81406d-7a71-4bcf-bf4c-f876fc96c729","fbe77222-23b7-4bd9-880e-4c61e66f9a48","STEI_012.mammalGrid.mam","D05","STEI","STEI_012","A9","distributed","deciduousForest",45.784603,-90.048055,"WGS84",45.4,518.9,0.4,"5 - capture","ShermanLF","2022-09-22","2022-09-22","NEON.MAM.D05.R8473",,"PEMA","Peromyscus maniculatus","species",,,,,"N","F","N","processed",,"adult",,"nonenlarged","not","not plugged",19,18,,,17,"N","N","N",,,,"STEI.20220922.R8473.B","D00000170847","mandibular",,,,,,,,,,,"0000-0002-5484-7763","0000-0001-8860-6856",,,"7989d8ee-fdb5-431e-aaca-8137ef9634aa"
"79130fa0-a263-4368-90ee-980d4f58e796","fbe77222-23b7-4bd9-880e-4c61e66f9a48","STEI_012.mammalGrid.mam","D05","STEI","STEI_012","H7","distributed","deciduousForest",45.784603,-90.048055,"WGS84",45.4,518.9,0.4,"6 - trap set and empty","ShermanLF","2022-09-22","2022-09-22",,,,,,,,,,,,,,,,,,,,,,,,,,,,,,,,,,,,,,,,,,,,"0000-0002-5484-7763","0000-0001-8860-6856",,,"af00c8d2-55bf-4a64-9d20-e9957cf800b0"
"fa9605b3-409a-4db0-a384-a10088e97a49","fbe77222-23b7-4bd9-880e-4c61e66f9a48","STEI_012.mammalGrid.mam","D05","STEI","STEI_012","F3","distributed","deciduousForest",45.784603,-90.048055,"WGS84",45.4,518.9,0.4,"2 - trap disturbed/door closed but empty","ShermanLF","2022-09-22","2022-09-22",,,,,,,,,,,,,,,,,,,,,,,,,,,,,,,,,,,,,,,,,,,,"0000-0002-5484-7763","0000-0001-8860-6856",,,"48bd1d68-2476-468d-9ee0-9e1d3be91ca8"
"f09b4560-7647-4508-8fc3-70611127ed44","fbe77222-23b7-4bd9-880e-4c61e66f9a48","STEI_012.mammalGrid.mam","D05","STEI","STEI_012","J10","distributed","deciduousForest",45.784603,-90.048055,"WGS84",45.4,518.9,0.4,"3 - trap door open or closed w/ spoor left","ShermanLF","2022-09-22","2022-09-22",,,,,,,,,,,,,,,,,,,,,,,,,,,,,,,,,,,,,,,,,,,,"0000-0002-5484-7763","0000-0001-8860-6856",,,"64831eef-c968-4335-a1b2-f0d68ee37335"
"bc47a356-1632-4ad9-8d8e-a4baf1431e98","fbe77222-23b7-4bd9-880e-4c61e66f9a48","STEI_012.mammalGrid.mam","D05","STEI","STEI_012","C6","distributed","deciduousForest",45.784603,-90.048055,"WGS84",45.4,518.9,0.4,"5 - capture","ShermanLF","2022-09-22","2022-09-22","NEON.MAM.D05.R8213",,"PEMA","Peromyscus maniculatus","species",,,,,"N","F","Y","processed",,"adult",,"nonenlarged","not","not plugged",20,18,,,,"N","N","N",,,,"STEI.20220922.R8213.B","D00000170709","mandibular",,,,,,,,,,,"0000-0002-5484-7763","0000-0001-8860-6856",,,"b0c9f302-6aae-4c53-b409-b71e96bfe613"
"3d5b3509-1c3a-4d61-bddc-ee75a1fa1c49","fbe77222-23b7-4bd9-880e-4c61e66f9a48","STEI_012.mammalGrid.mam","D05","STEI","STEI_012","I2","distributed","deciduousForest",45.784603,-90.048055,"WGS84",45.4,518.9,0.4,"5 - capture","ShermanLF","2022-09-22","2022-09-22","NEON.MAM.D05.R8504",,"PEMA","Peromyscus maniculatus","species",,,,,"N","M","N","escaped",,"adult","nonscrotal",,,,20,18,,,,"U","U","U",,,,"STEI.20220922.R8504.B","D00000170489","mandibular - QNS",,,,,,,,,,,"0000-0002-5484-7763","0000-0001-8860-6856",,,"698f7609-7d8b-41bd-a00c-d1f3976134e2"
"72812dc4-feb1-412c-9382-49b7362f4535","fbe77222-23b7-4bd9-880e-4c61e66f9a48","STEI_012.mammalGrid.mam","D05","STEI","STEI_012","B8","distributed","deciduousForest",45.784603,-90.048055,"WGS84",45.4,518.9,0.4,"5 - capture","ShermanLF","2022-09-22","2022-09-22","NEON.MAM.D05.R8032",,"PEMA","Peromyscus maniculatus","species",,,,,"N","M","Y","processed",,"adult","nonscrotal",,,,20,18,,,20,"N","N","N",,,,"STEI.20220922.R8032.B","D00000170481","mandibular",,,,,,,,,,,"0000-0002-5484-7763","0000-0001-8860-6856",,,"5f63c843-76c5-473d-acb2-836e3dd7f30c"
"19b798e1-3835-4f63-8434-21db0724eb45","fbe77222-23b7-4bd9-880e-4c61e66f9a48","STEI_012.mammalGrid.mam","D05","STEI","STEI_012","D10","distributed","deciduousForest",45.784603,-90.048055,"WGS84",45.4,518.9,0.4,"5 - capture","ShermanLF","2022-09-22","2022-09-22","NEON.MAM.D05.R8448",,"PEMA","Peromyscus maniculatus","species",,,,,"N","M","N","processed",,"adult","nonscrotal",,,,20,18,,,18,"N","N","N",,,,"STEI.20220922.R8448.B","D00000170789","mandibular",,,,,,,,,,,"0000-0002-5484-7763","0000-0001-8860-6856",,,"48e26910-5bb4-4216-9f21-bf22a6a33519"
"40dfa3ce-e488-4c56-97ff-c5ee94ac20ad","fbe77222-23b7-4bd9-880e-4c61e66f9a48","STEI_012.mammalGrid.mam","D05","STEI","STEI_012","B9","distributed","deciduousForest",45.784603,-90.048055,"WGS84",45.4,518.9,0.4,"5 - capture","ShermanLF","2022-09-22","2022-09-22","NEON.MAM.D05.R8445",,"PELE","Peromyscus leucopus","species",,,,,"N","M","N","processed",,"adult","nonscrotal",,,,20,16,,,20,"N","N","N",,,,"STEI.20220922.R8445.B","D00000170811","mandibular",,,,,,,,,,,"0000-0002-5484-7763","0000-0001-8860-6856",,,"11729da0-43fe-4030-97da-f17b9b60060c"
"1dc698f0-3ef8-44e2-a240-d2d8521bc2fd","fbe77222-23b7-4bd9-880e-4c61e66f9a48","STEI_012.mammalGrid.mam","D05","STEI","STEI_012","E10","distributed","deciduousForest",45.784603,-90.048055,"WGS84",45.4,518.9,0.4,"5 - capture","ShermanLF","2022-09-22","2022-09-22","NEON.MAM.D05.R8257",,"PEMA","Peromyscus maniculatus","species",,,,,"N","M","Y","processed",,"adult","nonscrotal",,,,21,18,,,17,"N","N","N",,,,,,,,,,,,,,,,,"0000-0002-5484-7763","0000-0001-8860-6856",,,"e8a2c477-f99a-4dd3-990c-7bef4bf2d7d0"
"41894ee7-ddec-48f0-906f-38acfb8b55b1","fbe77222-23b7-4bd9-880e-4c61e66f9a48","STEI_012.mammalGrid.mam","D05","STEI","STEI_012","G3","distributed","deciduousForest",45.784603,-90.048055,"WGS84",45.4,518.9,0.4,"3 - trap door open or closed w/ spoor left","ShermanLF","2022-09-22","2022-09-22",,,,,,,,,,,,,,,,,,,,,,,,,,,,,,,,,,,,,,,,,,,,"0000-0002-5484-7763","0000-0001-8860-6856",,,"ceebdfaf-0cdc-448f-afb5-20212142c8d6"
"dda9a0ce-5576-49d2-b5c5-a49c365c48cb","fbe77222-23b7-4bd9-880e-4c61e66f9a48","STEI_012.mammalGrid.mam","D05","STEI","STEI_012","I9","distributed","deciduousForest",45.784603,-90.048055,"WGS84",45.4,518.9,0.4,"3 - trap door open or closed w/ spoor left","ShermanLF","2022-09-22","2022-09-22",,,,,,,,,,,,,,,,,,,,,,,,,,,,,,,,,,,,,,,,,,,,"0000-0002-5484-7763","0000-0001-8860-6856",,,"0a762fc2-0918-4cf2-9439-a88dba330e74"
"fa9839fa-5c17-4228-b063-0aab850ab3c3","fbe77222-23b7-4bd9-880e-4c61e66f9a48","STEI_012.mammalGrid.mam","D05","STEI","STEI_012","C1","distributed","deciduousForest",45.784603,-90.048055,"WGS84",45.4,518.9,0.4,"5 - capture","ShermanLF","2022-09-22","2022-09-22","NEON.MAM.D05.R7901",,"PELE","Peromyscus leucopus","species",,,,,"N","F","Y","processed",,"adult",,"nonenlarged","not","swollen",20,16,,,30,"Y","N","N","1-5",,,"STEI.20220922.R7901.B","D00000170722","mandibular",,,,,,,,,,,"0000-0002-5484-7763","0000-0001-8860-6856","Menstruating",,"e47b7b5f-275e-4e2e-84b4-ea2ada5bf04d"
"9560b665-ba62-4499-a958-c892c44b3457","fbe77222-23b7-4bd9-880e-4c61e66f9a48","STEI_012.mammalGrid.mam","D05","STEI","STEI_012","H10","distributed","deciduousForest",45.784603,-90.048055,"WGS84",45.4,518.9,0.4,"5 - capture","ShermanLF","2022-09-22","2022-09-22","NEON.MAM.D05.R8262",,"PEMA","Peromyscus maniculatus","species",,,,,"N","M","Y","processed",,"adult","nonscrotal",,,,21,18,,,20,"N","N","N",,,,,,,,,,,,,,,,,"0000-0002-5484-7763","0000-0001-8860-6856",,,"d159dce5-6ad3-4077-a487-1d7f037a7266"
"d090c629-f03a-4517-af3f-cad1e999cf26","fbe77222-23b7-4bd9-880e-4c61e66f9a48","STEI_012.mammalGrid.mam","D05","STEI","STEI_012","B7","distributed","deciduousForest",45.784603,-90.048055,"WGS84",45.4,518.9,0.4,"5 - capture","ShermanLF","2022-09-22","2022-09-22","NEON.MAM.D05.R8285",,"PEMA","Peromyscus maniculatus","species",,,,,"N","M","Y","processed",,"adult","nonscrotal",,,,21,20,,,19,"N","N","N",,,,"STEI.20220922.R8285.B","D00000170798","mandibular",,,,,,,,,,,"0000-0002-5484-7763","0000-0001-8860-6856",,,"2db33bc4-3030-4250-ae12-916fc758754a"
"6e70ac78-ea0e-40be-b39a-719a1d726819","fbe77222-23b7-4bd9-880e-4c61e66f9a48","STEI_012.mammalGrid.mam","D05","STEI","STEI_012","E4","distributed","deciduousForest",45.784603,-90.048055,"WGS84",45.4,518.9,0.4,"3 - trap door open or closed w/ spoor left","ShermanLF","2022-09-22","2022-09-22",,,,,,,,,,,,,,,,,,,,,,,,,,,,,,,,,,,,,,,,,,,,"0000-0002-5484-7763","0000-0001-8860-6856",,,"e53f9543-ef63-436a-8c9c-fe4986b4d4c5"
"7d1edc36-5973-4c32-92ca-bfd39a3e406c","fbe77222-23b7-4bd9-880e-4c61e66f9a48","STEI_012.mammalGrid.mam","D05","STEI","STEI_012","G7","distributed","deciduousForest",45.784603,-90.048055,"WGS84",45.4,518.9,0.4,"5 - capture","ShermanLF","2022-09-22","2022-09-22","NEON.MAM.D05.R8487",,"PEMA","Peromyscus maniculatus","species","cf. species",,,,"N","F","N","processed",,"adult",,"nonenlarged","not","not plugged",20,17,,,17,"N","N","N",,,,"STEI.20220922.R8487.B","D00000170806","mandibular",,,,,,,,,,,"0000-0002-5484-7763","0000-0001-8860-6856",,,"8bca1cb1-7d7c-4123-b317-d73b92fa7be0"
"4ec24976-3f42-4de3-a03b-4ac59875ffbf","fbe77222-23b7-4bd9-880e-4c61e66f9a48","STEI_012.mammalGrid.mam","D05","STEI","STEI_012","D6","distributed","deciduousForest",45.784603,-90.048055,"WGS84",45.4,518.9,0.4,"2 - trap disturbed/door closed but empty","ShermanLF","2022-09-22","2022-09-22",,,,,,,,,,,,,,,,,,,,,,,,,,,,,,,,,,,,,,,,,,,,"0000-0002-5484-7763","0000-0001-8860-6856",,,"acd57376-ea0a-4dd4-a177-4b74d3503bea"
"8d74faf0-3b11-40db-910a-b7346e9969dd","fbe77222-23b7-4bd9-880e-4c61e66f9a48","STEI_012.mammalGrid.mam","D05","STEI","STEI_012","H3","distributed","deciduousForest",45.784603,-90.048055,"WGS84",45.4,518.9,0.4,"5 - capture","ShermanLF","2022-09-22","2022-09-22","NEON.MAM.D05.R8450",,"PELE","Peromyscus leucopus","species",,,,,"N","F","N","processed",,"subadult",,"nonenlarged","not","not plugged",20,15,,,12,"N","N","N",,,,"STEI.20220922.R8450.B","D00000170805","mandibular",,,,,,,,,,,"0000-0002-5484-7763","0000-0001-8860-6856",,,"1f066605-2fb0-4b3c-9e9b-f8f4976583c9"
"69438081-1119-4d35-bf31-131eef316e30","fbe77222-23b7-4bd9-880e-4c61e66f9a48","STEI_012.mammalGrid.mam","D05","STEI","STEI_012","A1","distributed","deciduousForest",45.784603,-90.048055,"WGS84",45.4,518.9,0.4,"2 - trap disturbed/door closed but empty","ShermanLF","2022-09-22","2022-09-22",,,,,,,,,,,,,,,,,,,,,,,,,,,,,,,,,,,,,,,,,,,,"0000-0002-5484-7763","0000-0001-8860-6856",,,"5714c22f-2fd3-4f31-b906-62a3bd86bee7"
"6ed9a235-758a-444f-9a29-143335882b17","fbe77222-23b7-4bd9-880e-4c61e66f9a48","STEI_012.mammalGrid.mam","D05","STEI","STEI_012","E1","distributed","deciduousForest",45.784603,-90.048055,"WGS84",45.4,518.9,0.4,"3 - trap door open or closed w/ spoor left","ShermanLF","2022-09-22","2022-09-22",,,,,,,,,,,,,,,,,,,,,,,,,,,,,,,,,,,,,,,,,,,,"0000-0002-5484-7763","0000-0001-8860-6856",,,"b1a4651a-bc8d-490d-a428-bbf951e3764f"
"069b5bb3-01ce-4e00-9f91-4346fb48ccce","fbe77222-23b7-4bd9-880e-4c61e66f9a48","STEI_012.mammalGrid.mam","D05","STEI","STEI_012","G6","distributed","deciduousForest",45.784603,-90.048055,"WGS84",45.4,518.9,0.4,"6 - trap set and empty","ShermanLF","2022-09-22","2022-09-22",,,,,,,,,,,,,,,,,,,,,,,,,,,,,,,,,,,,,,,,,,,,"0000-0002-5484-7763","0000-0001-8860-6856",,,"2887fa6e-9f9e-4565-b744-f5ecbf5a2ec9"
"ec041c43-201b-4997-a1d7-adb27e7e55b4","fbe77222-23b7-4bd9-880e-4c61e66f9a48","STEI_012.mammalGrid.mam","D05","STEI","STEI_012","G4","distributed","deciduousForest",45.784603,-90.048055,"WGS84",45.4,518.9,0.4,"3 - trap door open or closed w/ spoor left","ShermanLF","2022-09-22","2022-09-22",,,,,,,,,,,,,,,,,,,,,,,,,,,,,,,,,,,,,,,,,,,,"0000-0002-5484-7763","0000-0001-8860-6856",,,"275ea98f-142b-438d-8202-c1ba30f043c3"
"44e6b112-754c-48b1-b1c8-6a40249ab4bc","fbe77222-23b7-4bd9-880e-4c61e66f9a48","STEI_012.mammalGrid.mam","D05","STEI","STEI_012","F2","distributed","deciduousForest",45.784603,-90.048055,"WGS84",45.4,518.9,0.4,"2 - trap disturbed/door closed but empty","ShermanLF","2022-09-22","2022-09-22",,,,,,,,,,,,,,,,,,,,,,,,,,,,,,,,,,,,,,,,,,,,"0000-0002-5484-7763","0000-0001-8860-6856",,,"e67518fd-7345-4154-9124-1fcc36cb5d64"
"a570fbe5-408e-4cff-b9b7-0ca8e7a259ab","fbe77222-23b7-4bd9-880e-4c61e66f9a48","STEI_012.mammalGrid.mam","D05","STEI","STEI_012","I4","distributed","deciduousForest",45.784603,-90.048055,"WGS84",45.4,518.9,0.4,"5 - capture","ShermanLF","2022-09-22","2022-09-22","NEON.MAM.D05.R8296",,"PELE","Peromyscus leucopus","species",,,,,"N","M","Y","processed",,"adult","scrotal",,,,20,17,,,27,"N","N","N",,,,,,,,,,,,,,,,,"0000-0002-5484-7763","0000-0001-8860-6856",,,"ef316d5e-119e-4741-8aff-6a0cfeec3edd"
