"variable","mean","median","sd","mad","q5","q95","rhat","ess_bulk","ess_tail"
"lp__",-116.51467744,-116.205205,2.78584035873193,2.65707865500001,-121.6074715,-112.594044,0.999943153575221,2453.85582109178,3560.94431780845
"beta_0",128.196112301667,128.16048,1.1654744691085,1.16496036299999,126.2708185,130.1017295,1.00011990975754,6330.68343767258,4555.23052661624
"beta_lat",4.64704519808333,4.65034085,0.430483484332653,0.4219642686,3.93213304,5.361842405,1.00005688661136,6958.3009966003,4124.18700455981
"beta_green",-0.578357583816793,-0.57824933,0.234353741208971,0.234051353235,-0.95852175,-0.187712064,1.00042800658453,5821.18309250424,3771.57556120559
"theta[1]",411.784403738333,409.32056,75.2146109602367,80.51007258,296.136825,535.4007665,0.999989921626807,6687.43757927604,3695.52716603128
"theta[2]",408.93353906,409.596005,75.5551986304565,79.906572837,288.1966225,537.221678,1.00174218694422,5888.45422124187,4104.8732131561
"theta[3]",425.942849763333,423.555975,73.8485040814357,80.865918819,318.574233,549.7929325,1.00110732176678,5029.09166429481,3581.40384004364
"theta[4]",410.008989213333,407.49097,72.6599903657125,77.51751861,304.11646,532.531212,1.00136010535312,5465.16957560832,4015.50045489671
"theta[5]",399.415574926667,398.94456,68.1155008479506,68.940618306,293.430801,512.439107,1.00052891818978,5536.76720848768,2999.51014724299
"theta[6]",429.947079871667,425.364275,68.3968400478741,60.821982249,319.3955535,548.394679,1.00268283583608,5478.06385554846,3629.72356874728
"theta[7]",454.7761074,448.74571,62.9368158532974,57.775772985,356.0798475,557.5778365,1.00186845600821,5137.00942598975,3001.88906223939
"theta[8]",415.906932173333,414.836,74.4663201573533,76.144549467,294.721873,538.8330195,1.00136285733034,6787.03115712299,3620.03289873371
"theta[9]",414.173988833333,412.77274,83.7846659987379,91.569327129,279.7332035,549.744759,1.00075497117581,6453.92580081864,4750.67825080533
"theta[10]",421.287941331667,422.014025,70.2753487514653,67.121312433,298.6200555,534.767184,0.99996272233801,6154.60267884257,3831.86719219138
"sigma_tick",9.18379774533333,9.11598765,0.871095292294335,0.84710834355,7.8737494,10.7211216,0.999816224149307,5959.77823410506,4569.5485514733
"crossing[1]",130.800622352667,131.812425,9.15349873262528,9.662296938,114.463412,144.1750745,0.999950195060109,6687.43946458195,3695.52716603128
"crossing[2]",139.108487706667,139.36353,5.92186334346633,6.52583439900001,129.0376785,148.176203,0.999981555933366,6687.43611240962,3695.52716603128
"crossing[3]",133.825223204,135.367445,7.70182840684267,7.68831140700004,120.7990525,144.1613465,0.999881298158756,6687.43778720036,3695.52716603128
"crossing[4]",129.273760664167,130.16965,8.78042695031682,7.77534744000002,112.6293275,142.650651,0.99996956831049,6687.43658088064,3695.52716603128
"crossing[5]",132.172216093333,133.175885,9.08759329254298,9.24497469000001,114.922366,145.5795785,1.00166569354398,5888.45315560935,4104.8732131561
"crossing[6]",131.691065811667,134.192815,8.58348100717529,8.33035875000001,117.7994125,144.326511,1.00152684947983,5888.44997997291,4104.8732131561
"crossing[7]",139.69139692,140.23969,5.96491598943372,6.382689369,129.126326,148.9971275,1.00174786945729,5888.46286655018,4104.8732131561
"crossing[8]",137.558990711667,138.828035,7.60430228758374,7.13418224400001,124.5066665,148.9505315,1.00163783859661,5888.4602643573,4104.8732131561
"crossing[9]",135.177003968333,136.836745,7.52071531136249,6.50744274600001,121.377735,145.415799,1.00161265280896,5888.4565653917,4104.8732131561
"crossing[10]",135.624845193333,135.572995,6.09962342885174,5.92227535199999,124.681391,145.305339,1.00164027900483,5888.4664262903,4104.8732131561
"crossing[11]",140.691965816667,140.962965,5.6129896608596,6.325542552,131.9170825,149.410556,1.00124298650251,5029.06941021028,3581.40384004364
"crossing[12]",138.646868383333,139.318185,7.17031918880483,6.917174082,126.980916,149.424517,1.00143481461696,5029.07198215821,3581.40384004364
"crossing[13]",136.163530753333,137.3356,6.99085208656859,6.30918206100001,123.6359845,145.6161325,1.00125798509616,5029.11506411289,3581.40384004364
"crossing[14]",132.141953135,132.0385,8.11901093561432,8.03772316199999,119.221334,145.2842045,1.00123456941564,5029.09420746898,3581.40384004364
"crossing[15]",111.361915874833,111.661375,7.78137535255959,6.74865435300001,97.5135068,123.343321,1.00132960850526,5465.17185504724,4015.50045489671
"crossing[16]",100.9670213585,101.44398,6.92967214433015,6.788039622,89.59309685,111.163889,1.00144064015298,5465.17351791663,4015.50045489671
"crossing[17]",116.909992778667,117.68827,7.37501599064772,7.34239117499999,103.7957085,127.399783,1.00140563673718,5465.17124748409,4015.50045489671
"crossing[18]",113.069796179833,114.770905,7.88263698451201,8.37187155,100.5863655,123.9663935,1.00179801661891,5465.17036582401,4015.50045489671
"crossing[19]",112.000413930333,112.753,8.2814508934404,10.194290883,101.0070405,124.816673,1.00151398912319,5465.16887491133,4015.50045489671
"crossing[20]",99.2321898535,100.30389,7.27084026057979,7.5105706473,87.4101592,110.108184,1.0016536859699,5465.1713032175,4015.50045489671
"crossing[21]",104.333831574333,104.469555,7.16184144511132,5.94847289399999,92.25695455,116.88934,1.00138944392572,5465.17471488264,4015.50045489671
"crossing[22]",111.976698543667,112.32732,7.56743939185022,6.066183921,97.78259005,123.330232,1.00055253553049,5536.76658402333,2999.51014724299
"crossing[23]",101.985014636,102.405165,6.72525976354686,5.58185111819999,90.66226575,111.794613,1.00043980461345,5536.76271307449,2999.51014724299
"crossing[24]",118.577863722667,120.263935,7.02864783955368,6.01124617800001,104.2863705,128.3209595,1.0002634980241,5536.76885213842,2999.51014724299
"crossing[25]",112.747599840667,112.93516,5.92282895990371,6.02480455499999,103.166074,122.3054385,1.00054143126439,5536.77013761573,2999.51014724299
"crossing[26]",115.590508851833,117.22071,7.46736039686862,6.96362394,101.9807515,125.464514,1.00023819070123,5536.75924438279,2999.51014724299
"crossing[27]",114.156972601833,114.19956,8.17918217135798,8.335444068,102.2296775,126.5551995,1.00045624046063,5536.7733046898,2999.51014724299
"crossing[28]",100.6496952595,101.739445,7.17307860208762,7.40828088420001,89.4590117,110.9702895,1.00032935177893,5536.76865587324,2999.51014724299
"crossing[29]",105.976568781333,105.910335,6.8781817452634,5.73585322799999,94.72940205,118.2312355,1.00060789574994,5536.7697128288,2999.51014724299
"crossing[30]",105.928998872333,107.333805,8.10066311121386,6.93105863100001,90.82231895,116.918663,1.00264281107927,5478.05978517009,3629.72356874728
"crossing[31]",97.6643645565,98.4070605,6.93295914086036,5.8945922448,86.3256961,107.3453935,1.0027132756836,5478.0636011407,3629.72356874728
"crossing[32]",114.202843531667,114.654955,6.92690140395335,6.037725414,102.616728,123.83449,1.00277325276579,5478.06142996645,3629.72356874728
"crossing[33]",108.982379074833,108.821565,5.17346326357969,4.48642173000001,100.3196115,117.523883,1.00272675510458,5478.06073107229,3629.72356874728
"crossing[34]",110.578141213667,110.2348,6.8829979357329,7.712537091,99.3147389,121.171219,1.00268448096597,5478.06193844411,3629.72356874728
"crossing[35]",107.252810462667,105.909635,7.59326762652431,6.254429643,95.219477,120.375248,1.00240127458737,5478.05858972869,3629.72356874728
"crossing[36]",95.9882188938333,95.547081,7.12410838540068,5.91972602130001,83.77524755,105.9213765,1.00264866841435,5478.06309547406,3629.72356874728
"crossing[37]",101.293714201833,101.74142,7.17487299668863,4.7076812475,88.3131462,111.3820995,1.00273156490543,5478.05726769093,3629.72356874728
"crossing[38]",97.0165350616667,95.9431235,7.38225906489902,7.7270257995,85.78449435,108.284292,1.00209426095153,5137.00210926052,3001.88906223939
"crossing[39]",95.1623216131667,92.995206,8.53995614513861,8.11146323819999,83.53581985,108.3429125,1.00191935645479,5137.00502884194,3001.88906223939
"crossing[40]",96.9897592143333,97.166721,5.83123459666652,4.30393887419999,86.8473192,105.228937,1.00168632048892,5137.00817815239,3001.88906223939
"crossing[41]",97.51490127,97.4841605,6.05431020292222,4.3020500418,86.0067669,106.773061,1.00173001299268,5137.00435523838,3001.88906223939
"crossing[42]",96.6404781613333,95.906614,7.4373697131742,7.7451587388,83.12369435,107.945459,1.00189220513727,5137.00989101402,3001.88906223939
"crossing[43]",82.7945720726667,83.467278,8.16555430857159,4.98698233110001,65.15787785,93.87617965,1.00151792430672,5137.0084854302,3001.88906223939
"crossing[44]",89.8439274215,89.8141955,6.99849726127332,5.52475100310002,77.38704145,101.126134,1.00158424638415,5137.0084854302,3001.88906223939
"crossing[45]",124.010615219333,123.84119,7.76097865872505,6.59543505600001,109.1654095,137.20169,1.00146537751127,6787.03064951355,3620.03289873371
"crossing[46]",152.67709168,152.060355,6.82439341206697,7.22503597199998,142.7256425,163.663824,1.00075498032815,6453.92668727933,4750.67825080533
"crossing[47]",154.564093693333,155.010635,6.77185113141551,6.951221991,142.886217,164.041388,1.00075495630958,6453.92278283427,4750.67825080533
"crossing[48]",151.107273728333,150.04221,5.93803057754786,5.90832408599999,142.8061235,161.5075725,1.00075496280089,6453.91796405041,4750.67825080533
"crossing[49]",162.175581373333,161.26601,7.0271709482828,7.56801324300001,150.898759,173.7042795,1.0007549684726,6453.92348000713,4750.67825080533
"crossing[50]",150.423664956667,152.11857,6.95830355179664,7.88137557900001,139.264662,159.5938675,1.00075495136645,6453.92300527975,4750.67825080533
"crossing[51]",158.206965106667,158.457,7.31370223399367,8.81281902899998,146.859346,169.437434,1.00075494873143,6453.9222955017,4750.67825080533
"crossing[52]",153.344880301667,152.99159,6.22815056424021,5.298041448,142.898895,164.5062635,1.00075497012282,6453.928674906,4750.67825080533
"crossing[53]",149.67717554,150.28586,7.65619422840971,8.40418481699997,137.4802445,161.7405105,1.00075496430799,6453.92777176391,4750.67825080533
"crossing[54]",143.346907835,144.5051,6.14011342562005,4.94413000200001,131.571288,151.3256765,1.00004624862585,6154.61048399505,3831.86719219138
"crossing[55]",142.398351343333,142.364685,7.26355689273793,6.578251722,129.3887555,153.941686,0.999941152163331,6154.60562308767,3831.86719219138
"crossing[56]",143.667613366667,144.030575,5.42516489545749,4.85904358800001,134.017738,151.8139155,1.0000263041076,6154.60629955337,3831.86719219138
"crossing[57]",146.613234403333,146.58219,6.38937868254223,6.13694100599999,135.861713,156.6320675,0.999962273541024,6154.61021908999,3831.86719219138
"crossing[58]",140.020692755,140.51567,5.9540207214179,4.321756761,128.437023,148.656887,1.00000825318691,6154.60650979568,3831.86719219138
"crossing[59]",140.821173508333,141.45813,7.10998025573889,7.41128018400004,128.1175775,151.280931,1.00002203413244,6154.6042851252,3831.86719219138
"crossing[60]",139.77884407,140.648995,5.55640586994374,4.67073856199997,128.671729,147.553867,1.00003140187186,6154.61181290736,3831.86719219138
"crossing_anom[1]",-2.45140111846833,-2.36872085,1.32930278967465,1.56970015545,-4.687119705,-0.603047038,1.00009284041821,6786.31981535486,4821.94360549349
"crossing_anom[2]",5.85646424328333,5.2012214,2.01744996755974,1.33490153475,3.385386965,9.805309165,0.999945225336365,6678.15391043705,3695.52716603128
"crossing_anom[3]",0.573199744471072,0.7297753,0.726036234202575,0.76394108112,-0.7088273415,1.41450338,1.00018837269407,6080.81629660916,5406.14661731521
"crossing_anom[4]",-3.978262869055,-4.08365555,1.09409361375332,0.33303977385,-6.490626865,-2.13855349,1.00019245365701,6986.81874810203,3984.13508853726
"crossing_anom[5]",-3.147037022975,-3.24007975,1.72910619390379,1.56448384974,-6.97041417,-0.752612099,1.00153540887495,5832.5298224153,4497.60583613393
"crossing_anom[6]",-3.62818734089167,-3.088881,1.51208664577062,1.47563837757,-6.06124299,-1.879672385,1.00014964006847,3899.19524687619,4979.57549583728
"crossing_anom[7]",4.3721437684,3.79033265,1.54458404317026,0.88271342733,2.567977105,7.061259145,1.00113105794796,5894.68833469622,4124.9528641659
"crossing_anom[8]",2.23973767255167,2.3100018,0.464073311994181,0.41726101662,1.31355208,2.97787904,1.00031591005613,5249.28122497451,4559.19428804772
"crossing_anom[9]",-0.142249138225618,-0.13304255,0.632201979557094,0.774389534121,-1.182477485,0.7904712215,1.00056926096854,4305.35595071768,5551.19234426235
"crossing_anom[10]",0.305592060535432,-0.668973595,1.6362242453547,0.759700630143,-1.27843213,3.36695016,1.00052932019253,5484.72313686544,5309.83125407584
"crossing_anom[11]",3.780886252005,3.5095592,1.42518669597514,0.73028139093,1.976703555,6.539289195,1.00207635717204,5102.28138493013,3581.40384004364
"crossing_anom[12]",1.73578882178228,1.90770135,0.492206175584498,0.19930917972,0.556556467,2.183604035,1.00098760612874,3668.81003091422,2751.24570207207
"crossing_anom[13]",-0.7475487187984,-0.485665945,0.629830805375476,0.559108764207,-1.833873925,-0.05970505795,1.00029205460957,3963.24549675447,4963.29504751317
"crossing_anom[14]",-4.76912635463333,-5.1657822,1.33356456168233,0.46623351852,-6.217496585,-2.21242606,1.00102180801226,5340.79304066652,3997.8040903276
"crossing_anom[15]",3.09403563384351,3.0263318,0.822694970312295,0.68784441222,1.693506975,4.05915638,1.00086693111737,3268.98273983231,4596.82051635566
"crossing_anom[16]",-7.30085885861667,-7.4877336,0.697361122823106,0.60009443319,-8.312018755,-6.25634172,1.00118192990624,5076.02548794188,4478.15435734281
"crossing_anom[17]",8.64211253568333,8.9393819,0.91063446404945,0.666700682969998,6.701947685,9.51986751,1.0011055300697,4564.37378894551,4440.51822522303
"crossing_anom[18]",4.80191597368333,5.0464118,1.10754094131807,1.21825382847,2.913335615,5.981322755,1.0009306317254,3322.5651329729,4490.75308798052
"crossing_anom[19]",3.732533682385,3.69617365,1.20829979798832,1.11266705949,1.713784685,5.648478545,1.00173713491172,3741.24535903878,4630.11866888562
"crossing_anom[20]",-9.03569034386667,-8.99213655,0.613658087270587,0.60138385041,-10.05746375,-8.197790815,1.00019600593646,5343.66368479165,5012.46941566055
"crossing_anom[21]",-3.93404862626667,-4.0951362,1.01415756497105,1.19581497399,-4.98188125,-2.168592105,1.00014037011893,4035.59151516137,5162.8744826403
"crossing_anom[22]",1.76908333014335,1.76968315,0.908799958107026,0.47112461592,-0.0625884196500003,2.75092359,1.00013900130603,3838.84817010169,2938.67692684526
"crossing_anom[23]",-8.22260063458333,-8.3161098,0.559466745119591,0.43539210267,-8.99052719,-7.33652204,1.0007891272735,4840.42972229657,4717.39275718844
"crossing_anom[24]",8.37024841125,8.65037275,0.94035496482178,0.71833178319,6.260781925,9.396195355,1.00095217881691,2719.03234849273,3746.89547162841
"crossing_anom[25]",2.53998456394007,2.07684095,1.32989992257096,0.23585445429,1.433879845,5.129056575,0.999795115026463,5093.10665157485,2999.51014724299
"crossing_anom[26]",5.38289351896667,5.7275798,0.996853460388157,0.91339301739,3.36368405,6.409110815,1.00079955469698,4086.55379834438,4650.99471019985
"crossing_anom[27]",3.94935733806333,3.86183295,1.38488762247481,1.45888840755,1.61378565,5.77461264,1.00048273930751,5050.43293750499,4111.82404976555
"crossing_anom[28]",-9.55792004403333,-9.53826315,0.65509561327522,0.495372761310002,-10.7820765,-8.86009467,0.999815700267946,3954.50980021915,3999.8251905205
"crossing_anom[29]",-4.23104648581667,-4.4568052,0.915945453287924,0.78004834404,-5.1817283,-2.448662305,1.00008918422303,4221.26997563122,5712.88928206064
"crossing_anom[30]",0.692564988903033,1.34579395,1.5481922231134,0.764918225715,-2.961557075,2.120041615,0.999882201137931,5125.73106777717,4217.58679667045
"crossing_anom[31]",-7.57206924775,-7.6824368,0.831120049983074,0.529403842800001,-8.212724155,-6.64789448,1.00022257989951,5872.68926187187,3646.78278714043
"crossing_anom[32]",8.96640968115,9.20791325,0.624965355813484,0.292794670980001,7.55110155,9.47579414,1.00078572689747,5057.81511663453,4348.5902036043
"crossing_anom[33]",3.74594522318167,3.49027565,1.87719170086937,1.56119974248,1.96483372,7.052189645,1.00260116892678,5514.16910608809,3665.18957228234
"crossing_anom[34]",5.34170731313333,5.16415055,0.966928778849759,0.958915953870001,4.015323455,6.25643172,1.00038281420581,5385.77871738844,4179.23408419124
"crossing_anom[35]",2.0163766544065,2.13874675,1.13683426713885,1.15494806868,0.6141269945,4.59259093,1.00079377964364,2912.3602319195,4024.88241433453
"crossing_anom[36]",-9.24821494393333,-9.10631715,0.86326501116896,0.59025241548,-10.1330975,-8.471775265,0.999891853297364,5285.89263763973,4710.07008813594
"crossing_anom[37]",-3.94271966673333,-3.8784623,1.04701798176273,1.03044710433,-4.99126216,-2.768647425,1.0007316721428,4566.94007882722,4174.2787283705
"crossing_anom[38]",3.30760722405,3.2662859,1.13932821356487,1.68115750152,1.657696685,4.799507765,1.00148945754621,2428.89120298102,4489.67523594337
"crossing_anom[39]",1.45339378319417,0.71730434,1.76505602599588,1.431093934851,-0.2450936925,3.94266063,1.00172882552169,3346.57106626746,3320.86192175289
"crossing_anom[40]",3.28083136934158,3.8703329,1.60024457318633,1.66342427118,0.550819676,5.35324754,1.00225636258416,5243.302305827,4495.20625172946
"crossing_anom[41]",3.80597341816667,4.2701725,1.32744209958411,1.30916700873,1.930697505,5.60645206,1.00106861426329,4353.75700423365,3670.05694939392
"crossing_anom[42]",2.9315503518,2.7603663,0.607796284753577,0.670607408099999,1.95815173,3.840897295,1.0006019643652,4125.88683691094,5266.43072386233
"crossing_anom[43]",-10.9143557472667,-10.448671,1.80490107118099,1.1681872419,-15.5588788,-9.201615225,1.00156738148587,2304.02504352996,4856.69466333132
"crossing_anom[44]",-3.86500039704167,-3.7799612,0.681374329447328,0.50519802564,-5.27131157,-3.03527252,1.00022020250813,4538.70827968793,4024.09887718245
"crossing_anom[45]",0,0,0,0,0,0,NA,NA,NA
"crossing_anom[46]",-1.34499912670637,-1.3374942,0.546310146334146,0.69280185597,-1.994327515,-0.525351974,0.999885502437134,3889.41135971651,5357.74489391686
"crossing_anom[47]",0.542002898642347,0.741131545,0.902000121136136,0.753780015303,-1.18650308,1.766524475,1.00026140697835,3509.0385140375,4239.35855559921
"crossing_anom[48]",-2.9148170710131,-3.26036825,1.24626020562021,1.07061904089,-4.39011178,-0.4213624475,1.00001415021521,4901.32399057888,4898.91448795644
"crossing_anom[49]",8.15349061941667,8.2935139,0.576036054238862,0.63928459203,7.169952885,8.946498705,1.00051740051036,3771.94198257691,5236.36583679281
"crossing_anom[50]",-3.59842586545,-3.6806908,1.22740524124312,1.6596328182,-5.214458875,-1.904520235,0.999883557633558,4743.50619592765,4453.34906563452
"crossing_anom[51]",4.18487431698333,4.3325215,0.681227450674437,0.61168213827,3.25082952,5.09438706,1.00000346152279,5651.12303552879,5536.01848431729
"crossing_anom[52]",-0.677210460957863,-0.54261221,1.07852517966714,1.526300583864,-2.30740874,0.7974326335,1.00015085278406,5220.46611234444,5713.09031496915
"crossing_anom[53]",-4.34491531016667,-4.0922929,0.943037903446105,0.888793273410001,-5.8767506,-3.03388316,1.0003272632181,6200.46254029919,4750.67825080533
"crossing_anom[54]",0.9687910606829,1.2496385,0.774301438600836,0.62004770877,-0.467309177,1.690549495,1.000178354626,2900.16912371106,3302.93129667563
"crossing_anom[55]",0.0202345587735865,-0.19817744,1.27306649977472,1.285747718283,-1.417391445,2.33153986,0.999878718170517,5219.80481478643,3866.30903964995
"crossing_anom[56]",1.28949660280745,1.1583814,0.890166885166175,0.66974868618,0.330835801,3.15119387,0.999797488626008,6170.82718591693,4497.0882666681
"crossing_anom[57]",4.23511767856667,4.02193535,0.436230273078241,0.45193784454,3.67086241,5.084547325,0.999603331971372,4734.7065210837,5075.90912728377
"crossing_anom[58]",-2.35742399185,-2.36515645,0.697843892789327,1.02268776897,-3.319923585,-1.314413315,0.999713258181321,6014.50880861618,4445.01641207577
"crossing_anom[59]",-1.55694328084467,-1.41406145,1.0233167630758,1.40817992931,-3.31939579,-0.2746060785,1.00037369813165,6845.62574726289,5722.62150588347
"crossing_anom[60]",-2.59927262924817,-2.29446655,0.788133957006543,0.39360250125,-4.04684969,-1.79712492,0.999836158828651,7133.47895638652,3831.86719219138
"eta[1]",126.984862503333,126.97983,2.6619303829863,2.59546179899999,122.621655,131.2878955,1.00187174213457,5609.16015263152,4381.59311547045
"eta[2]",136.449442985,136.220055,2.6957959929957,2.63269729799999,132.3604625,141.233295,1.00033517074602,6685.62056641117,4551.68075724943
"eta[3]",138.684827078333,138.69256,2.19699215957511,2.209348281,135.050296,142.2961965,1.00112398421057,6043.951565087,3771.8721579653
"eta[4]",134.133364493333,134.189695,2.33407734706931,2.31405690599998,130.3458935,137.8555125,1.00031426672411,6665.17374510096,4492.41642669808
"eta[5]",128.455002786667,128.542835,2.36079635143916,2.302240584,124.3301265,132.112536,1.00121268892376,5514.6691611066,4279.6458657955
"eta[6]",129.708925216667,129.85411,1.98920255294464,2.10857595899999,126.307074,132.791825,1.00036208510328,4254.48336818254,4332.03176994148
"eta[7]",137.709256173333,137.479425,2.04541056680744,1.978047855,134.725875,141.3296095,1.00035351764109,6202.15542407679,4268.2315693154
"eta[8]",136.733565303333,136.74207,1.36288131965018,1.33803167400002,134.474073,138.992154,1.00008045687519,6175.14580809761,4602.5872387461
"eta[9]",137.243366461667,137.27302,1.94993691962542,1.96793652300002,134.043261,140.443607,1.00148274041786,5859.44318894648,4015.9087676407
"eta[10]",134.799419766667,134.526725,2.08570288763691,2.16008889599999,131.754938,138.5473685,1.0003758486807,5535.74280501778,4510.36414535993
"eta[11]",133.946474808333,133.83593,2.44201711398309,2.38781625599999,130.1831095,138.117321,1.00087210149556,5929.37381994345,4192.39709982471
"eta[12]",137.10659568,137.10355,1.46849599448194,1.47692164199999,134.7250335,139.4774835,1.00061395848486,6019.64432184349,4447.9642747122
"eta[13]",131.731470193333,131.71623,1.55670787232787,1.55140005300001,129.1741895,134.3280955,0.999848227612269,5685.28918330444,4144.19540181687
"eta[14]",133.493468413333,133.46918,2.50240840881632,2.45734278300002,129.467793,137.577082,1.00068068239373,6620.52029863205,4347.23009645764
"eta[15]",123.240120598333,123.27915,1.65825806665592,1.61226819600001,120.428722,125.863175,1.00047419428119,5532.56317165422,4531.63184840242
"eta[16]",116.893729171667,116.883925,1.84582233229228,1.84346484,113.875626,119.912411,1.00046829034831,5723.8923436931,4126.62288354478
"eta[17]",125.318051945,125.346275,2.55617285538243,2.487039261,121.1239055,129.546321,1.00026991543538,5152.54996525152,4116.35533869769
"eta[18]",127.8397888,127.841185,1.84433012600497,1.847808858,124.795584,130.8220715,0.999828212149089,4904.16831267283,4853.65633024796
"eta[19]",120.986830738333,121.01178,2.46887374634786,2.46801750299999,116.9380195,125.1126545,1.00027241819285,5355.32306655042,4282.12420716027
"eta[20]",116.315612783333,116.33116,2.12062341850242,2.136560034,112.868362,119.722279,1.00110676101022,6265.00764453196,4002.71208334996
"eta[21]",120.260539351667,120.245065,1.96527840924135,1.95601641900002,117.0143345,123.4535505,1.00043881270102,4973.47811099293,4437.37807748235
"eta[22]",125.716900798333,125.736005,2.11353756891052,2.121474579,122.161394,129.026638,1.0000263341913,5578.3937175545,3659.52697235598
"eta[23]",112.833428848333,112.800335,1.49325498292476,1.472414538,110.4386385,115.2987385,0.999880491296008,5577.56033911206,3998.85145866506
"eta[24]",121.907629376667,121.89229,3.28015695023323,3.15070291199999,116.5008665,127.3901755,1.00039256417167,5477.26806903751,3934.71154464792
"eta[25]",120.125868585,120.00247,2.25573684927777,2.09033256599999,116.6423595,123.9281985,0.99994004937131,5033.8419371095,4346.11480884091
"eta[26]",125.860565471667,125.901935,1.70813086952223,1.679904408,122.9562215,128.588916,1.00033412751067,5363.24861961483,4176.41018689549
"eta[27]",126.740459545,126.72246,2.1084552545842,2.19152742900001,123.2367435,130.193099,0.999682649762729,5895.1117261304,4859.61320152264
"eta[28]",114.968254938333,114.96848,2.18563456293156,2.178628809,111.3987225,118.511318,1.00009277740689,6000.01638819691,4140.1040761973
"eta[29]",116.824982975,116.788915,1.65854013617922,1.617872424,114.133893,119.6175275,0.999744778856017,5097.44820204881,4514.70914504232
"eta[30]",121.361060558333,121.605,2.0835927767302,1.903858551,117.462642,124.407457,1.00024614351629,5504.45163479487,4499.7323168204
"eta[31]",111.939711265,111.93421,1.66488971094077,1.55093303399999,109.332544,114.554974,1.00030621417589,5856.73083383443,4328.72756238065
"eta[32]",123.85132946,123.85179,2.75925673812788,2.70789477,119.2802485,128.4037145,1.00034323299401,5616.16995435003,4323.46243986207
"eta[33]",127.30622877,127.09786,2.59332095183244,2.33489484899999,123.44495,131.79219,1.00018693386951,5287.8644123679,3560.57651782156
"eta[34]",126.010202866667,125.94402,1.67450686214465,1.605789234,123.437858,128.7530705,1.00012724445732,5502.91267575942,4143.10348171109
"eta[35]",121.528157108333,121.49597,1.83042421371792,1.807652637,118.630193,124.6220025,1.0014897734232,4091.30758863945,4512.17061680242
"eta[36]",117.203856536667,117.24318,2.8717628577683,2.85934235999999,112.424127,121.783925,1.00036018706332,5952.9639940086,3786.40556292288
"eta[37]",115.569060836667,115.605825,1.79748071555667,1.69347019799999,112.6086235,118.377699,1.00023064050913,5330.64893299281,4549.89417908747
"eta[38]",110.614131251667,110.611095,2.54358148976788,2.52961212,106.4046015,114.8190595,1.00075713565254,4511.07901067197,4382.77013193721
"eta[39]",107.0248450575,107.048105,2.94224432103707,2.952190185,102.2638895,111.7292675,1.00087283371751,4434.96108432856,4481.84053682493
"eta[40]",110.587355391667,110.612135,2.83140820479393,2.88547318500001,105.905311,115.205717,0.999893812155187,5424.09141823267,4213.27632285247
"eta[41]",109.955782236667,109.93347,2.70996847741545,2.676500715,105.508017,114.5215065,1.00012201856647,5623.40252137606,4249.14262019537
"eta[42]",106.767928893167,106.74645,2.7022826494779,2.618219709,102.307523,111.274939,1.00057364586142,5679.32426245053,3852.92161709623
"eta[43]",99.8623138095,100.00809,3.273224084648,3.1387264692,94.1413565,105.003593,1.00001160331497,4578.17001500587,4035.76260895567
"eta[44]",104.598238844833,104.59071,2.46532252725058,2.457913584,100.546647,108.609547,0.999873301474633,6391.76065869204,4665.05014255475
"eta[45]",113.778166738333,113.775535,1.79356836517263,1.76557644899999,110.8011695,116.7362025,1.00049881874192,6172.21799727434,4229.87120825733
"eta[46]",145.873571033333,145.85267,2.94333549293676,2.919721245,141.0543385,150.703408,0.999577939031566,6504.5876796298,3960.52506076065
"eta[47]",153.5441489,153.588325,2.66430911246829,2.618056623,149.158542,157.916993,1.00031395936593,6512.12873102687,4389.58175708116
"eta[48]",148.352256215,148.32214,2.69264932256718,2.63450607000002,143.981581,152.8367335,0.999919089295374,6073.75569739238,4661.09149339791
"eta[49]",157.107133481667,157.062985,2.64120169903475,2.639939799,152.8823315,161.5353355,0.999746540655816,6790.51896472443,4075.11406715433
"eta[50]",149.403720135,149.39511,2.77209866421021,2.75844401699998,144.840293,153.9184525,1.00014836541987,6642.12979848083,4512.47620286312
"eta[51]",154.295232371667,154.2901,2.54843426280158,2.51578687500001,150.186283,158.513839,0.999799933924336,7168.46599410292,4451.4903476801
"eta[52]",151.74657797,151.71948,2.69365178473239,2.655351426,147.380889,156.25024,0.99988021151532,6531.60152553038,4629.4431679026
"eta[53]",149.813945841667,149.83434,2.86462382433232,2.869883646,145.1065535,154.4696895,1.00031900780102,6911.32452758114,4403.12723831935
"eta[54]",134.983509045,135.010985,2.06600701468377,2.043875295,131.546163,138.2731545,0.99986773845131,5572.28455328316,4061.36243356297
"eta[55]",140.396885821667,140.39197,2.29796161921133,2.261402367,136.619131,144.210621,1.00093404718,6160.32590484921,4808.93228861703
"eta[56]",135.882572148333,135.81589,1.95692158586791,1.89700893900003,132.7100305,139.1815835,1.00058522598384,6279.62392305934,4579.9422074795
"eta[57]",143.45505386,143.448535,1.69137114540192,1.67129050199997,140.6775035,146.2357075,1.00131394827409,6439.50576411192,4480.80563961215
"eta[58]",132.814009061667,132.77825,1.76474189896239,1.74826709400003,129.8725715,135.7444585,1.00076489678384,6665.01774449078,4461.8426092064
"eta[59]",137.662992928333,137.65269,1.92498213507883,1.96028630699999,134.4718365,140.7431215,1.00059492075281,6986.69347812238,4621.48050296172
"eta[60]",135.46394838,135.48554,1.64791190178958,1.595840988,132.7016155,138.209924,1.00051860107923,6576.69619398105,4527.51579771584
"y_rep[1]",126.832321292167,126.785215,9.62114322403327,9.50107160099998,110.9742265,142.6330205,1.00051386647976,5807.01490752852,6052.22318444
"y_rep[2]",136.4486812995,136.448385,9.52376891629361,9.547677132,120.759549,151.762298,0.999974983946238,5686.48739176878,5705.91885794555
"y_rep[3]",138.463110136667,138.54486,9.39311790680043,9.26670219300002,122.626737,153.589222,1.00020564971233,5690.22011322571,5378.63714062489
"y_rep[4]",134.049568794667,134.053925,9.57683684280546,9.442716465,118.3036455,149.9502165,0.999907818768578,6411.25325335864,5749.77511600355
"y_rep[5]",128.469102376167,128.41609,9.54456374101288,9.40912074899999,113.0219745,144.511931,1.0000852087909,5661.85540914498,5555.93719741282
"y_rep[6]",129.714589190833,129.542055,9.58074460338513,9.61208868899998,114.4807355,145.544799,1.00105116699704,5929.83991162634,5687.13065628455
"y_rep[7]",137.840528903333,137.82835,9.46053984007346,9.37792684499999,122.3046435,153.421255,1.00017625102341,5957.3517150412,5868.90730073256
"y_rep[8]",136.5640686365,136.61476,9.31881455891774,9.21271331399999,121.195381,152.009342,0.999939925924372,5895.80692721425,5732.4375744185
"y_rep[9]",137.2520185255,137.419465,9.45431699583894,9.236168046,121.513816,152.736769,1.00032456967293,5931.89208257286,5270.58068283036
"y_rep[10]",134.658281455,134.6551,9.46722584345841,9.59624710800001,119.096679,150.069178,1.00035825260541,6170.04583669027,6099.54840170881
"y_rep[11]",133.93510292,133.94821,9.551423734885,9.71907310500001,118.467435,149.5586855,1.00016268762418,5785.78259020928,5871.09749448598
"y_rep[12]",137.02851207,137.109075,9.27562843634694,9.055313085,121.90593,152.2779405,1.00007762788572,5710.62792264787,5848.02339195163
"y_rep[13]",131.723053977,131.758505,9.21837634244941,9.18472923900001,116.53916,146.8833105,0.999639301023336,5953.32747544404,5932.93259879212
"y_rep[14]",133.533913692333,133.48245,9.5942116718786,9.32734053299999,117.575987,149.528008,1.00015230741491,6376.14171099063,5760.14546895616
"y_rep[15]",123.159916953667,123.070315,9.26595237188819,9.063363603,107.957551,138.3226695,0.999873954537767,5925.32796855756,5849.31979415912
"y_rep[16]",117.056816485167,117.080955,9.43939687833608,9.32879348099999,101.7243885,132.497701,1.00034163126931,5955.61532868356,5918.68143176679
"y_rep[17]",125.470335750833,125.42537,9.64702271084298,9.42952132499999,109.6892235,141.0692775,0.99995812477601,6051.68278422018,5694.53395314917
"y_rep[18]",127.808719984667,127.810405,9.52153651292124,9.622822713,112.2493065,143.5604515,1.00087570926561,5953.01670417163,5768.24185426746
"y_rep[19]",121.086389631667,120.992775,9.57403167234442,9.50665359000001,105.388459,136.945516,0.999957614978255,5797.93406150933,5843.9387243308
"y_rep[20]",116.3048767985,116.268985,9.45869952454069,9.230237646,101.008922,131.8683975,1.00043550274884,5622.63712201582,5753.1361845851
"y_rep[21]",120.185114376333,120.211735,9.38646499031853,9.307977777,104.8563955,135.477605,1.00006641901578,5910.48508601433,5770.71454354178
"y_rep[22]",125.791016482833,125.88002,9.46888328557237,9.45660842700002,110.0786575,141.2696835,1.00038846129502,5509.4299825739,5755.20207108701
"y_rep[23]",112.894819222333,112.876325,9.26106110879306,9.18327629099999,97.8033227,128.0738325,0.999926997090148,5385.34711503281,5722.28234950084
"y_rep[24]",121.986800674833,122.018235,9.80418614671444,9.720348141,105.6539115,138.0013925,1.00106745483492,6006.70065742408,5849.11601750132
"y_rep[25]",120.243617703667,120.13608,9.45824056623352,9.178784013,104.847524,135.7717865,1.00051873679356,5947.13661874874,5884.41519754865
"y_rep[26]",126.055694034833,126.124285,9.22850594617929,9.33968317800001,111.2102535,141.0299995,0.99984046648638,6057.81935086874,5707.07769098489
"y_rep[27]",126.7181681725,126.62771,9.38503828295791,9.42714175199998,111.5599185,142.172714,0.999902283773973,5950.6125069641,5694.5901893784
"y_rep[28]",114.964757165,115.030985,9.40854518505292,9.278236821,99.60452135,130.1744575,1.00038185484356,5969.85750038363,5760.14738010972
"y_rep[29]",116.790852163833,116.860135,9.38517662201949,9.197019993,101.676817,132.1794125,0.999765218963337,6048.66819141387,5732.46153129236
"y_rep[30]",121.457066906833,121.375705,9.36366496611459,9.34414580400001,106.0020865,136.8530885,1.00061899172505,5994.21309913839,6108.74493498536
"y_rep[31]",112.0222541045,111.86182,9.42922443422965,9.45474776400001,96.8154352,127.42681,0.999856171418581,5978.00484205864,5400.40590631803
"y_rep[32]",123.744211973833,123.877925,9.546531829537,9.43975126500001,107.909797,139.5681605,1.00046954329765,5563.72645068308,5451.83505255834
"y_rep[33]",127.274988165833,127.431165,9.71766261363657,9.45661583999999,110.8363555,143.0484765,1.00013359956355,5859.19455536729,5887.28454035857
"y_rep[34]",125.9178902665,125.833945,9.36253709525069,9.330402102,110.793959,141.3361105,1.00044606234092,5837.46924367958,5875.01617391843
"y_rep[35]",121.5346260265,121.51907,9.34993238112683,9.44060376,106.1423145,136.813081,0.99977916564554,5921.62947071766,5930.60634223262
"y_rep[36]",117.245363098833,117.26679,9.69143915566127,9.46596363299999,101.256638,132.905881,0.999786314624889,6026.12143963348,5339.776263557
"y_rep[37]",115.722246282833,115.80989,9.41963437983654,9.26269176000001,100.044738,131.1647125,1.00014135844656,6090.28787127829,5579.92626571966
"y_rep[38]",110.484060692667,110.55889,9.62050823303187,9.41339805000001,94.44100515,126.3322685,1.0000824635307,6127.16259932352,5630.09230987042
"y_rep[39]",107.065270394667,107.009295,9.72168833772368,9.27851110199999,91.14172605,122.837916,0.999738617564461,6006.81250396222,5973.53108843963
"y_rep[40]",110.507357804,110.582525,9.68143529435943,9.31816323900001,94.6936506,126.317354,1.00083221920276,6001.06540625392,5735.79592528075
"y_rep[41]",109.790711338167,109.854735,9.53356970299247,9.55506789300001,94.2662968,125.586399,1.00025219797668,5818.24869244712,5973.78489799361
"y_rep[42]",106.687683492333,106.595475,9.39620964744248,9.305042229,91.55082375,122.2700655,0.99987709498034,6168.86868025549,5929.69227990472
"y_rep[43]",100.121320084,100.360105,9.64960101540957,9.50896941120001,84.248848,115.6490475,1.0003236467204,5362.73981195694,5279.46702894765
"y_rep[44]",104.6707016865,104.688075,9.52251136187616,9.4649428629,89.22429505,120.4913165,1.00029486380008,5926.6317373666,5890.77706720768
"y_rep[45]",113.745418436833,113.73903,9.3970394945209,9.41770500299999,98.5203127,128.943545,1.00053180825487,5839.41200912309,5378.98811028486
"y_rep[46]",145.895917561667,145.7877,9.83225378273482,9.936859632,129.921011,162.0449725,0.999738571812876,6090.1868460635,6056.82671244164
"y_rep[47]",153.579337556667,153.434,9.77471733078883,9.62068035600001,137.4824595,169.3668735,1.00009040096127,5935.67406463899,5564.50445845405
"y_rep[48]",148.191056675,148.37113,9.57687509823673,9.50920366199998,132.4529195,163.7336505,1.0000630837562,5863.62986497106,5589.56856281213
"y_rep[49]",157.18036409,157.08797,9.59358481457857,9.47692746000002,141.5080705,172.828494,1.00021643986224,6053.33589636537,5870.56391112318
"y_rep[50]",149.53231024,149.645825,9.6505150129185,9.68334985799999,133.7601695,165.4657045,1.00019963338266,5892.81656535562,5601.6926771418
"y_rep[51]",154.100743446667,154.04984,9.62679692449197,9.48988538399998,138.2019515,169.9713455,0.999781300625949,5913.90386105641,5675.86906448724
"y_rep[52]",151.908127371667,152.03281,9.73164633910197,9.70281639599996,135.612852,167.8064015,1.00001016792969,6202.09254760531,5805.15456147672
"y_rep[53]",149.837484283333,149.68944,9.53273814230073,9.40666704599999,134.2787175,165.3949385,0.999719979449948,6194.19477164787,5646.65555205443
"y_rep[54]",134.868026,134.81133,9.49420088888825,9.336406632,119.343629,150.3951315,1.00020049916558,5547.20249895509,5484.32221352962
"y_rep[55]",140.343220691667,140.32654,9.52825490418663,9.47350265400001,124.562887,156.130609,1.00016233243963,6051.88683605636,5512.39917768508
"y_rep[56]",135.877729395,135.90292,9.36841116044674,9.21573781800002,120.278761,151.197638,1.00054043493068,5895.24996740377,5657.1678761904
"y_rep[57]",143.56598465,143.533095,9.36007510593507,9.09669245100001,128.3543815,158.7730705,1.00082399701312,5949.22287367995,5730.32826807046
"y_rep[58]",132.788488623833,132.788345,9.32898982482057,9.208977162,117.5721675,148.072925,1.00038533648946,5570.96371704295,5679.0743163669
"y_rep[59]",137.545676965,137.3742,9.3766637263208,9.30026084400001,122.2730595,152.753083,0.99985979652693,5903.59701213009,5605.86793855591
"y_rep[60]",135.387557696167,135.44099,9.50547374911445,9.59454211800002,119.792151,150.967597,1.00068232887309,5881.24615354485,5805.07250591312
"log_lik[1]",-3.86813801065,-3.8196206,0.356378157250031,0.32762524452,-4.51339034,-3.3867349,1.00145732735016,6130.05315148824,4317.05486651127
"log_lik[2]",-5.096086931,-5.05719865,0.631723739822057,0.6370391202,-6.184030945,-4.12821129,1.000191696584,6739.13047960617,4352.43899057268
"log_lik[3]",-3.18043513056667,-3.1729358,0.108522549652612,0.10354745268,-3.369302035,-3.01050368,0.999999001561437,4964.12974813262,4148.48696857594
"log_lik[4]",-4.71087799435,-4.65897505,0.485777357424238,0.4707959235,-5.590543415,-4.009016205,1.00027477603162,6988.04001439147,4765.57978158003
"log_lik[5]",-3.2935077383,-3.2700527,0.161320511681355,0.14268179163,-3.59607625,-3.077586415,1.00016765593771,5672.03222752109,4278.98636994768
"log_lik[6]",-3.7359327114,-3.69223955,0.244435011731364,0.23981040174,-4.200911935,-3.400226655,1.00037279102028,4012.01317381783,4468.53435424541
"log_lik[7]",-3.15720330063333,-3.15370835,0.098783407394775,0.0950697976200002,-3.323832965,-3.00117029,0.999788672622638,5219.61044909961,4415.87288512759
"log_lik[8]",-3.14471314146667,-3.1422663,0.0946947031386641,0.0934241116199999,-3.304856455,-2.992532375,1.00001023421962,5439.95203780756,4589.15322555142
"log_lik[9]",-3.15550087753333,-3.15027105,0.0993973358141516,0.0971125238999998,-3.327373535,-3.00014201,0.999949047533892,5034.2209443204,4063.67334187557
"log_lik[10]",-5.49791174433333,-5.46357825,0.584455939481428,0.59814585201,-6.4940051,-4.586945275,1.00016379572083,6074.11775073581,4270.82408853953
"log_lik[11]",-3.30070875501667,-3.283533,0.153238447878792,0.14534861838,-3.56860671,-3.078362105,1.00035539089482,5801.63217558552,4381.39655379457
"log_lik[12]",-5.23204149588333,-5.19919555,0.444942548293869,0.44631456513,-6.01185467,-4.558580475,1.00063759494114,6194.10999461852,4286.87319201134
"log_lik[13]",-3.60825734673333,-3.59735775,0.164375830100158,0.15988669746,-3.90059491,-3.361226545,0.999964497389981,6050.4175399343,4956.71606029384
"log_lik[14]",-4.82993028971667,-4.77816635,0.534288924896167,0.516662971440001,-5.770911685,-4.05137918,1.0005773092704,7099.29237992292,4377.20023822834
"log_lik[15]",-3.14830950316667,-3.14641755,0.0964312975541772,0.0974453675999999,-3.31078028,-2.99478177,0.999636504481871,5324.89386989115,4754.64475758844
"log_lik[16]",-3.15843311375,-3.15520825,0.0986117116371764,0.0972936976200003,-3.326164475,-3.00112813,1.00047437291782,5134.41278800909,4373.94166735991
"log_lik[17]",-3.58603744148333,-3.55302725,0.258088100493866,0.24142324815,-4.06662009,-3.22605239,1.00020033578135,5591.88299619092,3959.68761536201
"log_lik[18]",-3.93964365716667,-3.9134679,0.263180582649872,0.25383031212,-4.4106926,-3.557329075,0.999810496703044,5132.9110031694,4955.90035969569
"log_lik[19]",-3.6753457836,-3.6425533,0.276716687255001,0.265567759800001,-4.179052865,-3.290659125,1.00020349640772,5665.6453616013,4606.79305740399
"log_lik[20]",-4.40783188038333,-4.37091885,0.386938388311288,0.3876658002,-5.095134735,-3.844124105,1.00007222506317,6714.68865103148,4385.59151672969
"log_lik[21]",-3.60936445865,-3.58727715,0.20724878571643,0.19685036175,-3.98227393,-3.30918254,1.00030337061968,5197.97774598439,4495.14408745928
"log_lik[22]",-4.09380693446667,-4.0593307,0.327965548111339,0.31831081002,-4.691263425,-3.63567771,1.00034029039681,5891.70201443895,4092.27757797211
"log_lik[23]",-3.74985151851667,-3.7404343,0.181205759622764,0.17624073915,-4.06570028,-3.477937865,0.999749602661577,6022.70939347851,4640.83519854037
"log_lik[24]",-3.24977348588333,-3.22197175,0.16883354217259,0.13792494366,-3.57054496,-3.032452365,0.999872387844854,4740.82162891478,4959.71530126525
"log_lik[25]",-3.7503706571,-3.73377495,0.256999272572983,0.24906101031,-4.202223205,-3.36455624,0.999831505764926,5329.55078526266,4038.23222836555
"log_lik[26]",-3.25454070641667,-3.24914245,0.115983141003447,0.11416234977,-3.450557785,-3.07977275,1.00007829762466,5095.06531007882,4568.3141081577
"log_lik[27]",-3.55471440746667,-3.53109815,0.210033585581583,0.20928144384,-3.92968793,-3.24212995,0.999945573950455,6134.87633008353,5062.22648268504
"log_lik[28]",-3.20387912241667,-3.1945674,0.118770146521615,0.11246959122,-3.41432997,-3.02895306,0.999926483851052,5429.18299287013,4192.43776265528
"log_lik[29]",-3.55162874133333,-3.532962,0.16777940262672,0.156559743059999,-3.858256045,-3.31281707,0.999700027827672,5414.0883879783,5114.89770965671
"log_lik[30]",-3.4081320621,-3.3743224,0.187269331953945,0.15628323816,-3.77858781,-3.16995644,1.00074405859193,5735.92406532538,4872.4924865766
"log_lik[31]",-3.56138709495,-3.54853655,0.161116072864519,0.15516854535,-3.845832955,-3.321246685,1.00022500872408,6487.73969414583,4532.52494280947
"log_lik[32]",-3.19029520588333,-3.17800845,0.122619915696156,0.11031611472,-3.408830415,-3.015960335,0.999986801379173,4471.37762951042,3933.45911630589
"log_lik[33]",-3.1851090324,-3.16933765,0.133831519276603,0.10753579494,-3.40136781,-3.012520065,1.00043641360349,4415.24258545098,3613.92989761079
"log_lik[34]",-3.64215647903333,-3.62103025,0.191926732300744,0.17212652415,-3.969808205,-3.377674165,1.00026400754602,5898.51264359746,4105.73381066589
"log_lik[35]",-3.27073153003333,-3.25959165,0.12786899893877,0.12288478209,-3.497094935,-3.083699075,0.999811792333648,4142.5817126787,4345.94852188618
"log_lik[36]",-3.35905712438333,-3.32711085,0.201082771726044,0.18008141445,-3.73019444,-3.09643801,1.00012155743969,6161.26772920079,4513.97108039526
"log_lik[37]",-3.15356913021667,-3.14855415,0.0999467862437374,0.0972943647899998,-3.32349902,-2.99841818,0.999560007175687,5257.42718416705,4589.39115596261
"log_lik[38]",-3.96977367713333,-3.92959525,0.357979130363254,0.34677079962,-4.62609251,-3.45754008,1.00085448526217,4800.24834135571,4329.83955472815
"log_lik[39]",-3.19628958146667,-3.18300205,0.129027812090776,0.11067216111,-3.41256507,-3.0168032,1.00007417573268,4643.70912505819,4463.63998690015
"log_lik[40]",-3.66490435473333,-3.622605,0.309600216437011,0.30468386277,-4.238440795,-3.24419371,0.999879801107321,5727.7516324242,4723.79900795375
"log_lik[41]",-3.8476804548,-3.80107135,0.35031154073042,0.3313729608,-4.499604055,-3.36290435,1.00029013081846,5965.50249734128,4895.73981579577
"log_lik[42]",-3.35553327838333,-3.3220407,0.196895727007228,0.17669337693,-3.72942957,-3.097567255,1.00045347395103,5918.34013492029,4426.64472458152
"log_lik[43]",-4.0108475665,-3.9245291,0.482482162343763,0.42464947959,-4.920094145,-3.39057331,1.00029499568124,4801.87258766776,4375.66171128967
"log_lik[44]",-3.34898079213333,-3.32461215,0.178627647077353,0.16866317055,-3.682781615,-3.105502725,1.00000965557192,6516.78415671222,4745.37196299056
"log_lik[45]",-3.36190383771667,-3.3500833,0.139568286719349,0.13813643655,-3.61165338,-3.152975625,1.00018592469089,6815.2522505294,4736.25431466621
"log_lik[46]",-3.21559619163333,-3.1993003,0.139995271500767,0.12481660989,-3.46954649,-3.02429107,0.999799375433718,4793.63591696544,4352.0341154408
"log_lik[47]",-4.50745569228333,-4.47013215,0.501295459786375,0.494958745259999,-5.388385795,-3.781751335,1.00063858650064,6704.13056357171,4505.22315394474
"log_lik[48]",-3.25016293948333,-3.22989145,0.151006030603898,0.137322044370001,-3.525812595,-3.046796035,0.999890449834327,5217.5097726038,4691.10933086855
"log_lik[49]",-4.47138141221667,-4.4143504,0.49291123112203,0.48696775365,-5.350567045,-3.77168593,1.00090714126495,6869.27921973705,4501.50686001553
"log_lik[50]",-3.8213782164,-3.7692053,0.349418923829867,0.33459109236,-4.475651005,-3.333458765,1.00023082589084,6854.63011350721,5018.14513219658
"log_lik[51]",-3.17023582116667,-3.16305855,0.108134185638284,0.10329978435,-3.353405655,-3.005039565,1.00016537105544,4370.04251695532,4204.04546916091
"log_lik[52]",-3.2445981084,-3.22260145,0.147243370632417,0.12604642659,-3.52188717,-3.04691799,1.00022424069333,5806.06649951358,4382.40657775671
"log_lik[53]",-3.18280464755,-3.173143,0.11748394696753,0.10761882054,-3.388301865,-3.01168439,1.00014357507648,3942.79958414807,3712.26975167114
"log_lik[54]",-3.16557720315,-3.16082045,0.103296554512852,0.10022583564,-3.344314725,-3.00403199,0.999830740259683,5000.10077017935,4702.27922410935
"log_lik[55]",-3.72979769696667,-3.6947563,0.272942981637806,0.25652553066,-4.22451598,-3.348598685,1.00095434611424,6498.38796627701,4834.53746897143
"log_lik[56]",-3.17790206133333,-3.17275495,0.104273736990517,0.10306790571,-3.357343985,-3.01500029,0.999802634816519,5304.90435019385,4382.97411948503
"log_lik[57]",-3.15166068771667,-3.1481844,0.0976459514313638,0.0970996994100001,-3.316241685,-2.99659326,0.999981834060748,5168.06532646389,4096.73039445341
"log_lik[58]",-3.15044892655,-3.14738755,0.0968505138766585,0.0964008017700005,-3.314800735,-2.99502011,0.999656469585714,5270.54663206803,4328.55960443344
"log_lik[59]",-3.64471520465,-3.6252794,0.211830675302871,0.20915727609,-4.023560145,-3.340099795,1.0005217806927,7388.43648565705,5097.84631932568
"log_lik[60]",-4.22054017278333,-4.20100425,0.287136131196214,0.283003506449999,-4.725831655,-3.79089886,1.00018700058475,6538.6978001816,4554.49967327287
