uid,nightuid,namedLocation,domainID,siteID,plotID,trapCoordinate,plotType,nlcdClass,decimalLatitude,decimalLongitude,geodeticDatum,coordinateUncertainty,elevation,elevationUncertainty,trapStatus,trapType,collectDate,endDate,tagID,individualCode,taxonID,scientificName,taxonRank,identificationQualifier,identificationReferences,identificationHistoryID,voucherUpdate,nativeStatusCode,sex,recapture,fate,replacedTag,lifeStage,testes,nipples,pregnancyStatus,vagina,hindfootLength,earLength,tailLength,totalLength,weight,larvalTicksAttached,nymphalTicksAttached,adultTicksAttached,tickNumber,additionalParasites,frozenSamplePrepMethod,bloodSampleID,bloodSampleBarcode,bloodSampleMethod,bloodSampleVolume,fecalSampleID,fecalSampleBarcode,fecalSampleCondition,earSampleID,earSampleBarcode,hairSampleID,hairSampleBarcode,hairSampleContents,voucherSampleID,voucherSampleBarcode,measuredBy,recordedBy,identifiedBy,identifiedDate,remarks,dataQF,dataEntryRecordID
"67fa472d-57ea-47c9-bd31-c197c700c85c","9cb04b2f-d122-4d85-9882-b4674249a3e5","UNDE_012.mammalGrid.mam","D05","UNDE","UNDE_012","H7","distributed","woodyWetlands",46.237255,-89.502396,"WGS84",45.2,522.2,0.3,"6 - trap set and empty","ShermanLF","2024-07-31","2024-07-31",,,,,,,,,,,,,,,,,,,,,,,,,,,,,,,,,,,,,,,,,,,,,"0009-0001-9131-5010","0009-0005-4169-543X",,,,,"ed4a670a-6bb8-4144-87e9-db4cd5770eb0"
"bace5af0-502e-4523-ae80-f51634dfa8e2","9cb04b2f-d122-4d85-9882-b4674249a3e5","UNDE_012.mammalGrid.mam","D05","UNDE","UNDE_012","I3","distributed","woodyWetlands",46.237255,-89.502396,"WGS84",45.2,522.2,0.3,"6 - trap set and empty","ShermanLF","2024-07-31","2024-07-31",,,,,,,,,,,,,,,,,,,,,,,,,,,,,,,,,,,,,,,,,,,,,"0009-0001-9131-5010","0009-0005-4169-543X",,,,,"989ca28a-4c76-4aa3-8ff1-0ddabf8fa117"
"fd52a376-3a4d-4ee7-95e7-2df5a225ea7a","79029f78-6929-4c82-9f59-d650a4e3a0c3","UNDE_032.mammalGrid.mam","D05","UNDE","UNDE_032","H4","distributed","mixedForest",46.244036,-89.536945,"WGS84",45.2,510.5,0.2,"6 - trap set and empty","ShermanLF","2024-07-31","2024-07-31",,,,,,,,,,,,,,,,,,,,,,,,,,,,,,,,,,,,,,,,,,,,,"0009-0008-2811-4380","0009-0002-9960-9029",,,,,"84541cce-da74-4b34-a91e-835189a0fb35"
"1293ae53-d1aa-4fd4-af26-9a052ac46279","79029f78-6929-4c82-9f59-d650a4e3a0c3","UNDE_032.mammalGrid.mam","D05","UNDE","UNDE_032","E6","distributed","mixedForest",46.244036,-89.536945,"WGS84",45.2,510.5,0.2,"6 - trap set and empty","ShermanLF","2024-07-31","2024-07-31",,,,,,,,,,,,,,,,,,,,,,,,,,,,,,,,,,,,,,,,,,,,,"0009-0008-2811-4380","0009-0002-9960-9029",,,,,"52b9adfe-1ea3-4ca1-8a77-de8973cfb634"
"9bafdc10-9209-4e48-a02c-cffa870779d0","79029f78-6929-4c82-9f59-d650a4e3a0c3","UNDE_032.mammalGrid.mam","D05","UNDE","UNDE_032","G2","distributed","mixedForest",46.244036,-89.536945,"WGS84",45.2,510.5,0.2,"6 - trap set and empty","ShermanLF","2024-07-31","2024-07-31",,,,,,,,,,,,,,,,,,,,,,,,,,,,,,,,,,,,,,,,,,,,,"0009-0008-2811-4380","0009-0002-9960-9029",,,,,"c59462d3-035c-4192-8424-43e666bc5d87"
"998c0b57-76e3-46fb-8b09-3e808d5bdaea","79029f78-6929-4c82-9f59-d650a4e3a0c3","UNDE_032.mammalGrid.mam","D05","UNDE","UNDE_032","B1","distributed","mixedForest",46.244036,-89.536945,"WGS84",45.2,510.5,0.2,"6 - trap set and empty","ShermanLF","2024-07-31","2024-07-31",,,,,,,,,,,,,,,,,,,,,,,,,,,,,,,,,,,,,,,,,,,,,"0009-0008-2811-4380","0009-0002-9960-9029",,,,,"1ff3f211-639e-49b9-b320-e1acbc4e79df"
"cfe76a58-2bf7-4e53-a040-48b29c6b6f7e","79029f78-6929-4c82-9f59-d650a4e3a0c3","UNDE_032.mammalGrid.mam","D05","UNDE","UNDE_032","G6","distributed","mixedForest",46.244036,-89.536945,"WGS84",45.2,510.5,0.2,"6 - trap set and empty","ShermanLF","2024-07-31","2024-07-31",,,,,,,,,,,,,,,,,,,,,,,,,,,,,,,,,,,,,,,,,,,,,"0009-0008-2811-4380","0009-0002-9960-9029",,,,,"524d8edd-8f85-48f6-8f3a-3ab8adc2efd8"
"c815c8ff-f88e-4d0f-8ac7-99de7fe43137","79029f78-6929-4c82-9f59-d650a4e3a0c3","UNDE_032.mammalGrid.mam","D05","UNDE","UNDE_032","G3","distributed","mixedForest",46.244036,-89.536945,"WGS84",45.2,510.5,0.2,"6 - trap set and empty","ShermanLF","2024-07-31","2024-07-31",,,,,,,,,,,,,,,,,,,,,,,,,,,,,,,,,,,,,,,,,,,,,"0009-0008-2811-4380","0009-0002-9960-9029",,,,,"b125d04e-b87a-4c0e-bcc4-b82238df91f8"
"7cf08260-77cb-4e9a-b960-90dc612d4f88","9cb04b2f-d122-4d85-9882-b4674249a3e5","UNDE_012.mammalGrid.mam","D05","UNDE","UNDE_012","B9","distributed","woodyWetlands",46.237255,-89.502396,"WGS84",45.2,522.2,0.3,"1 - trap not set","ShermanLF","2024-07-31","2024-07-31",,,,,,,,,,,,,,,,,,,,,,,,,,,,,"did not check","dry ice",,,,,,,,,,,,,,,"0009-0001-9131-5010","0009-0005-4169-543X",,,,,"8f260929-c826-41d7-b187-76012090fd95"
"383d1482-e9e4-4afe-a7f2-0d4cf5591909","79029f78-6929-4c82-9f59-d650a4e3a0c3","UNDE_032.mammalGrid.mam","D05","UNDE","UNDE_032","D6","distributed","mixedForest",46.244036,-89.536945,"WGS84",45.2,510.5,0.2,"6 - trap set and empty","ShermanLF","2024-07-31","2024-07-31",,,,,,,,,,,,,,,,,,,,,,,,,,,,,,,,,,,,,,,,,,,,,"0009-0008-2811-4380","0009-0002-9960-9029",,,,,"fabc3114-113f-4fec-b785-a2ed3591af91"
"e57f0392-980a-44c0-9e29-eb17112eb37d","79029f78-6929-4c82-9f59-d650a4e3a0c3","UNDE_032.mammalGrid.mam","D05","UNDE","UNDE_032","J8","distributed","mixedForest",46.244036,-89.536945,"WGS84",45.2,510.5,0.2,"6 - trap set and empty","ShermanLF","2024-07-31","2024-07-31",,,,,,,,,,,,,,,,,,,,,,,,,,,,,,,,,,,,,,,,,,,,,"0009-0008-2811-4380","0009-0002-9960-9029",,,,,"22503631-5d18-436f-b1d8-96e7de076348"
"3b98dd44-370a-4a87-95c0-67dd18ab3e4c","9cb04b2f-d122-4d85-9882-b4674249a3e5","UNDE_012.mammalGrid.mam","D05","UNDE","UNDE_012","F10","distributed","woodyWetlands",46.237255,-89.502396,"WGS84",45.2,522.2,0.3,"1 - trap not set","ShermanLF","2024-07-31","2024-07-31",,,,,,,,,,,,,,,,,,,,,,,,,,,,,"did not check","dry ice",,,,,,,,,,,,,,,"0009-0001-9131-5010","0009-0005-4169-543X",,,,,"db278587-2f49-45ab-9091-e25e52d892f1"
"8b98fa43-2e47-426b-a3e2-a2166dab4b25","79029f78-6929-4c82-9f59-d650a4e3a0c3","UNDE_032.mammalGrid.mam","D05","UNDE","UNDE_032","E1","distributed","mixedForest",46.244036,-89.536945,"WGS84",45.2,510.5,0.2,"6 - trap set and empty","ShermanLF","2024-07-31","2024-07-31",,,,,,,,,,,,,,,,,,,,,,,,,,,,,,,,,,,,,,,,,,,,,"0009-0008-2811-4380","0009-0002-9960-9029",,,,,"71fe8e4c-b35d-43e7-b186-5873b71a43a7"
"e36a0347-852a-437a-9b4e-fb92c0ac08f0","9cb04b2f-d122-4d85-9882-b4674249a3e5","UNDE_012.mammalGrid.mam","D05","UNDE","UNDE_012","D8","distributed","woodyWetlands",46.237255,-89.502396,"WGS84",45.2,522.2,0.3,"1 - trap not set","ShermanLF","2024-07-31","2024-07-31",,,,,,,,,,,,,,,,,,,,,,,,,,,,,"did not check","dry ice",,,,,,,,,,,,,,,"0009-0001-9131-5010","0009-0005-4169-543X",,,,,"53139d69-29f1-4390-b571-7710f466c6e6"
"19f79de4-3ace-4775-a0a0-a30139604f29","79029f78-6929-4c82-9f59-d650a4e3a0c3","UNDE_032.mammalGrid.mam","D05","UNDE","UNDE_032","B2","distributed","mixedForest",46.244036,-89.536945,"WGS84",45.2,510.5,0.2,"6 - trap set and empty","ShermanLF","2024-07-31","2024-07-31",,,,,,,,,,,,,,,,,,,,,,,,,,,,,,,,,,,,,,,,,,,,,"0009-0008-2811-4380","0009-0002-9960-9029",,,,,"f27ccb20-d412-4795-9016-33189a65703e"
"821d1142-5cbf-454f-86f2-d80b8df69de2","79029f78-6929-4c82-9f59-d650a4e3a0c3","UNDE_032.mammalGrid.mam","D05","UNDE","UNDE_032","H7","distributed","mixedForest",46.244036,-89.536945,"WGS84",45.2,510.5,0.2,"6 - trap set and empty","ShermanLF","2024-07-31","2024-07-31",,,,,,,,,,,,,,,,,,,,,,,,,,,,,,,,,,,,,,,,,,,,,"0009-0008-2811-4380","0009-0002-9960-9029",,,,,"b10a634b-3964-42e3-80db-6d396d31b43a"
"de05cfeb-eaba-4f21-a116-629bb0d23f56","9cb04b2f-d122-4d85-9882-b4674249a3e5","UNDE_012.mammalGrid.mam","D05","UNDE","UNDE_012","J7","distributed","woodyWetlands",46.237255,-89.502396,"WGS84",45.2,522.2,0.3,"6 - trap set and empty","ShermanLF","2024-07-31","2024-07-31",,,,,,,,,,,,,,,,,,,,,,,,,,,,,,,,,,,,,,,,,,,,,"0009-0001-9131-5010","0009-0005-4169-543X",,,,,"95ba155c-a5b1-42cb-a619-bb44a8166246"
"c5a912b0-0cb9-4a60-b9ad-ae4474d8d371","79029f78-6929-4c82-9f59-d650a4e3a0c3","UNDE_032.mammalGrid.mam","D05","UNDE","UNDE_032","H2","distributed","mixedForest",46.244036,-89.536945,"WGS84",45.2,510.5,0.2,"6 - trap set and empty","ShermanLF","2024-07-31","2024-07-31",,,,,,,,,,,,,,,,,,,,,,,,,,,,,,,,,,,,,,,,,,,,,"0009-0008-2811-4380","0009-0002-9960-9029",,,,,"59853695-c4d6-4cfe-86ed-48257ceb394d"
"63d5f2cc-0097-4599-8e89-f1256159342f","9cb04b2f-d122-4d85-9882-b4674249a3e5","UNDE_012.mammalGrid.mam","D05","UNDE","UNDE_012","A5","distributed","woodyWetlands",46.237255,-89.502396,"WGS84",45.2,522.2,0.3,"6 - trap set and empty","ShermanLF","2024-07-31","2024-07-31",,,,,,,,,,,,,,,,,,,,,,,,,,,,,,,,,,,,,,,,,,,,,"0009-0001-9131-5010","0009-0005-4169-543X",,,,,"d2a40a24-a684-4b3b-ac41-999434817615"
"dd9877a9-37c8-4a7c-af99-6cb0ea8d74c7","79029f78-6929-4c82-9f59-d650a4e3a0c3","UNDE_032.mammalGrid.mam","D05","UNDE","UNDE_032","B7","distributed","mixedForest",46.244036,-89.536945,"WGS84",45.2,510.5,0.2,"3 - trap door open or closed w/ spoor left","ShermanLF","2024-07-31","2024-07-31",,,,,,,,,,,,,,,,,,,,,,,,,,,,,"did not check","dry ice",,,,,,,,,,,,,,,"0009-0008-2811-4380","0009-0002-9960-9029",,,,,"037f6bfc-4b02-43e4-926f-1ee3caf4a5c5"
"ac89c13a-13e3-4c83-90dc-c66d7abe174b","9cb04b2f-d122-4d85-9882-b4674249a3e5","UNDE_012.mammalGrid.mam","D05","UNDE","UNDE_012","C3","distributed","woodyWetlands",46.237255,-89.502396,"WGS84",45.2,522.2,0.3,"2 - trap disturbed/door closed but empty","ShermanLF","2024-07-31","2024-07-31",,,,,,,,,,,,,,,,,,,,,,,,,,,,,"did not check","dry ice",,,,,,,,,,,,,,,"0009-0001-9131-5010","0009-0005-4169-543X",,,,,"41d74f70-d0e9-4990-9bba-74bf9d878c2f"
"e049c7e0-eef7-4ce6-b500-4f95ca440304","9cb04b2f-d122-4d85-9882-b4674249a3e5","UNDE_012.mammalGrid.mam","D05","UNDE","UNDE_012","I5","distributed","woodyWetlands",46.237255,-89.502396,"WGS84",45.2,522.2,0.3,"6 - trap set and empty","ShermanLF","2024-07-31","2024-07-31",,,,,,,,,,,,,,,,,,,,,,,,,,,,,,,,,,,,,,,,,,,,,"0009-0001-9131-5010","0009-0005-4169-543X",,,,,"39443043-e0e0-47aa-9c99-3b84bbf1f860"
"c86a6c51-1286-4300-932f-d3b2fe9acf00","79029f78-6929-4c82-9f59-d650a4e3a0c3","UNDE_032.mammalGrid.mam","D05","UNDE","UNDE_032","I7","distributed","mixedForest",46.244036,-89.536945,"WGS84",45.2,510.5,0.2,"5 - capture","ShermanLF","2024-07-31","2024-07-31","NEON.MAM.D05.R9702",,"PEMA","Peromyscus maniculatus","species","cf. species",,,,"N","M","N","processed",,"subadult","nonscrotal",,,,17,15,,,9,"N","N","N",,"fleas","dry ice",,,,,"UNDE.20240731.R9702.F","D00000208562","ok",,,,,,,,"0009-0008-2811-4380","0009-0002-9960-9029",,,,,"946a76cb-f55f-4528-a1eb-e5d06bff49d1"
"fa8c0124-12d4-43ce-a3f6-1c660730ac1d","79029f78-6929-4c82-9f59-d650a4e3a0c3","UNDE_032.mammalGrid.mam","D05","UNDE","UNDE_032","F4","distributed","mixedForest",46.244036,-89.536945,"WGS84",45.2,510.5,0.2,"6 - trap set and empty","ShermanLF","2024-07-31","2024-07-31",,,,,,,,,,,,,,,,,,,,,,,,,,,,,,,,,,,,,,,,,,,,,"0009-0008-2811-4380","0009-0002-9960-9029",,,,,"769efa4b-e071-4d13-9878-a30f2121c7b0"
"c7d3b554-98a1-46b4-a779-72a75dc3beff","79029f78-6929-4c82-9f59-d650a4e3a0c3","UNDE_032.mammalGrid.mam","D05","UNDE","UNDE_032","G10","distributed","mixedForest",46.244036,-89.536945,"WGS84",45.2,510.5,0.2,"6 - trap set and empty","ShermanLF","2024-07-31","2024-07-31",,,,,,,,,,,,,,,,,,,,,,,,,,,,,,,,,,,,,,,,,,,,,"0009-0008-2811-4380","0009-0002-9960-9029",,,,,"466e1ace-002b-43f2-9bba-f2d398c90db2"
"1927dbea-a1f6-4de2-b812-7a20ec33e89b","9cb04b2f-d122-4d85-9882-b4674249a3e5","UNDE_012.mammalGrid.mam","D05","UNDE","UNDE_012","H1","distributed","woodyWetlands",46.237255,-89.502396,"WGS84",45.2,522.2,0.3,"6 - trap set and empty","ShermanLF","2024-07-31","2024-07-31",,,,,,,,,,,,,,,,,,,,,,,,,,,,,,,,,,,,,,,,,,,,,"0009-0001-9131-5010","0009-0005-4169-543X",,,,,"7f6e7d4c-0747-42c1-ad56-d3fd23139c04"
"f1a46a9b-640f-448d-9673-b5061a433b20","79029f78-6929-4c82-9f59-d650a4e3a0c3","UNDE_032.mammalGrid.mam","D05","UNDE","UNDE_032","H3","distributed","mixedForest",46.244036,-89.536945,"WGS84",45.2,510.5,0.2,"5 - capture","ShermanLF","2024-07-31","2024-07-31","NEON.MAM.D05.O032H320240731",,"NAIN","Napaeozapus insignis","species",,,,,"N","F","N","processed",,"adult",,"nonenlarged","pregnant","unknown",,,,,,"U","U","U",,"did not check","dry ice",,,,,,,,,,,,,,,"0009-0008-2811-4380","0009-0002-9960-9029",,,,,"eb0e2f2e-910b-4aed-81fb-6072eacab665"
"a9d2d1ea-eb5b-4f4e-9af1-9ae07732b780","9cb04b2f-d122-4d85-9882-b4674249a3e5","UNDE_012.mammalGrid.mam","D05","UNDE","UNDE_012","C7","distributed","woodyWetlands",46.237255,-89.502396,"WGS84",45.2,522.2,0.3,"2 - trap disturbed/door closed but empty","ShermanLF","2024-07-31","2024-07-31",,,,,,,,,,,,,,,,,,,,,,,,,,,,,"did not check","dry ice",,,,,,,,,,,,,,,"0009-0001-9131-5010","0009-0005-4169-543X",,,,,"912d62e6-02dd-4597-bc55-82ff74998465"
"a8e7fc92-d695-4bc3-bf87-665bb984734b","79029f78-6929-4c82-9f59-d650a4e3a0c3","UNDE_032.mammalGrid.mam","D05","UNDE","UNDE_032","C4","distributed","mixedForest",46.244036,-89.536945,"WGS84",45.2,510.5,0.2,"6 - trap set and empty","ShermanLF","2024-07-31","2024-07-31",,,,,,,,,,,,,,,,,,,,,,,,,,,,,,,,,,,,,,,,,,,,,"0009-0008-2811-4380","0009-0002-9960-9029",,,,,"233eef59-f8b2-4f9f-bc27-2eb8e61945b3"
"ac391499-5848-4af1-8843-cf06b546f083","79029f78-6929-4c82-9f59-d650a4e3a0c3","UNDE_032.mammalGrid.mam","D05","UNDE","UNDE_032","J2","distributed","mixedForest",46.244036,-89.536945,"WGS84",45.2,510.5,0.2,"6 - trap set and empty","ShermanLF","2024-07-31","2024-07-31",,,,,,,,,,,,,,,,,,,,,,,,,,,,,,,,,,,,,,,,,,,,,"0009-0008-2811-4380","0009-0002-9960-9029",,,,,"81d7a3dd-27fb-4b8e-b981-5ba9346383d9"
"cc3bce47-fa69-4f52-ba42-4616ff6baa19","9cb04b2f-d122-4d85-9882-b4674249a3e5","UNDE_012.mammalGrid.mam","D05","UNDE","UNDE_012","J6","distributed","woodyWetlands",46.237255,-89.502396,"WGS84",45.2,522.2,0.3,"5 - capture","ShermanLF","2024-07-31","2024-07-31","NEON.MAM.D05.L8679",,"NAIN","Napaeozapus insignis","species",,,,,"N","F","Y","processed",,"adult",,"enlarged","pregnant","not plugged",30,14,,,34,"N","N","N",,"did not check","dry ice","UNDE.20240731.L8679.B","D00000208790","mandibular - QNS",,"UNDE.20240731.L8679.F","D00000171001","ok",,,"UNDE.20240731.L8679.H","A00000411155","hairAndWhisker",,,"0009-0001-9131-5010","0009-0005-4169-543X",,,,,"19a8ee20-bb83-46fd-811e-01a7f10ce85c"
"e3ff6f8c-35d2-4cb6-b9d3-8509cd90d4c0","79029f78-6929-4c82-9f59-d650a4e3a0c3","UNDE_032.mammalGrid.mam","D05","UNDE","UNDE_032","C7","distributed","mixedForest",46.244036,-89.536945,"WGS84",45.2,510.5,0.2,"6 - trap set and empty","ShermanLF","2024-07-31","2024-07-31",,,,,,,,,,,,,,,,,,,,,,,,,,,,,,,,,,,,,,,,,,,,,"0009-0008-2811-4380","0009-0002-9960-9029",,,,,"1acab7b1-e863-4a1f-82f9-7cd6c7ebe8b1"
"3757c0f5-2555-4b53-9907-1541172ca758","9cb04b2f-d122-4d85-9882-b4674249a3e5","UNDE_012.mammalGrid.mam","D05","UNDE","UNDE_012","J4","distributed","woodyWetlands",46.237255,-89.502396,"WGS84",45.2,522.2,0.3,"6 - trap set and empty","ShermanLF","2024-07-31","2024-07-31",,,,,,,,,,,,,,,,,,,,,,,,,,,,,,,,,,,,,,,,,,,,,"0009-0001-9131-5010","0009-0005-4169-543X",,,,,"290afa45-9690-4e97-862b-6e2c0ea56f68"
"f64f0bb8-73c2-459a-b0be-b9be35070a78","79029f78-6929-4c82-9f59-d650a4e3a0c3","UNDE_032.mammalGrid.mam","D05","UNDE","UNDE_032","G4","distributed","mixedForest",46.244036,-89.536945,"WGS84",45.2,510.5,0.2,"6 - trap set and empty","ShermanLF","2024-07-31","2024-07-31",,,,,,,,,,,,,,,,,,,,,,,,,,,,,,,,,,,,,,,,,,,,,"0009-0008-2811-4380","0009-0002-9960-9029",,,,,"63ade6b6-b0b7-4172-93aa-7d767b485934"
"dd43b69b-d78e-420c-985d-a2171f178162","9cb04b2f-d122-4d85-9882-b4674249a3e5","UNDE_012.mammalGrid.mam","D05","UNDE","UNDE_012","H4","distributed","woodyWetlands",46.237255,-89.502396,"WGS84",45.2,522.2,0.3,"6 - trap set and empty","ShermanLF","2024-07-31","2024-07-31",,,,,,,,,,,,,,,,,,,,,,,,,,,,,,,,,,,,,,,,,,,,,"0009-0001-9131-5010","0009-0005-4169-543X",,,,,"906a9d0c-654c-4332-8630-6870b0d9f50a"
"e4befbd5-3b9a-44d7-b003-c12441a69ba2","9cb04b2f-d122-4d85-9882-b4674249a3e5","UNDE_012.mammalGrid.mam","D05","UNDE","UNDE_012","E8","distributed","woodyWetlands",46.237255,-89.502396,"WGS84",45.2,522.2,0.3,"1 - trap not set","ShermanLF","2024-07-31","2024-07-31",,,,,,,,,,,,,,,,,,,,,,,,,,,,,"did not check","dry ice",,,,,,,,,,,,,,,"0009-0001-9131-5010","0009-0005-4169-543X",,,,,"c5322e59-2b71-41cc-85a9-81b8ea1da268"
"af05b745-8540-4262-a1d1-2c28192552e0","79029f78-6929-4c82-9f59-d650a4e3a0c3","UNDE_032.mammalGrid.mam","D05","UNDE","UNDE_032","B5","distributed","mixedForest",46.244036,-89.536945,"WGS84",45.2,510.5,0.2,"3 - trap door open or closed w/ spoor left","ShermanLF","2024-07-31","2024-07-31",,,,,,,,,,,,,,,,,,,,,,,,,,,,,"did not check","dry ice",,,,,,,,,,,,,,,"0009-0008-2811-4380","0009-0002-9960-9029",,,,,"77fe7986-269d-4408-99a8-a1b06df60ddb"
"6043bb37-47ab-4f28-a73c-099ea6cc9c76","79029f78-6929-4c82-9f59-d650a4e3a0c3","UNDE_032.mammalGrid.mam","D05","UNDE","UNDE_032","H6","distributed","mixedForest",46.244036,-89.536945,"WGS84",45.2,510.5,0.2,"6 - trap set and empty","ShermanLF","2024-07-31","2024-07-31",,,,,,,,,,,,,,,,,,,,,,,,,,,,,,,,,,,,,,,,,,,,,"0009-0008-2811-4380","0009-0002-9960-9029",,,,,"7b691b00-4d9b-48ce-8647-1eb90795d476"
"db075f92-3c7e-43e0-a0cc-5a982003f737","9cb04b2f-d122-4d85-9882-b4674249a3e5","UNDE_012.mammalGrid.mam","D05","UNDE","UNDE_012","B3","distributed","woodyWetlands",46.237255,-89.502396,"WGS84",45.2,522.2,0.3,"6 - trap set and empty","ShermanLF","2024-07-31","2024-07-31",,,,,,,,,,,,,,,,,,,,,,,,,,,,,,,,,,,,,,,,,,,,,"0009-0001-9131-5010","0009-0005-4169-543X",,,,,"e064af9f-a5ce-49af-9ca5-359ed525ec88"
"44aac3b8-afde-45ee-8988-33097ac8926c","79029f78-6929-4c82-9f59-d650a4e3a0c3","UNDE_032.mammalGrid.mam","D05","UNDE","UNDE_032","I5","distributed","mixedForest",46.244036,-89.536945,"WGS84",45.2,510.5,0.2,"2 - trap disturbed/door closed but empty","ShermanLF","2024-07-31","2024-07-31",,,,,,,,,,,,,,,,,,,,,,,,,,,,,"did not check","dry ice",,,,,,,,,,,,,,,"0009-0008-2811-4380","0009-0002-9960-9029",,,,,"f12c4164-8c9b-413f-aa34-4b65cfa38540"
"cd0b42c2-6ec2-4f55-8430-afbb32f233b4","9cb04b2f-d122-4d85-9882-b4674249a3e5","UNDE_012.mammalGrid.mam","D05","UNDE","UNDE_012","D9","distributed","woodyWetlands",46.237255,-89.502396,"WGS84",45.2,522.2,0.3,"1 - trap not set","ShermanLF","2024-07-31","2024-07-31",,,,,,,,,,,,,,,,,,,,,,,,,,,,,"did not check","dry ice",,,,,,,,,,,,,,,"0009-0001-9131-5010","0009-0005-4169-543X",,,,,"4ed1a47e-ac0c-4734-8846-8a397f12959b"
"d1253d9c-6503-4226-94a6-3c9f25fa01c9","79029f78-6929-4c82-9f59-d650a4e3a0c3","UNDE_032.mammalGrid.mam","D05","UNDE","UNDE_032","D8","distributed","mixedForest",46.244036,-89.536945,"WGS84",45.2,510.5,0.2,"6 - trap set and empty","ShermanLF","2024-07-31","2024-07-31",,,,,,,,,,,,,,,,,,,,,,,,,,,,,,,,,,,,,,,,,,,,,"0009-0008-2811-4380","0009-0002-9960-9029",,,,,"8f306aae-4e8b-49b8-8227-d550eb72627f"
"3f819dec-9588-4981-8e63-f92bb9514131","9cb04b2f-d122-4d85-9882-b4674249a3e5","UNDE_012.mammalGrid.mam","D05","UNDE","UNDE_012","J3","distributed","woodyWetlands",46.237255,-89.502396,"WGS84",45.2,522.2,0.3,"6 - trap set and empty","ShermanLF","2024-07-31","2024-07-31",,,,,,,,,,,,,,,,,,,,,,,,,,,,,,,,,,,,,,,,,,,,,"0009-0001-9131-5010","0009-0005-4169-543X",,,,,"39f21be7-3881-40df-8e0f-d1fa3edc2abf"
"dda09482-193a-4873-9cac-1de4947cce07","79029f78-6929-4c82-9f59-d650a4e3a0c3","UNDE_032.mammalGrid.mam","D05","UNDE","UNDE_032","A9","distributed","mixedForest",46.244036,-89.536945,"WGS84",45.2,510.5,0.2,"3 - trap door open or closed w/ spoor left","ShermanLF","2024-07-31","2024-07-31",,,,,,,,,,,,,,,,,,,,,,,,,,,,,"did not check","dry ice",,,,,,,,,,,,,,,"0009-0008-2811-4380","0009-0002-9960-9029",,,,,"12cbd5c1-4a83-40ee-b283-6cb709a67658"
"022dfa2c-08b1-4331-9913-5e10c4867ddc","9cb04b2f-d122-4d85-9882-b4674249a3e5","UNDE_012.mammalGrid.mam","D05","UNDE","UNDE_012","C1","distributed","woodyWetlands",46.237255,-89.502396,"WGS84",45.2,522.2,0.3,"3 - trap door open or closed w/ spoor left","ShermanLF","2024-07-31","2024-07-31",,,,,,,,,,,,,,,,,,,,,,,,,,,,,"did not check","dry ice",,,,,,,,,,,,,,,"0009-0001-9131-5010","0009-0005-4169-543X",,,,,"1ef4a708-90f5-463a-98db-ed2b96d84f15"
"230c1ea6-8fc1-419a-9c21-8f5e7ed6c9fc","9cb04b2f-d122-4d85-9882-b4674249a3e5","UNDE_012.mammalGrid.mam","D05","UNDE","UNDE_012","D5","distributed","woodyWetlands",46.237255,-89.502396,"WGS84",45.2,522.2,0.3,"6 - trap set and empty","ShermanLF","2024-07-31","2024-07-31",,,,,,,,,,,,,,,,,,,,,,,,,,,,,,,,,,,,,,,,,,,,,"0009-0001-9131-5010","0009-0005-4169-543X",,,,,"abab3d45-8e02-48f0-82d9-4ede51b4a319"
"7794005d-c335-4314-925d-c1acd56b00a2","79029f78-6929-4c82-9f59-d650a4e3a0c3","UNDE_032.mammalGrid.mam","D05","UNDE","UNDE_032","A8","distributed","mixedForest",46.244036,-89.536945,"WGS84",45.2,510.5,0.2,"5 - capture","ShermanLF","2024-07-31","2024-07-31","NEON.MAM.D05.R9711",,"PEMA","Peromyscus maniculatus","species","cf. species",,,,"N","M","N","processed",,"adult","nonscrotal",,,,18,16,,,15,"N","N","N",,"fleas","dry ice","UNDE.20240731.R9711.B","D00000208848","mandibular",,"UNDE.20240731.R9711.F","D00000208386","ok","UNDE.20240731.R9711.E","D00000208406","UNDE.20240731.R9711.H","A00000411211","whiskerOnly",,,"0009-0008-2811-4380","0009-0002-9960-9029",,,,,"aeb773d3-17fd-48af-999c-5b0bc67f5da4"
"c3f75b2b-2d31-4059-8a16-95b0fe2fee67","9cb04b2f-d122-4d85-9882-b4674249a3e5","UNDE_012.mammalGrid.mam","D05","UNDE","UNDE_012","E5","distributed","woodyWetlands",46.237255,-89.502396,"WGS84",45.2,522.2,0.3,"6 - trap set and empty","ShermanLF","2024-07-31","2024-07-31",,,,,,,,,,,,,,,,,,,,,,,,,,,,,,,,,,,,,,,,,,,,,"0009-0001-9131-5010","0009-0005-4169-543X",,,,,"eae123d1-7109-4d35-8977-c10dab7c7f27"
"51e4674a-4665-4976-bd18-5befa45c4f9d","79029f78-6929-4c82-9f59-d650a4e3a0c3","UNDE_032.mammalGrid.mam","D05","UNDE","UNDE_032","D4","distributed","mixedForest",46.244036,-89.536945,"WGS84",45.2,510.5,0.2,"6 - trap set and empty","ShermanLF","2024-07-31","2024-07-31",,,,,,,,,,,,,,,,,,,,,,,,,,,,,,,,,,,,,,,,,,,,,"0009-0008-2811-4380","0009-0002-9960-9029",,,,,"2c5c91be-29c2-46b2-a210-7bead49a8cb1"
"2197e063-a46b-4684-8c94-ef3d5ac2be4e","79029f78-6929-4c82-9f59-d650a4e3a0c3","UNDE_032.mammalGrid.mam","D05","UNDE","UNDE_032","I1","distributed","mixedForest",46.244036,-89.536945,"WGS84",45.2,510.5,0.2,"6 - trap set and empty","ShermanLF","2024-07-31","2024-07-31",,,,,,,,,,,,,,,,,,,,,,,,,,,,,,,,,,,,,,,,,,,,,"0009-0008-2811-4380","0009-0002-9960-9029",,,,,"2b07770b-4292-495d-81cb-1b70ed994494"
"d335d517-87be-42d6-acf5-cbd00ab18b8d","9cb04b2f-d122-4d85-9882-b4674249a3e5","UNDE_012.mammalGrid.mam","D05","UNDE","UNDE_012","F2","distributed","woodyWetlands",46.237255,-89.502396,"WGS84",45.2,522.2,0.3,"5 - capture","ShermanLF","2024-07-31","2024-07-31","NEON.MAM.D05.R8534",,"ZAHU","Zapus hudsonius","species",,,,,"N","F","Y","processed",,"adult",,"enlarged","not","neither",28,12,110,,20,"N","N","N",,"did not check","dry ice","UNDE.20240731.R8534.B","D00000208841","mandibular - QNS",,"UNDE.20240731.R8534.F","D00000208534","ok",,,"UNDE.20240731.R8534.H","A00000411157","hairAndWhisker",,,"0009-0001-9131-5010","0009-0005-4169-543X",,,,,"e539175a-8a93-4b1a-8d35-29623f1a1667"
"e51aa741-2e7a-479b-8c28-bd6d72e53ad2","79029f78-6929-4c82-9f59-d650a4e3a0c3","UNDE_032.mammalGrid.mam","D05","UNDE","UNDE_032","E4","distributed","mixedForest",46.244036,-89.536945,"WGS84",45.2,510.5,0.2,"5 - capture","ShermanLF","2024-07-31","2024-07-31","NEON.MAM.D05.O032E420240731",,"BLBR","Blarina brevicauda","species",,,,,"N","U","U","dead",,"adult",,,,,,,,,,"U","U","U",,"did not check","dry ice",,,,,,,,,,,,,"UNDE.20240731.O032E420240731.V","D00000208048","0009-0008-2811-4380","0009-0002-9960-9029",,,,,"7fe354ea-631f-412d-b155-ce8bbad6f23d"
"3d64ba3f-80d6-4076-80ec-06a9d3d11a37","9cb04b2f-d122-4d85-9882-b4674249a3e5","UNDE_012.mammalGrid.mam","D05","UNDE","UNDE_012","D3","distributed","woodyWetlands",46.237255,-89.502396,"WGS84",45.2,522.2,0.3,"6 - trap set and empty","ShermanLF","2024-07-31","2024-07-31",,,,,,,,,,,,,,,,,,,,,,,,,,,,,,,,,,,,,,,,,,,,,"0009-0001-9131-5010","0009-0005-4169-543X",,,,,"6724931d-80a0-4690-9025-3a1e6168a8bf"
"c6f519f0-a8b4-4a28-b43a-e959e8d3628d","9cb04b2f-d122-4d85-9882-b4674249a3e5","UNDE_012.mammalGrid.mam","D05","UNDE","UNDE_012","I1","distributed","woodyWetlands",46.237255,-89.502396,"WGS84",45.2,522.2,0.3,"3 - trap door open or closed w/ spoor left","ShermanLF","2024-07-31","2024-07-31",,,,,,,,,,,,,,,,,,,,,,,,,,,,,"did not check","dry ice",,,,,,,,,,,,,,,"0009-0001-9131-5010","0009-0005-4169-543X",,,,,"3b5a4e44-947f-44b4-bc5d-af9231fc05f2"
"418967d9-e68c-4169-a041-64ca57a142ac","9cb04b2f-d122-4d85-9882-b4674249a3e5","UNDE_012.mammalGrid.mam","D05","UNDE","UNDE_012","J8","distributed","woodyWetlands",46.237255,-89.502396,"WGS84",45.2,522.2,0.3,"3 - trap door open or closed w/ spoor left","ShermanLF","2024-07-31","2024-07-31",,,,,,,,,,,,,,,,,,,,,,,,,,,,,"did not check","dry ice",,,,,,,,,,,,,,,"0009-0001-9131-5010","0009-0005-4169-543X",,,,,"66964bc6-1be4-4f64-b631-978d373e9be7"
"d524e7c9-cf6b-4642-a44e-1c1acb38b2fd","79029f78-6929-4c82-9f59-d650a4e3a0c3","UNDE_032.mammalGrid.mam","D05","UNDE","UNDE_032","G7","distributed","mixedForest",46.244036,-89.536945,"WGS84",45.2,510.5,0.2,"6 - trap set and empty","ShermanLF","2024-07-31","2024-07-31",,,,,,,,,,,,,,,,,,,,,,,,,,,,,,,,,,,,,,,,,,,,,"0009-0008-2811-4380","0009-0002-9960-9029",,,,,"642e4415-789d-4b32-8f0b-16134597373d"
"440157eb-779e-4a75-8554-f8882dca77e0","9cb04b2f-d122-4d85-9882-b4674249a3e5","UNDE_012.mammalGrid.mam","D05","UNDE","UNDE_012","B5","distributed","woodyWetlands",46.237255,-89.502396,"WGS84",45.2,522.2,0.3,"3 - trap door open or closed w/ spoor left","ShermanLF","2024-07-31","2024-07-31",,,,,,,,,,,,,,,,,,,,,,,,,,,,,"did not check","dry ice",,,,,,,,,,,,,,,"0009-0001-9131-5010","0009-0005-4169-543X",,,,,"9393581f-6a77-4cb3-9f56-b4491208ddd0"
"e786a506-5668-4d8a-b715-8cab326c9a03","79029f78-6929-4c82-9f59-d650a4e3a0c3","UNDE_032.mammalGrid.mam","D05","UNDE","UNDE_032","F3","distributed","mixedForest",46.244036,-89.536945,"WGS84",45.2,510.5,0.2,"6 - trap set and empty","ShermanLF","2024-07-31","2024-07-31",,,,,,,,,,,,,,,,,,,,,,,,,,,,,,,,,,,,,,,,,,,,,"0009-0008-2811-4380","0009-0002-9960-9029",,,,,"e2c08d08-ac5c-4823-afa5-8c9a170eee9d"
"faae537e-80a3-4ba2-81c2-4a24a597051c","79029f78-6929-4c82-9f59-d650a4e3a0c3","UNDE_032.mammalGrid.mam","D05","UNDE","UNDE_032","C5","distributed","mixedForest",46.244036,-89.536945,"WGS84",45.2,510.5,0.2,"6 - trap set and empty","ShermanLF","2024-07-31","2024-07-31",,,,,,,,,,,,,,,,,,,,,,,,,,,,,,,,,,,,,,,,,,,,,"0009-0008-2811-4380","0009-0002-9960-9029",,,,,"00b67d87-6318-448c-af71-961d242138b6"
"51159896-a468-445d-9a79-7eb42be4f9b2","79029f78-6929-4c82-9f59-d650a4e3a0c3","UNDE_032.mammalGrid.mam","D05","UNDE","UNDE_032","D7","distributed","mixedForest",46.244036,-89.536945,"WGS84",45.2,510.5,0.2,"6 - trap set and empty","ShermanLF","2024-07-31","2024-07-31",,,,,,,,,,,,,,,,,,,,,,,,,,,,,,,,,,,,,,,,,,,,,"0009-0008-2811-4380","0009-0002-9960-9029",,,,,"61fd8e39-0b54-4638-b354-abb573933a83"
"3572fadd-fc99-47af-bac0-3ba49c69ff75","79029f78-6929-4c82-9f59-d650a4e3a0c3","UNDE_032.mammalGrid.mam","D05","UNDE","UNDE_032","J10","distributed","mixedForest",46.244036,-89.536945,"WGS84",45.2,510.5,0.2,"5 - capture","ShermanLF","2024-07-31","2024-07-31","NEON.MAM.D05.R9672",,"PEMA","Peromyscus maniculatus","species",,,,,"N","F","N","processed",,"adult",,"nonenlarged","not","neither",,,,,17,"N","N","N",,"none","dry ice","UNDE.20240731.R9672.B","D00000208987","mandibular - QNS",,"UNDE.20240731.R9672.F","D00000208747","ok",,,,,,,,"0009-0008-2811-4380","0009-0002-9960-9029",,,,,"58a79a1c-cc06-43eb-bdc4-28a3ad54a5c2"
"bf607deb-63ef-4826-b000-d94c11a2caac","9cb04b2f-d122-4d85-9882-b4674249a3e5","UNDE_012.mammalGrid.mam","D05","UNDE","UNDE_012","B1","distributed","woodyWetlands",46.237255,-89.502396,"WGS84",45.2,522.2,0.3,"6 - trap set and empty","ShermanLF","2024-07-31","2024-07-31",,,,,,,,,,,,,,,,,,,,,,,,,,,,,,,,,,,,,,,,,,,,,"0009-0001-9131-5010","0009-0005-4169-543X",,,,,"d4f3d138-f9ec-4838-9b3e-f05d18d09d98"
"dc23d72e-33fb-4177-a1a0-7dba50a788e4","79029f78-6929-4c82-9f59-d650a4e3a0c3","UNDE_032.mammalGrid.mam","D05","UNDE","UNDE_032","C3","distributed","mixedForest",46.244036,-89.536945,"WGS84",45.2,510.5,0.2,"6 - trap set and empty","ShermanLF","2024-07-31","2024-07-31",,,,,,,,,,,,,,,,,,,,,,,,,,,,,,,,,,,,,,,,,,,,,"0009-0008-2811-4380","0009-0002-9960-9029",,,,,"416d750d-62fa-417e-8964-be400ea3986f"
"7334769f-92ec-4244-b6e6-73c275d2d77a","79029f78-6929-4c82-9f59-d650a4e3a0c3","UNDE_032.mammalGrid.mam","D05","UNDE","UNDE_032","I9","distributed","mixedForest",46.244036,-89.536945,"WGS84",45.2,510.5,0.2,"6 - trap set and empty","ShermanLF","2024-07-31","2024-07-31",,,,,,,,,,,,,,,,,,,,,,,,,,,,,,,,,,,,,,,,,,,,,"0009-0008-2811-4380","0009-0002-9960-9029",,,,,"67d721a9-38c3-432f-a5e9-eb1cb0c2eee7"
"c3ff9830-0d59-47ee-b308-f683cf286508","9cb04b2f-d122-4d85-9882-b4674249a3e5","UNDE_012.mammalGrid.mam","D05","UNDE","UNDE_012","A8","distributed","woodyWetlands",46.237255,-89.502396,"WGS84",45.2,522.2,0.3,"1 - trap not set","ShermanLF","2024-07-31","2024-07-31",,,,,,,,,,,,,,,,,,,,,,,,,,,,,"did not check","dry ice",,,,,,,,,,,,,,,"0009-0001-9131-5010","0009-0005-4169-543X",,,,,"63a0566e-5962-4a65-91de-d81d2083c027"
"a4d69b77-62a1-4192-8fa3-f8d364fa6464","79029f78-6929-4c82-9f59-d650a4e3a0c3","UNDE_032.mammalGrid.mam","D05","UNDE","UNDE_032","I6","distributed","mixedForest",46.244036,-89.536945,"WGS84",45.2,510.5,0.2,"5 - capture","ShermanLF","2024-07-31","2024-07-31","NEON.MAM.D05.R9797",,"PEMA","Peromyscus maniculatus","species","cf. species",,,,"N","F","N","processed",,"adult",,"enlarged","not","neither",21,17,80,,,"N","N","N",,"none","dry ice","UNDE.20240731.R9797.B","D00000208822","mandibular - QNS",,,,,,,,,,,,"0009-0008-2811-4380","0009-0002-9960-9029",,,,,"ad3b85eb-ca3a-46f7-9869-39edc701466d"
"75c8a8e9-5398-496a-8b0d-8ffd902ebf18","79029f78-6929-4c82-9f59-d650a4e3a0c3","UNDE_032.mammalGrid.mam","D05","UNDE","UNDE_032","E10","distributed","mixedForest",46.244036,-89.536945,"WGS84",45.2,510.5,0.2,"3 - trap door open or closed w/ spoor left","ShermanLF","2024-07-31","2024-07-31",,,,,,,,,,,,,,,,,,,,,,,,,,,,,"did not check","dry ice",,,,,,,,,,,,,,,"0009-0008-2811-4380","0009-0002-9960-9029",,,,,"013a1835-8aee-4e79-abe0-9b1b79e75e0e"
"572c7eaa-a10e-46b6-8028-84e88e1c41dd","79029f78-6929-4c82-9f59-d650a4e3a0c3","UNDE_032.mammalGrid.mam","D05","UNDE","UNDE_032","E3","distributed","mixedForest",46.244036,-89.536945,"WGS84",45.2,510.5,0.2,"3 - trap door open or closed w/ spoor left","ShermanLF","2024-07-31","2024-07-31",,,,,,,,,,,,,,,,,,,,,,,,,,,,,"did not check","dry ice",,,,,,,,,,,,,,,"0009-0008-2811-4380","0009-0002-9960-9029",,,,,"79946b4a-e9c1-4d71-96af-224aa4ab98b7"
"30f4d9fd-b783-4711-8bd7-07d028f0d730","79029f78-6929-4c82-9f59-d650a4e3a0c3","UNDE_032.mammalGrid.mam","D05","UNDE","UNDE_032","A10","distributed","mixedForest",46.244036,-89.536945,"WGS84",45.2,510.5,0.2,"3 - trap door open or closed w/ spoor left","ShermanLF","2024-07-31","2024-07-31",,,,,,,,,,,,,,,,,,,,,,,,,,,,,"did not check","dry ice",,,,,,,,,,,,,,,"0009-0008-2811-4380","0009-0002-9960-9029",,,,,"8d061d9e-406c-448c-b85f-8f7ee7281484"
"f2d80d3a-a33a-4ed5-9650-0093e5e51d91","79029f78-6929-4c82-9f59-d650a4e3a0c3","UNDE_032.mammalGrid.mam","D05","UNDE","UNDE_032","I10","distributed","mixedForest",46.244036,-89.536945,"WGS84",45.2,510.5,0.2,"6 - trap set and empty","ShermanLF","2024-07-31","2024-07-31",,,,,,,,,,,,,,,,,,,,,,,,,,,,,,,,,,,,,,,,,,,,,"0009-0008-2811-4380","0009-0002-9960-9029",,,,,"28fccb83-9e37-4e24-a467-458ebc5575dc"
"575f6a22-5d67-4bab-8e74-fc8ac7156656","9cb04b2f-d122-4d85-9882-b4674249a3e5","UNDE_012.mammalGrid.mam","D05","UNDE","UNDE_012","G1","distributed","woodyWetlands",46.237255,-89.502396,"WGS84",45.2,522.2,0.3,"6 - trap set and empty","ShermanLF","2024-07-31","2024-07-31",,,,,,,,,,,,,,,,,,,,,,,,,,,,,,,,,,,,,,,,,,,,,"0009-0001-9131-5010","0009-0005-4169-543X",,,,,"db22848c-de7d-4376-8e83-4f5d3d2cb57d"
"327a0840-f00e-48ef-8ab8-2f60ff88cb7c","9cb04b2f-d122-4d85-9882-b4674249a3e5","UNDE_012.mammalGrid.mam","D05","UNDE","UNDE_012","B10","distributed","woodyWetlands",46.237255,-89.502396,"WGS84",45.2,522.2,0.3,"1 - trap not set","ShermanLF","2024-07-31","2024-07-31",,,,,,,,,,,,,,,,,,,,,,,,,,,,,"did not check","dry ice",,,,,,,,,,,,,,,"0009-0001-9131-5010","0009-0005-4169-543X",,,,,"6b3d4656-9512-48ae-bec8-bf2b2732e29a"
"dc222584-c343-45ae-901d-631ec3bfba53","9cb04b2f-d122-4d85-9882-b4674249a3e5","UNDE_012.mammalGrid.mam","D05","UNDE","UNDE_012","I8","distributed","woodyWetlands",46.237255,-89.502396,"WGS84",45.2,522.2,0.3,"6 - trap set and empty","ShermanLF","2024-07-31","2024-07-31",,,,,,,,,,,,,,,,,,,,,,,,,,,,,,,,,,,,,,,,,,,,,"0009-0001-9131-5010","0009-0005-4169-543X",,,,,"da2d3db2-8e54-4589-aacc-f08663621e3a"
"57a27004-da75-4eba-88f4-0be576e1ab3f","79029f78-6929-4c82-9f59-d650a4e3a0c3","UNDE_032.mammalGrid.mam","D05","UNDE","UNDE_032","C9","distributed","mixedForest",46.244036,-89.536945,"WGS84",45.2,510.5,0.2,"5 - capture","ShermanLF","2024-07-31","2024-07-31","NEON.MAM.D05.R9708",,"PELE","Peromyscus leucopus","species","cf. species",,,,"N","F","N","processed",,"subadult",,"nonenlarged","not","neither",17,16,,,13,"N","N","N",,"did not check","dry ice","UNDE.20240731.R9708.B","D00000208768","mandibular - QNS",,"UNDE.20240731.R9708.F","D00000208565","ok","UNDE.20240731.R9708.E","D00000208557","UNDE.20240731.R9708.H","A00000414448","hairAndWhisker",,,"0009-0008-2811-4380","0009-0002-9960-9029",,,,,"f63f9692-21c7-4334-b0a2-429d035d8cf9"
"05c64353-233b-4094-a702-2145763f7838","79029f78-6929-4c82-9f59-d650a4e3a0c3","UNDE_032.mammalGrid.mam","D05","UNDE","UNDE_032","G1","distributed","mixedForest",46.244036,-89.536945,"WGS84",45.2,510.5,0.2,"5 - capture","ShermanLF","2024-07-31","2024-07-31","NEON.MAM.D05.R9701",,"NAIN","Napaeozapus insignis","species",,,,,"N","F","N","processed",,"adult",,"enlarged","pregnant","not plugged",27,,,,26,"N","N","N",,"did not check","dry ice",,,"unsuccessful",,,,,"UNDE.20240731.R9701.E","D00000208572","UNDE.20240731.R9701.H","A00000414637","hairAndWhisker",,,"0009-0008-2811-4380","0009-0002-9960-9029",,,,,"b9f53f9e-2d55-466f-92c2-d5b3f538be49"
"474ddd2f-c4dc-4b01-beb3-c3512d3d3b62","9cb04b2f-d122-4d85-9882-b4674249a3e5","UNDE_012.mammalGrid.mam","D05","UNDE","UNDE_012","A7","distributed","woodyWetlands",46.237255,-89.502396,"WGS84",45.2,522.2,0.3,"1 - trap not set","ShermanLF","2024-07-31","2024-07-31",,,,,,,,,,,,,,,,,,,,,,,,,,,,,"did not check","dry ice",,,,,,,,,,,,,,,"0009-0001-9131-5010","0009-0005-4169-543X",,,,,"3117e3a3-2eaa-4af5-aba8-1ec416400c6d"
"c90b70fa-ffed-42aa-953c-52c347260b10","9cb04b2f-d122-4d85-9882-b4674249a3e5","UNDE_012.mammalGrid.mam","D05","UNDE","UNDE_012","A3","distributed","woodyWetlands",46.237255,-89.502396,"WGS84",45.2,522.2,0.3,"3 - trap door open or closed w/ spoor left","ShermanLF","2024-07-31","2024-07-31",,,,,,,,,,,,,,,,,,,,,,,,,,,,,"did not check","dry ice",,,,,,,,,,,,,,,"0009-0001-9131-5010","0009-0005-4169-543X",,,,,"49bd4c9b-fdfe-4656-b646-7942842bddad"
"ea728c24-aa6e-4867-a41f-2276fdb415f8","79029f78-6929-4c82-9f59-d650a4e3a0c3","UNDE_032.mammalGrid.mam","D05","UNDE","UNDE_032","I8","distributed","mixedForest",46.244036,-89.536945,"WGS84",45.2,510.5,0.2,"6 - trap set and empty","ShermanLF","2024-07-31","2024-07-31",,,,,,,,,,,,,,,,,,,,,,,,,,,,,,,,,,,,,,,,,,,,,"0009-0008-2811-4380","0009-0002-9960-9029",,,,,"9fa45692-6ba3-447e-8c79-ceeabe604b8f"
"6bae248f-9706-4dac-87ea-6b861298e34c","9cb04b2f-d122-4d85-9882-b4674249a3e5","UNDE_012.mammalGrid.mam","D05","UNDE","UNDE_012","J1","distributed","woodyWetlands",46.237255,-89.502396,"WGS84",45.2,522.2,0.3,"6 - trap set and empty","ShermanLF","2024-07-31","2024-07-31",,,,,,,,,,,,,,,,,,,,,,,,,,,,,,,,,,,,,,,,,,,,,"0009-0001-9131-5010","0009-0005-4169-543X",,,,,"cf381877-ebcc-41de-aa78-0d23f21beed6"
"24c8baf9-a059-4092-b312-2b179495b53a","9cb04b2f-d122-4d85-9882-b4674249a3e5","UNDE_012.mammalGrid.mam","D05","UNDE","UNDE_012","C5","distributed","woodyWetlands",46.237255,-89.502396,"WGS84",45.2,522.2,0.3,"6 - trap set and empty","ShermanLF","2024-07-31","2024-07-31",,,,,,,,,,,,,,,,,,,,,,,,,,,,,,,,,,,,,,,,,,,,,"0009-0001-9131-5010","0009-0005-4169-543X",,,,,"27301a7e-f6e0-4848-9570-0d47a0c37d60"
"7ed2e0f7-1357-4df1-9f06-7fb6f876096f","9cb04b2f-d122-4d85-9882-b4674249a3e5","UNDE_012.mammalGrid.mam","D05","UNDE","UNDE_012","E9","distributed","woodyWetlands",46.237255,-89.502396,"WGS84",45.2,522.2,0.3,"1 - trap not set","ShermanLF","2024-07-31","2024-07-31",,,,,,,,,,,,,,,,,,,,,,,,,,,,,"did not check","dry ice",,,,,,,,,,,,,,,"0009-0001-9131-5010","0009-0005-4169-543X",,,,,"42133700-5876-49d1-9524-82def7a3bc78"
"3bfe56b8-85be-48c8-8337-906f08ffc807","79029f78-6929-4c82-9f59-d650a4e3a0c3","UNDE_032.mammalGrid.mam","D05","UNDE","UNDE_032","J5","distributed","mixedForest",46.244036,-89.536945,"WGS84",45.2,510.5,0.2,"6 - trap set and empty","ShermanLF","2024-07-31","2024-07-31",,,,,,,,,,,,,,,,,,,,,,,,,,,,,,,,,,,,,,,,,,,,,"0009-0008-2811-4380","0009-0002-9960-9029",,,,,"cc363167-ea8e-4d5d-8b2c-cbd1621a56a6"
"6b0880a2-8f99-45d1-a90e-fe5a38271327","9cb04b2f-d122-4d85-9882-b4674249a3e5","UNDE_012.mammalGrid.mam","D05","UNDE","UNDE_012","D4","distributed","woodyWetlands",46.237255,-89.502396,"WGS84",45.2,522.2,0.3,"6 - trap set and empty","ShermanLF","2024-07-31","2024-07-31",,,,,,,,,,,,,,,,,,,,,,,,,,,,,,,,,,,,,,,,,,,,,"0009-0001-9131-5010","0009-0005-4169-543X",,,,,"553f9d72-7746-41cb-83dd-041e60a135aa"
"a9c24fc8-3292-41a4-8044-e8ecb93f17f9","9cb04b2f-d122-4d85-9882-b4674249a3e5","UNDE_012.mammalGrid.mam","D05","UNDE","UNDE_012","F5","distributed","woodyWetlands",46.237255,-89.502396,"WGS84",45.2,522.2,0.3,"6 - trap set and empty","ShermanLF","2024-07-31","2024-07-31",,,,,,,,,,,,,,,,,,,,,,,,,,,,,,,,,,,,,,,,,,,,,"0009-0001-9131-5010","0009-0005-4169-543X",,,,,"42415443-9ed2-48b2-adbf-acaf52e2bab9"
"9bbfcf72-9116-486e-b0bc-67c7949e6caa","79029f78-6929-4c82-9f59-d650a4e3a0c3","UNDE_032.mammalGrid.mam","D05","UNDE","UNDE_032","H1","distributed","mixedForest",46.244036,-89.536945,"WGS84",45.2,510.5,0.2,"5 - capture","ShermanLF","2024-07-31","2024-07-31","NEON.MAM.D05.R9796",,"PEMA","Peromyscus maniculatus","species","cf. species",,,,"N","F","N","processed",,"subadult",,"nonenlarged","not",,,16,,,8,"N","N","N",,"did not check","dry ice",,,,,"UNDE.20240731.R9796.F","D00000208401","ok",,,,,,,,"0009-0008-2811-4380","0009-0002-9960-9029",,,,,"a30918c7-1119-4db0-a0b6-fa40159e565c"
"76ffb19c-992c-46f4-b8f9-75b5e83cadc8","9cb04b2f-d122-4d85-9882-b4674249a3e5","UNDE_012.mammalGrid.mam","D05","UNDE","UNDE_012","D10","distributed","woodyWetlands",46.237255,-89.502396,"WGS84",45.2,522.2,0.3,"1 - trap not set","ShermanLF","2024-07-31","2024-07-31",,,,,,,,,,,,,,,,,,,,,,,,,,,,,"did not check","dry ice",,,,,,,,,,,,,,,"0009-0001-9131-5010","0009-0005-4169-543X",,,,,"5c6fee80-6d7c-44ec-9af4-1e5b630e0ce4"
"9f9b8082-360a-4eab-b1a4-e01e91d76e00","79029f78-6929-4c82-9f59-d650a4e3a0c3","UNDE_032.mammalGrid.mam","D05","UNDE","UNDE_032","F1","distributed","mixedForest",46.244036,-89.536945,"WGS84",45.2,510.5,0.2,"6 - trap set and empty","ShermanLF","2024-07-31","2024-07-31",,,,,,,,,,,,,,,,,,,,,,,,,,,,,,,,,,,,,,,,,,,,,"0009-0008-2811-4380","0009-0002-9960-9029",,,,,"ece77266-62ac-45ae-8001-14b4fe287630"
"24524a65-770e-48fa-ba5e-bced1ae0d75d","9cb04b2f-d122-4d85-9882-b4674249a3e5","UNDE_012.mammalGrid.mam","D05","UNDE","UNDE_012","F9","distributed","woodyWetlands",46.237255,-89.502396,"WGS84",45.2,522.2,0.3,"1 - trap not set","ShermanLF","2024-07-31","2024-07-31",,,,,,,,,,,,,,,,,,,,,,,,,,,,,"did not check","dry ice",,,,,,,,,,,,,,,"0009-0001-9131-5010","0009-0005-4169-543X",,,,,"a1d3f965-b4fd-4c93-b1c3-184231441da1"
"3ec4a296-8990-4db5-9193-ba6ff315bf7e","9cb04b2f-d122-4d85-9882-b4674249a3e5","UNDE_012.mammalGrid.mam","D05","UNDE","UNDE_012","A10","distributed","woodyWetlands",46.237255,-89.502396,"WGS84",45.2,522.2,0.3,"1 - trap not set","ShermanLF","2024-07-31","2024-07-31",,,,,,,,,,,,,,,,,,,,,,,,,,,,,"did not check","dry ice",,,,,,,,,,,,,,,"0009-0001-9131-5010","0009-0005-4169-543X",,,,,"70326baa-c3c5-4bbc-801d-2fdabc047f21"
"ea5dd68a-0870-4368-8d4a-c2e899e9d699","79029f78-6929-4c82-9f59-d650a4e3a0c3","UNDE_032.mammalGrid.mam","D05","UNDE","UNDE_032","A3","distributed","mixedForest",46.244036,-89.536945,"WGS84",45.2,510.5,0.2,"6 - trap set and empty","ShermanLF","2024-07-31","2024-07-31",,,,,,,,,,,,,,,,,,,,,,,,,,,,,,,,,,,,,,,,,,,,,"0009-0008-2811-4380","0009-0002-9960-9029",,,,,"9f64c5bb-9a8f-4234-a6e1-56721e6e6f7c"
"cc54f4a0-74ef-4033-937a-5a5249953367","9cb04b2f-d122-4d85-9882-b4674249a3e5","UNDE_012.mammalGrid.mam","D05","UNDE","UNDE_012","G3","distributed","woodyWetlands",46.237255,-89.502396,"WGS84",45.2,522.2,0.3,"3 - trap door open or closed w/ spoor left","ShermanLF","2024-07-31","2024-07-31",,,,,,,,,,,,,,,,,,,,,,,,,,,,,"did not check","dry ice",,,,,,,,,,,,,,,"0009-0001-9131-5010","0009-0005-4169-543X",,,,,"9a861ab3-00b7-40b9-878a-bbc9ffa0391d"
"ce04ef55-4f2e-4df4-9232-55b050b0dcbb","79029f78-6929-4c82-9f59-d650a4e3a0c3","UNDE_032.mammalGrid.mam","D05","UNDE","UNDE_032","B4","distributed","mixedForest",46.244036,-89.536945,"WGS84",45.2,510.5,0.2,"6 - trap set and empty","ShermanLF","2024-07-31","2024-07-31",,,,,,,,,,,,,,,,,,,,,,,,,,,,,,,,,,,,,,,,,,,,,"0009-0008-2811-4380","0009-0002-9960-9029",,,,,"54dea1f6-47cf-4c2f-bd0e-9bcec31f009e"
"8cf7b0e5-7cf4-416a-9749-5c16af8b9529","9cb04b2f-d122-4d85-9882-b4674249a3e5","UNDE_012.mammalGrid.mam","D05","UNDE","UNDE_012","B8","distributed","woodyWetlands",46.237255,-89.502396,"WGS84",45.2,522.2,0.3,"1 - trap not set","ShermanLF","2024-07-31","2024-07-31",,,,,,,,,,,,,,,,,,,,,,,,,,,,,"did not check","dry ice",,,,,,,,,,,,,,,"0009-0001-9131-5010","0009-0005-4169-543X",,,,,"73da5081-4b49-4cba-adde-49736005d362"
"cdbfce89-bf9e-411b-9132-569ac54694b0","79029f78-6929-4c82-9f59-d650a4e3a0c3","UNDE_032.mammalGrid.mam","D05","UNDE","UNDE_032","F8","distributed","mixedForest",46.244036,-89.536945,"WGS84",45.2,510.5,0.2,"6 - trap set and empty","ShermanLF","2024-07-31","2024-07-31",,,,,,,,,,,,,,,,,,,,,,,,,,,,,,,,,,,,,,,,,,,,,"0009-0008-2811-4380","0009-0002-9960-9029",,,,,"e91708df-0a89-40a1-a02e-d464def79737"
"70301e25-f7a4-4b49-9eca-114c01f2e628","9cb04b2f-d122-4d85-9882-b4674249a3e5","UNDE_012.mammalGrid.mam","D05","UNDE","UNDE_012","D6","distributed","woodyWetlands",46.237255,-89.502396,"WGS84",45.2,522.2,0.3,"6 - trap set and empty","ShermanLF","2024-07-31","2024-07-31",,,,,,,,,,,,,,,,,,,,,,,,,,,,,,,,,,,,,,,,,,,,,"0009-0001-9131-5010","0009-0005-4169-543X",,,,,"bcb16b82-e426-4e93-9c5f-29eb5b144cd4"
"d0460bac-35e1-4664-981e-a228a5bf7924","79029f78-6929-4c82-9f59-d650a4e3a0c3","UNDE_032.mammalGrid.mam","D05","UNDE","UNDE_032","C6","distributed","mixedForest",46.244036,-89.536945,"WGS84",45.2,510.5,0.2,"6 - trap set and empty","ShermanLF","2024-07-31","2024-07-31",,,,,,,,,,,,,,,,,,,,,,,,,,,,,,,,,,,,,,,,,,,,,"0009-0008-2811-4380","0009-0002-9960-9029",,,,,"1293ac5f-18cb-4286-9a92-20bcab8051a8"
"b184dd8c-47dc-4ecb-8a26-b61ae7df788d","79029f78-6929-4c82-9f59-d650a4e3a0c3","UNDE_032.mammalGrid.mam","D05","UNDE","UNDE_032","D5","distributed","mixedForest",46.244036,-89.536945,"WGS84",45.2,510.5,0.2,"5 - capture","ShermanLF","2024-07-31","2024-07-31","NEON.MAM.D05.L9706",,"PEMA","Peromyscus maniculatus","species",,,,,"N","F","N","processed",,"adult",,"enlarged","not","neither",20,18,,,19,"N","N","N",,"did not check","dry ice","UNDE.20240731.L9706.B","D00000208860","mandibular",,,,,,,,,,,,"0009-0008-2811-4380","0009-0002-9960-9029",,,,,"bb88e306-95fc-4635-a3e8-a916eddde36e"
"ba7f2d07-80ee-4c4a-8f14-e879bd6cb3ae","79029f78-6929-4c82-9f59-d650a4e3a0c3","UNDE_032.mammalGrid.mam","D05","UNDE","UNDE_032","F5","distributed","mixedForest",46.244036,-89.536945,"WGS84",45.2,510.5,0.2,"6 - trap set and empty","ShermanLF","2024-07-31","2024-07-31",,,,,,,,,,,,,,,,,,,,,,,,,,,,,,,,,,,,,,,,,,,,,"0009-0008-2811-4380","0009-0002-9960-9029",,,,,"98052bd1-df19-4a61-b399-aa6d0f51435c"
"9a10864e-1955-4719-941c-d0de463a39d4","79029f78-6929-4c82-9f59-d650a4e3a0c3","UNDE_032.mammalGrid.mam","D05","UNDE","UNDE_032","D2","distributed","mixedForest",46.244036,-89.536945,"WGS84",45.2,510.5,0.2,"6 - trap set and empty","ShermanLF","2024-07-31","2024-07-31",,,,,,,,,,,,,,,,,,,,,,,,,,,,,,,,,,,,,,,,,,,,,"0009-0008-2811-4380","0009-0002-9960-9029",,,,,"430d8b43-94a2-4d74-b33b-c488d1ef424a"
"12f6fe5e-dda3-4a1a-8b7c-51a8274bda79","9cb04b2f-d122-4d85-9882-b4674249a3e5","UNDE_012.mammalGrid.mam","D05","UNDE","UNDE_012","H5","distributed","woodyWetlands",46.237255,-89.502396,"WGS84",45.2,522.2,0.3,"6 - trap set and empty","ShermanLF","2024-07-31","2024-07-31",,,,,,,,,,,,,,,,,,,,,,,,,,,,,,,,,,,,,,,,,,,,,"0009-0001-9131-5010","0009-0005-4169-543X",,,,,"fde30ef6-56e9-4d4e-9006-6058842b8533"
"eeb3cf1b-2292-4557-8bf7-708913873d19","9cb04b2f-d122-4d85-9882-b4674249a3e5","UNDE_012.mammalGrid.mam","D05","UNDE","UNDE_012","C6","distributed","woodyWetlands",46.237255,-89.502396,"WGS84",45.2,522.2,0.3,"3 - trap door open or closed w/ spoor left","ShermanLF","2024-07-31","2024-07-31",,,,,,,,,,,,,,,,,,,,,,,,,,,,,"did not check","dry ice",,,,,,,,,,,,,,,"0009-0001-9131-5010","0009-0005-4169-543X",,,,,"4ce9ea73-8f48-4dc3-b48d-d155ce25d829"
"bb6c67ba-5c21-48a0-a314-f956efd7febd","9cb04b2f-d122-4d85-9882-b4674249a3e5","UNDE_012.mammalGrid.mam","D05","UNDE","UNDE_012","J2","distributed","woodyWetlands",46.237255,-89.502396,"WGS84",45.2,522.2,0.3,"6 - trap set and empty","ShermanLF","2024-07-31","2024-07-31",,,,,,,,,,,,,,,,,,,,,,,,,,,,,,,,,,,,,,,,,,,,,"0009-0001-9131-5010","0009-0005-4169-543X",,,,,"6d440e7d-f9d9-4f56-b16a-6a3d9f5af58e"
"448fe84c-dd04-4a86-879e-afb42015adf9","9cb04b2f-d122-4d85-9882-b4674249a3e5","UNDE_012.mammalGrid.mam","D05","UNDE","UNDE_012","A2","distributed","woodyWetlands",46.237255,-89.502396,"WGS84",45.2,522.2,0.3,"2 - trap disturbed/door closed but empty","ShermanLF","2024-07-31","2024-07-31",,,,,,,,,,,,,,,,,,,,,,,,,,,,,"did not check","dry ice",,,,,,,,,,,,,,,"0009-0001-9131-5010","0009-0005-4169-543X",,,,,"15a299ee-841e-42d5-b693-54de43f53c6b"
"d99cd52b-ae7d-4f50-9f99-f8b35722928a","79029f78-6929-4c82-9f59-d650a4e3a0c3","UNDE_032.mammalGrid.mam","D05","UNDE","UNDE_032","E2","distributed","mixedForest",46.244036,-89.536945,"WGS84",45.2,510.5,0.2,"6 - trap set and empty","ShermanLF","2024-07-31","2024-07-31",,,,,,,,,,,,,,,,,,,,,,,,,,,,,,,,,,,,,,,,,,,,,"0009-0008-2811-4380","0009-0002-9960-9029",,,,,"f0a2f812-93f8-4ab0-a19b-fca000578b53"
"b7e110d4-8f11-42f2-a6a0-e84ccff85b96","9cb04b2f-d122-4d85-9882-b4674249a3e5","UNDE_012.mammalGrid.mam","D05","UNDE","UNDE_012","A1","distributed","woodyWetlands",46.237255,-89.502396,"WGS84",45.2,522.2,0.3,"3 - trap door open or closed w/ spoor left","ShermanLF","2024-07-31","2024-07-31",,,,,,,,,,,,,,,,,,,,,,,,,,,,,"did not check","dry ice",,,,,,,,,,,,,,,"0009-0001-9131-5010","0009-0005-4169-543X",,,,,"5cfe1926-0780-45dd-b8d9-2b3baf595796"
"08eb7619-249c-4d0c-88d2-a9aee6ff3063","79029f78-6929-4c82-9f59-d650a4e3a0c3","UNDE_032.mammalGrid.mam","D05","UNDE","UNDE_032","G9","distributed","mixedForest",46.244036,-89.536945,"WGS84",45.2,510.5,0.2,"5 - capture","ShermanLF","2024-07-31","2024-07-31","NEON.MAM.D05.R9749",,"PEMA","Peromyscus maniculatus","species",,,,,"N","M","N","processed",,"adult","nonscrotal",,,,19,18,,,22,"N","N","N",,"did not check","dry ice","UNDE.20240731.R9749.B","D00000208430","mandibular",,"UNDE.20240731.R9749.F","D00000208383","ok",,,,,,,,"0009-0008-2811-4380","0009-0002-9960-9029",,,,,"66cdc8e2-5c80-4389-bd89-48c7dfd6d5cf"
"57de6976-e94f-4860-93cc-2767bbe14c9a","9cb04b2f-d122-4d85-9882-b4674249a3e5","UNDE_012.mammalGrid.mam","D05","UNDE","UNDE_012","C2","distributed","woodyWetlands",46.237255,-89.502396,"WGS84",45.2,522.2,0.3,"3 - trap door open or closed w/ spoor left","ShermanLF","2024-07-31","2024-07-31",,,,,,,,,,,,,,,,,,,,,,,,,,,,,"did not check","dry ice",,,,,,,,,,,,,,,"0009-0001-9131-5010","0009-0005-4169-543X",,,,,"a1a2c042-9bb3-44fa-a97e-75d3efb01219"
"68f12534-6e99-4e43-99e7-bc019f0b25df","9cb04b2f-d122-4d85-9882-b4674249a3e5","UNDE_012.mammalGrid.mam","D05","UNDE","UNDE_012","H10","distributed","woodyWetlands",46.237255,-89.502396,"WGS84",45.2,522.2,0.3,"1 - trap not set","ShermanLF","2024-07-31","2024-07-31",,,,,,,,,,,,,,,,,,,,,,,,,,,,,"did not check","dry ice",,,,,,,,,,,,,,,"0009-0001-9131-5010","0009-0005-4169-543X",,,,,"58384e33-e2f8-441a-ac3c-942793481306"
"2fa2e049-1b7f-4220-96d4-befb77fb5cc2","9cb04b2f-d122-4d85-9882-b4674249a3e5","UNDE_012.mammalGrid.mam","D05","UNDE","UNDE_012","F3","distributed","woodyWetlands",46.237255,-89.502396,"WGS84",45.2,522.2,0.3,"1 - trap not set","ShermanLF","2024-07-31","2024-07-31",,,,,,,,,,,,,,,,,,,,,,,,,,,,,"did not check","dry ice",,,,,,,,,,,,,,,"0009-0001-9131-5010","0009-0005-4169-543X",,,,,"df7992fc-bdc6-4bc8-8000-8ad3026d2e66"
"dbc20eae-1bf2-4bc4-9fec-4755978abf89","9cb04b2f-d122-4d85-9882-b4674249a3e5","UNDE_012.mammalGrid.mam","D05","UNDE","UNDE_012","B4","distributed","woodyWetlands",46.237255,-89.502396,"WGS84",45.2,522.2,0.3,"6 - trap set and empty","ShermanLF","2024-07-31","2024-07-31",,,,,,,,,,,,,,,,,,,,,,,,,,,,,,,,,,,,,,,,,,,,,"0009-0001-9131-5010","0009-0005-4169-543X",,,,,"a63320eb-0974-4207-9678-20f855f052da"
"119328f3-c83b-4de3-a394-f6fc567b8d1a","79029f78-6929-4c82-9f59-d650a4e3a0c3","UNDE_032.mammalGrid.mam","D05","UNDE","UNDE_032","B3","distributed","mixedForest",46.244036,-89.536945,"WGS84",45.2,510.5,0.2,"5 - capture","ShermanLF","2024-07-31","2024-07-31","NEON.MAM.D05.R9712",,"PEMA","Peromyscus maniculatus","species",,,,,"N","F","N","processed",,"subadult",,"nonenlarged","not","neither",19,17,,,14,"N","N","N",,"fleas","dry ice","UNDE.20240731.R9712.B","D00000208500","mandibular",,,,,"UNDE.20240731.R9712.E","D00000208393","UNDE.20240731.R9712.H","A00000411222","hairAndWhisker",,,"0009-0008-2811-4380","0009-0002-9960-9029",,,,,"3f585f12-9b00-47e7-9726-1a9c1d89b01f"
"a764d743-1401-4493-b3b7-33d7587765fa","9cb04b2f-d122-4d85-9882-b4674249a3e5","UNDE_012.mammalGrid.mam","D05","UNDE","UNDE_012","F4","distributed","woodyWetlands",46.237255,-89.502396,"WGS84",45.2,522.2,0.3,"6 - trap set and empty","ShermanLF","2024-07-31","2024-07-31",,,,,,,,,,,,,,,,,,,,,,,,,,,,,,,,,,,,,,,,,,,,,"0009-0001-9131-5010","0009-0005-4169-543X",,,,,"cadb292a-0183-41bf-9870-7b8384717d6c"
"e702b14c-d806-4f18-a0f6-0f783fd6198c","9cb04b2f-d122-4d85-9882-b4674249a3e5","UNDE_012.mammalGrid.mam","D05","UNDE","UNDE_012","G8","distributed","woodyWetlands",46.237255,-89.502396,"WGS84",45.2,522.2,0.3,"6 - trap set and empty","ShermanLF","2024-07-31","2024-07-31",,,,,,,,,,,,,,,,,,,,,,,,,,,,,,,,,,,,,,,,,,,,,"0009-0001-9131-5010","0009-0005-4169-543X",,,,,"ae19ee3f-f0f2-4434-ad9e-b45d1949e347"
"849f182a-9e9c-49a7-a81c-4e6c53651ac7","79029f78-6929-4c82-9f59-d650a4e3a0c3","UNDE_032.mammalGrid.mam","D05","UNDE","UNDE_032","B9","distributed","mixedForest",46.244036,-89.536945,"WGS84",45.2,510.5,0.2,"5 - capture","ShermanLF","2024-07-31","2024-07-31","NEON.MAM.D05.R9709",,"PEMA","Peromyscus maniculatus","species",,,,,"N","F","N","processed",,"adult",,"nonenlarged","not","neither",19,18,,,15,"N","N","N",,"fleas","dry ice","UNDE.20240731.R9709.B","D00000208452","mandibular",,,,,"UNDE.20240731.R9709.E","D00000208720","UNDE.20240731.R9709.H","A00000412536","hairAndWhisker",,,"0009-0008-2811-4380","0009-0002-9960-9029",,,,,"25342c7c-80ae-483f-b3c0-48157b1ca310"
"a0de310d-51b5-434a-9f04-fa665ce9589b","9cb04b2f-d122-4d85-9882-b4674249a3e5","UNDE_012.mammalGrid.mam","D05","UNDE","UNDE_012","I2","distributed","woodyWetlands",46.237255,-89.502396,"WGS84",45.2,522.2,0.3,"6 - trap set and empty","ShermanLF","2024-07-31","2024-07-31",,,,,,,,,,,,,,,,,,,,,,,,,,,,,,,,,,,,,,,,,,,,,"0009-0001-9131-5010","0009-0005-4169-543X",,,,,"a460022e-60ba-4db5-9248-be9f84b47d19"
"75761f82-ccee-485a-87ae-0e5c749c9770","79029f78-6929-4c82-9f59-d650a4e3a0c3","UNDE_032.mammalGrid.mam","D05","UNDE","UNDE_032","F9","distributed","mixedForest",46.244036,-89.536945,"WGS84",45.2,510.5,0.2,"2 - trap disturbed/door closed but empty","ShermanLF","2024-07-31","2024-07-31",,,,,,,,,,,,,,,,,,,,,,,,,,,,,"did not check","dry ice",,,,,,,,,,,,,,,"0009-0008-2811-4380","0009-0002-9960-9029",,,,,"4cf20b06-f573-41d8-b4ed-75acfea582c9"
"dbb59256-9ea5-4ba8-9c8f-c27cc1c89634","79029f78-6929-4c82-9f59-d650a4e3a0c3","UNDE_032.mammalGrid.mam","D05","UNDE","UNDE_032","G5","distributed","mixedForest",46.244036,-89.536945,"WGS84",45.2,510.5,0.2,"6 - trap set and empty","ShermanLF","2024-07-31","2024-07-31",,,,,,,,,,,,,,,,,,,,,,,,,,,,,,,,,,,,,,,,,,,,,"0009-0008-2811-4380","0009-0002-9960-9029",,,,,"a01d71ea-7f33-4eb5-8b39-f2f4882d3a4d"
"1f24c56e-d225-4845-8ad3-ae94ee0bd35d","79029f78-6929-4c82-9f59-d650a4e3a0c3","UNDE_032.mammalGrid.mam","D05","UNDE","UNDE_032","D9","distributed","mixedForest",46.244036,-89.536945,"WGS84",45.2,510.5,0.2,"6 - trap set and empty","ShermanLF","2024-07-31","2024-07-31",,,,,,,,,,,,,,,,,,,,,,,,,,,,,,,,,,,,,,,,,,,,,"0009-0008-2811-4380","0009-0002-9960-9029",,,,,"39669cfe-6969-4b89-a6ef-daf1514286cc"
"c3b7d813-f2f0-483b-9680-1bc7c67c7c6c","9cb04b2f-d122-4d85-9882-b4674249a3e5","UNDE_012.mammalGrid.mam","D05","UNDE","UNDE_012","B2","distributed","woodyWetlands",46.237255,-89.502396,"WGS84",45.2,522.2,0.3,"5 - capture","ShermanLF","2024-07-31","2024-07-31","NEON.MAM.D05.R9673",,"PEMA","Peromyscus maniculatus","species",,,,,"N","F","N","processed",,"adult",,"enlarged","pregnant","not plugged",21,19,,,28,"N","N","N",,"fleas","dry ice","UNDE.20240731.R9673.B","D00000208783","mandibular - QNS",,"UNDE.20240731.R9673.F","D00000208370","ok","UNDE.20240731.R9673.E","D00000172486","UNDE.20240731.R9673.H","A00000414493","hairAndWhisker",,,"0009-0001-9131-5010","0009-0005-4169-543X",,,,,"12eee395-1655-4568-b6b1-c7a9971ef2c2"
"bf841feb-45b2-4c25-8125-734bf3ee1633","9cb04b2f-d122-4d85-9882-b4674249a3e5","UNDE_012.mammalGrid.mam","D05","UNDE","UNDE_012","J10","distributed","woodyWetlands",46.237255,-89.502396,"WGS84",45.2,522.2,0.3,"1 - trap not set","ShermanLF","2024-07-31","2024-07-31",,,,,,,,,,,,,,,,,,,,,,,,,,,,,"did not check","dry ice",,,,,,,,,,,,,,,"0009-0001-9131-5010","0009-0005-4169-543X",,,,,"af7cf8e3-263c-4c95-905e-f69b2a7db744"
"37c9ba59-1f43-444d-83aa-b4d37830eeec","79029f78-6929-4c82-9f59-d650a4e3a0c3","UNDE_032.mammalGrid.mam","D05","UNDE","UNDE_032","H9","distributed","mixedForest",46.244036,-89.536945,"WGS84",45.2,510.5,0.2,"3 - trap door open or closed w/ spoor left","ShermanLF","2024-07-31","2024-07-31",,,,,,,,,,,,,,,,,,,,,,,,,,,,,"did not check","dry ice",,,,,,,,,,,,,,,"0009-0008-2811-4380","0009-0002-9960-9029",,,,,"cfae4bb2-7d7a-4e11-b19d-9ae7d6820ede"
"4e665972-c91a-4074-b3c1-05f452a5814b","9cb04b2f-d122-4d85-9882-b4674249a3e5","UNDE_012.mammalGrid.mam","D05","UNDE","UNDE_012","I9","distributed","woodyWetlands",46.237255,-89.502396,"WGS84",45.2,522.2,0.3,"6 - trap set and empty","ShermanLF","2024-07-31","2024-07-31",,,,,,,,,,,,,,,,,,,,,,,,,,,,,,,,,,,,,,,,,,,,,"0009-0001-9131-5010","0009-0005-4169-543X",,,,,"6aca3d9a-78d3-4c01-bed2-4fa859eea03d"
"5a2fbf04-5d7e-414f-bdc7-7b535cd04ed0","9cb04b2f-d122-4d85-9882-b4674249a3e5","UNDE_012.mammalGrid.mam","D05","UNDE","UNDE_012","A6","distributed","woodyWetlands",46.237255,-89.502396,"WGS84",45.2,522.2,0.3,"6 - trap set and empty","ShermanLF","2024-07-31","2024-07-31",,,,,,,,,,,,,,,,,,,,,,,,,,,,,,,,,,,,,,,,,,,,,"0009-0001-9131-5010","0009-0005-4169-543X",,,,,"21410540-5826-4303-bab0-133ea0a6b2cb"
"fbb84a04-9f3e-4d96-bd4d-e68db39a58e8","9cb04b2f-d122-4d85-9882-b4674249a3e5","UNDE_012.mammalGrid.mam","D05","UNDE","UNDE_012","C4","distributed","woodyWetlands",46.237255,-89.502396,"WGS84",45.2,522.2,0.3,"2 - trap disturbed/door closed but empty","ShermanLF","2024-07-31","2024-07-31",,,,,,,,,,,,,,,,,,,,,,,,,,,,,"did not check","dry ice",,,,,,,,,,,,,,,"0009-0001-9131-5010","0009-0005-4169-543X",,,,,"b6aedfc6-2c48-49a3-8923-6425174f7cc7"
"2cd1472f-202b-4ae8-b961-20399d324cdb","9cb04b2f-d122-4d85-9882-b4674249a3e5","UNDE_012.mammalGrid.mam","D05","UNDE","UNDE_012","E1","distributed","woodyWetlands",46.237255,-89.502396,"WGS84",45.2,522.2,0.3,"6 - trap set and empty","ShermanLF","2024-07-31","2024-07-31",,,,,,,,,,,,,,,,,,,,,,,,,,,,,,,,,,,,,,,,,,,,,"0009-0001-9131-5010","0009-0005-4169-543X",,,,,"b3723e9e-f554-4053-b617-f57013f0c271"
"d1caea92-1f73-4bcf-af58-208b9804ffbe","79029f78-6929-4c82-9f59-d650a4e3a0c3","UNDE_032.mammalGrid.mam","D05","UNDE","UNDE_032","H8","distributed","mixedForest",46.244036,-89.536945,"WGS84",45.2,510.5,0.2,"5 - capture","ShermanLF","2024-07-31","2024-07-31","NEON.MAM.D05.R9795",,"NAIN","Napaeozapus insignis","species",,,,,"N","F","N","processed",,"adult",,"nonenlarged","not","neither",,,,,16,"N","N","N",,"did not check","dry ice","UNDE.20240731.R9795.B","D00000208912","mandibular - QNS",,,,,,,,,,,,"0009-0008-2811-4380","0009-0002-9960-9029",,,"Sex confirmed after voucher review from individual with this tagID on different capture date.",,"5f4b8ca4-7205-4dc0-8116-3e2d0b8d79d1"
"319f3527-a3c5-4a61-b1ac-031f7ea65ba7","9cb04b2f-d122-4d85-9882-b4674249a3e5","UNDE_012.mammalGrid.mam","D05","UNDE","UNDE_012","F7","distributed","woodyWetlands",46.237255,-89.502396,"WGS84",45.2,522.2,0.3,"6 - trap set and empty","ShermanLF","2024-07-31","2024-07-31",,,,,,,,,,,,,,,,,,,,,,,,,,,,,,,,,,,,,,,,,,,,,"0009-0001-9131-5010","0009-0005-4169-543X",,,,,"1dffc41b-2e4e-4d78-8094-346f629bbc9a"
"9f5def82-86c9-4378-b045-92c669487981","9cb04b2f-d122-4d85-9882-b4674249a3e5","UNDE_012.mammalGrid.mam","D05","UNDE","UNDE_012","J9","distributed","woodyWetlands",46.237255,-89.502396,"WGS84",45.2,522.2,0.3,"6 - trap set and empty","ShermanLF","2024-07-31","2024-07-31",,,,,,,,,,,,,,,,,,,,,,,,,,,,,,,,,,,,,,,,,,,,,"0009-0001-9131-5010","0009-0005-4169-543X",,,,,"0d01ef76-3c6d-4a9a-8777-66d4a49c731f"
"7986f794-4101-40a9-94ec-4b0da74346d5","9cb04b2f-d122-4d85-9882-b4674249a3e5","UNDE_012.mammalGrid.mam","D05","UNDE","UNDE_012","E2","distributed","woodyWetlands",46.237255,-89.502396,"WGS84",45.2,522.2,0.3,"3 - trap door open or closed w/ spoor left","ShermanLF","2024-07-31","2024-07-31",,,,,,,,,,,,,,,,,,,,,,,,,,,,,"did not check","dry ice",,,,,,,,,,,,,,,"0009-0001-9131-5010","0009-0005-4169-543X",,,,,"4ad7de91-c6c1-42dc-a592-83aa40ab692f"
"cfc2e159-1aeb-46b7-8a46-f092c5880063","79029f78-6929-4c82-9f59-d650a4e3a0c3","UNDE_032.mammalGrid.mam","D05","UNDE","UNDE_032","F2","distributed","mixedForest",46.244036,-89.536945,"WGS84",45.2,510.5,0.2,"6 - trap set and empty","ShermanLF","2024-07-31","2024-07-31",,,,,,,,,,,,,,,,,,,,,,,,,,,,,,,,,,,,,,,,,,,,,"0009-0008-2811-4380","0009-0002-9960-9029",,,,,"61e94bb2-6520-4408-accb-d288dffab794"
"87def49b-f68f-4b39-92e6-797460bf4a84","9cb04b2f-d122-4d85-9882-b4674249a3e5","UNDE_012.mammalGrid.mam","D05","UNDE","UNDE_012","I10","distributed","woodyWetlands",46.237255,-89.502396,"WGS84",45.2,522.2,0.3,"1 - trap not set","ShermanLF","2024-07-31","2024-07-31",,,,,,,,,,,,,,,,,,,,,,,,,,,,,"did not check","dry ice",,,,,,,,,,,,,,,"0009-0001-9131-5010","0009-0005-4169-543X",,,,,"996d4b6c-512f-416f-a8df-fa3795f65de7"
"034740e0-7995-4e53-8c4e-82c215e3d526","79029f78-6929-4c82-9f59-d650a4e3a0c3","UNDE_032.mammalGrid.mam","D05","UNDE","UNDE_032","J6","distributed","mixedForest",46.244036,-89.536945,"WGS84",45.2,510.5,0.2,"6 - trap set and empty","ShermanLF","2024-07-31","2024-07-31",,,,,,,,,,,,,,,,,,,,,,,,,,,,,,,,,,,,,,,,,,,,,"0009-0008-2811-4380","0009-0002-9960-9029",,,,,"6b2d3412-5e14-40bd-bc01-e09e669a5f26"
"adb1fc93-ef36-4cd0-975e-f89ad476e992","9cb04b2f-d122-4d85-9882-b4674249a3e5","UNDE_012.mammalGrid.mam","D05","UNDE","UNDE_012","F8","distributed","woodyWetlands",46.237255,-89.502396,"WGS84",45.2,522.2,0.3,"2 - trap disturbed/door closed but empty","ShermanLF","2024-07-31","2024-07-31",,,,,,,,,,,,,,,,,,,,,,,,,,,,,"did not check","dry ice",,,,,,,,,,,,,,,"0009-0001-9131-5010","0009-0005-4169-543X",,,,,"d35c5112-6c3a-4fb3-8d56-2af0e2399e41"
"d831343f-1fee-4e1b-9bfc-cb78d7972051","79029f78-6929-4c82-9f59-d650a4e3a0c3","UNDE_032.mammalGrid.mam","D05","UNDE","UNDE_032","F6","distributed","mixedForest",46.244036,-89.536945,"WGS84",45.2,510.5,0.2,"6 - trap set and empty","ShermanLF","2024-07-31","2024-07-31",,,,,,,,,,,,,,,,,,,,,,,,,,,,,,,,,,,,,,,,,,,,,"0009-0008-2811-4380","0009-0002-9960-9029",,,,,"4c104960-94ac-4f42-b192-c43365cd21ef"
"5f6fc093-8aa0-4d82-947c-d062307520eb","79029f78-6929-4c82-9f59-d650a4e3a0c3","UNDE_032.mammalGrid.mam","D05","UNDE","UNDE_032","A7","distributed","mixedForest",46.244036,-89.536945,"WGS84",45.2,510.5,0.2,"6 - trap set and empty","ShermanLF","2024-07-31","2024-07-31",,,,,,,,,,,,,,,,,,,,,,,,,,,,,,,,,,,,,,,,,,,,,"0009-0008-2811-4380","0009-0002-9960-9029",,,,,"dc1fef8f-d977-4c52-993e-0d278f696fb7"
"1f523f32-7303-47c3-a844-4945db2e7ad1","79029f78-6929-4c82-9f59-d650a4e3a0c3","UNDE_032.mammalGrid.mam","D05","UNDE","UNDE_032","E5","distributed","mixedForest",46.244036,-89.536945,"WGS84",45.2,510.5,0.2,"3 - trap door open or closed w/ spoor left","ShermanLF","2024-07-31","2024-07-31",,,,,,,,,,,,,,,,,,,,,,,,,,,,,"did not check","dry ice",,,,,,,,,,,,,,,"0009-0008-2811-4380","0009-0002-9960-9029",,,,,"e3566f62-d5e3-4295-88bf-52309baf7ba1"
"05e895a7-2c79-4e18-bb08-e0bda79debbf","79029f78-6929-4c82-9f59-d650a4e3a0c3","UNDE_032.mammalGrid.mam","D05","UNDE","UNDE_032","I3","distributed","mixedForest",46.244036,-89.536945,"WGS84",45.2,510.5,0.2,"5 - capture","ShermanLF","2024-07-31","2024-07-31","NEON.MAM.D05.R9798",,"PELE","Peromyscus leucopus","species",,,,,"N","F","N","processed",,"subadult",,"nonenlarged","not","neither",,,,,9,"N","N","N",,"none","dry ice",,,,,"UNDE.20240731.R9798.F","D00000208610","ok",,,,,,,,"0009-0008-2811-4380","0009-0002-9960-9029",,,,,"d3bb659e-75a8-41d5-a5f1-41f3b5fec999"
"31f6478d-eb74-417f-b214-9cb2a16dfa8f","9cb04b2f-d122-4d85-9882-b4674249a3e5","UNDE_012.mammalGrid.mam","D05","UNDE","UNDE_012","C9","distributed","woodyWetlands",46.237255,-89.502396,"WGS84",45.2,522.2,0.3,"1 - trap not set","ShermanLF","2024-07-31","2024-07-31",,,,,,,,,,,,,,,,,,,,,,,,,,,,,"did not check","dry ice",,,,,,,,,,,,,,,"0009-0001-9131-5010","0009-0005-4169-543X",,,,,"52ccb0a2-5a9b-4ad0-bfa5-2e03a1430fa3"
"1d0443ba-94cb-46e2-94c9-ec13d1447e6c","79029f78-6929-4c82-9f59-d650a4e3a0c3","UNDE_032.mammalGrid.mam","D05","UNDE","UNDE_032","E8","distributed","mixedForest",46.244036,-89.536945,"WGS84",45.2,510.5,0.2,"6 - trap set and empty","ShermanLF","2024-07-31","2024-07-31",,,,,,,,,,,,,,,,,,,,,,,,,,,,,,,,,,,,,,,,,,,,,"0009-0008-2811-4380","0009-0002-9960-9029",,,,,"36de7f5d-041e-4047-9a63-36deaf7c4326"
"2f331b73-dd2b-4f47-8e1a-7bbeec898d6e","79029f78-6929-4c82-9f59-d650a4e3a0c3","UNDE_032.mammalGrid.mam","D05","UNDE","UNDE_032","C1","distributed","mixedForest",46.244036,-89.536945,"WGS84",45.2,510.5,0.2,"6 - trap set and empty","ShermanLF","2024-07-31","2024-07-31",,,,,,,,,,,,,,,,,,,,,,,,,,,,,,,,,,,,,,,,,,,,,"0009-0008-2811-4380","0009-0002-9960-9029",,,,,"753c4acd-45f2-4c84-8c21-5dc5a6047d3d"
"220c7fe9-f048-4c47-940d-4bbfccfb9e84","79029f78-6929-4c82-9f59-d650a4e3a0c3","UNDE_032.mammalGrid.mam","D05","UNDE","UNDE_032","B8","distributed","mixedForest",46.244036,-89.536945,"WGS84",45.2,510.5,0.2,"5 - capture","ShermanLF","2024-07-31","2024-07-31","NEON.MAM.D05.R9710",,"PEMA","Peromyscus maniculatus","species",,,,,"N","F","N","processed",,"adult",,"nonenlarged","not","neither",19,17,,,15,"N","N","N",,"did not check","dry ice",,,"unsuccessful",,,,,"UNDE.20240731.R9710.E","D00000208890","UNDE.20240731.R9710.H","A00000414446","hairAndWhisker",,,"0009-0008-2811-4380","0009-0002-9960-9029",,,,,"8ff51158-50f8-4feb-a0b2-2a2973f21a44"
"f29e2038-c824-4a6d-b29d-08d6966cd8db","79029f78-6929-4c82-9f59-d650a4e3a0c3","UNDE_032.mammalGrid.mam","D05","UNDE","UNDE_032","D10","distributed","mixedForest",46.244036,-89.536945,"WGS84",45.2,510.5,0.2,"6 - trap set and empty","ShermanLF","2024-07-31","2024-07-31",,,,,,,,,,,,,,,,,,,,,,,,,,,,,,,,,,,,,,,,,,,,,"0009-0008-2811-4380","0009-0002-9960-9029",,,,,"a056c4fb-c5e5-4a90-b4b0-f41ff33ab539"
"0b41b023-e4be-4dff-83fe-fcc29423791d","9cb04b2f-d122-4d85-9882-b4674249a3e5","UNDE_012.mammalGrid.mam","D05","UNDE","UNDE_012","E7","distributed","woodyWetlands",46.237255,-89.502396,"WGS84",45.2,522.2,0.3,"6 - trap set and empty","ShermanLF","2024-07-31","2024-07-31",,,,,,,,,,,,,,,,,,,,,,,,,,,,,,,,,,,,,,,,,,,,,"0009-0001-9131-5010","0009-0005-4169-543X",,,,,"22a16bc8-598e-4adc-a7cf-1595d57ab745"
"bf0709c6-71ce-4eb6-a487-36c02b60d3d4","9cb04b2f-d122-4d85-9882-b4674249a3e5","UNDE_012.mammalGrid.mam","D05","UNDE","UNDE_012","G9","distributed","woodyWetlands",46.237255,-89.502396,"WGS84",45.2,522.2,0.3,"6 - trap set and empty","ShermanLF","2024-07-31","2024-07-31",,,,,,,,,,,,,,,,,,,,,,,,,,,,,,,,,,,,,,,,,,,,,"0009-0001-9131-5010","0009-0005-4169-543X",,,,,"46521487-b36a-4902-80d8-a91d66d76d32"
"7731e79e-0abc-45ce-b672-ff0ce7a50529","79029f78-6929-4c82-9f59-d650a4e3a0c3","UNDE_032.mammalGrid.mam","D05","UNDE","UNDE_032","D3","distributed","mixedForest",46.244036,-89.536945,"WGS84",45.2,510.5,0.2,"5 - capture","ShermanLF","2024-07-31","2024-07-31","NEON.MAM.D05.R9705",,"NAIN","Napaeozapus insignis","species",,,,,"N","F","N","processed",,"adult",,"enlarged","pregnant","neither",30,,,,24,"N","N","N",,"did not check","dry ice","UNDE.20240731.R9705.B","D00000208856","mandibular - QNS",,,,,"UNDE.20240731.R9705.E","D00000208958","UNDE.20240731.R9705.H","A00000414638","hairAndWhisker",,,"0009-0008-2811-4380","0009-0002-9960-9029",,,,,"2ecddb78-702e-4ef6-a566-ba5887165d62"
"e91a9202-81bf-48f1-b873-fcffbbd69f0a","79029f78-6929-4c82-9f59-d650a4e3a0c3","UNDE_032.mammalGrid.mam","D05","UNDE","UNDE_032","J4","distributed","mixedForest",46.244036,-89.536945,"WGS84",45.2,510.5,0.2,"5 - capture","ShermanLF","2024-07-31","2024-07-31","NEON.MAM.D05.R9748",,"NAIN","Napaeozapus insignis","species",,,,,"N","M","N","processed",,"adult","scrotal",,,,31,,,,27,"N","N","N",,"did not check","dry ice","UNDE.20240731.R9748.B","D00000208414","mandibular",,,,,,,,,,,,"0009-0008-2811-4380","0009-0002-9960-9029",,,,,"c2b75ed2-a036-4102-b04c-1614de3b1e0f"
"f09ce024-1d63-4cf6-9928-7a924c18a633","79029f78-6929-4c82-9f59-d650a4e3a0c3","UNDE_032.mammalGrid.mam","D05","UNDE","UNDE_032","C2","distributed","mixedForest",46.244036,-89.536945,"WGS84",45.2,510.5,0.2,"6 - trap set and empty","ShermanLF","2024-07-31","2024-07-31",,,,,,,,,,,,,,,,,,,,,,,,,,,,,,,,,,,,,,,,,,,,,"0009-0008-2811-4380","0009-0002-9960-9029",,,,,"857fc005-9b94-46bb-a2ed-2189fa75b4fd"
"7f2e6460-c20a-48a3-b6cf-cc72a1034ce1","9cb04b2f-d122-4d85-9882-b4674249a3e5","UNDE_012.mammalGrid.mam","D05","UNDE","UNDE_012","H2","distributed","woodyWetlands",46.237255,-89.502396,"WGS84",45.2,522.2,0.3,"6 - trap set and empty","ShermanLF","2024-07-31","2024-07-31",,,,,,,,,,,,,,,,,,,,,,,,,,,,,,,,,,,,,,,,,,,,,"0009-0001-9131-5010","0009-0005-4169-543X",,,,,"ca4f3a32-c342-47b8-a54a-5135ae2453bc"
"6687881f-c390-427a-b363-50e61dd79def","9cb04b2f-d122-4d85-9882-b4674249a3e5","UNDE_012.mammalGrid.mam","D05","UNDE","UNDE_012","B6","distributed","woodyWetlands",46.237255,-89.502396,"WGS84",45.2,522.2,0.3,"6 - trap set and empty","ShermanLF","2024-07-31","2024-07-31",,,,,,,,,,,,,,,,,,,,,,,,,,,,,,,,,,,,,,,,,,,,,"0009-0001-9131-5010","0009-0005-4169-543X",,,,,"4dd5902b-9641-4a89-ba86-29381aaa0a67"
"7bc492e9-ad69-48fa-a62b-116c7a6f304c","9cb04b2f-d122-4d85-9882-b4674249a3e5","UNDE_012.mammalGrid.mam","D05","UNDE","UNDE_012","B7","distributed","woodyWetlands",46.237255,-89.502396,"WGS84",45.2,522.2,0.3,"3 - trap door open or closed w/ spoor left","ShermanLF","2024-07-31","2024-07-31",,,,,,,,,,,,,,,,,,,,,,,,,,,,,"did not check","dry ice",,,,,,,,,,,,,,,"0009-0001-9131-5010","0009-0005-4169-543X",,,,,"cef5bd90-ca0e-40ff-9940-bb43c6f9ce02"
"2fae4db8-3afd-4b3c-a13d-820bdc8f6bb2","9cb04b2f-d122-4d85-9882-b4674249a3e5","UNDE_012.mammalGrid.mam","D05","UNDE","UNDE_012","C8","distributed","woodyWetlands",46.237255,-89.502396,"WGS84",45.2,522.2,0.3,"1 - trap not set","ShermanLF","2024-07-31","2024-07-31",,,,,,,,,,,,,,,,,,,,,,,,,,,,,"did not check","dry ice",,,,,,,,,,,,,,,"0009-0001-9131-5010","0009-0005-4169-543X",,,,,"2cdc28e5-b4bd-4e1b-b2d0-c850383a83c4"
"0fa0a3c4-3322-4365-b2de-e68d7c18354a","9cb04b2f-d122-4d85-9882-b4674249a3e5","UNDE_012.mammalGrid.mam","D05","UNDE","UNDE_012","G10","distributed","woodyWetlands",46.237255,-89.502396,"WGS84",45.2,522.2,0.3,"1 - trap not set","ShermanLF","2024-07-31","2024-07-31",,,,,,,,,,,,,,,,,,,,,,,,,,,,,"did not check","dry ice",,,,,,,,,,,,,,,"0009-0001-9131-5010","0009-0005-4169-543X",,,,,"0ab53ad0-08b5-4683-8742-7283c5a00990"
"844cf448-797e-4e50-bd62-b5e35eade28a","9cb04b2f-d122-4d85-9882-b4674249a3e5","UNDE_012.mammalGrid.mam","D05","UNDE","UNDE_012","E6","distributed","woodyWetlands",46.237255,-89.502396,"WGS84",45.2,522.2,0.3,"6 - trap set and empty","ShermanLF","2024-07-31","2024-07-31",,,,,,,,,,,,,,,,,,,,,,,,,,,,,,,,,,,,,,,,,,,,,"0009-0001-9131-5010","0009-0005-4169-543X",,,,,"71f46192-2c9c-4e41-ab41-3c4f2eb79ed1"
"213d2fd3-fc8c-4a1c-aa65-45c36336bba8","79029f78-6929-4c82-9f59-d650a4e3a0c3","UNDE_032.mammalGrid.mam","D05","UNDE","UNDE_032","I4","distributed","mixedForest",46.244036,-89.536945,"WGS84",45.2,510.5,0.2,"6 - trap set and empty","ShermanLF","2024-07-31","2024-07-31",,,,,,,,,,,,,,,,,,,,,,,,,,,,,,,,,,,,,,,,,,,,,"0009-0008-2811-4380","0009-0002-9960-9029",,,,,"3b8597f2-d641-4997-b160-41636b6ed6ba"
"54d5099a-8aa5-4992-9218-a0ae48681ed5","9cb04b2f-d122-4d85-9882-b4674249a3e5","UNDE_012.mammalGrid.mam","D05","UNDE","UNDE_012","F6","distributed","woodyWetlands",46.237255,-89.502396,"WGS84",45.2,522.2,0.3,"6 - trap set and empty","ShermanLF","2024-07-31","2024-07-31",,,,,,,,,,,,,,,,,,,,,,,,,,,,,,,,,,,,,,,,,,,,,"0009-0001-9131-5010","0009-0005-4169-543X",,,,,"cef678d9-e2a5-4d5d-8397-b61867813510"
"19efa5ee-963a-4dc4-b03d-2bb5f6d5aa31","79029f78-6929-4c82-9f59-d650a4e3a0c3","UNDE_032.mammalGrid.mam","D05","UNDE","UNDE_032","H10","distributed","mixedForest",46.244036,-89.536945,"WGS84",45.2,510.5,0.2,"6 - trap set and empty","ShermanLF","2024-07-31","2024-07-31",,,,,,,,,,,,,,,,,,,,,,,,,,,,,,,,,,,,,,,,,,,,,"0009-0008-2811-4380","0009-0002-9960-9029",,,,,"d1f3a357-f9eb-44ff-be9c-ed5da2670277"
"dc9c9ff5-a38a-4192-9d44-d4f1b6d51c73","79029f78-6929-4c82-9f59-d650a4e3a0c3","UNDE_032.mammalGrid.mam","D05","UNDE","UNDE_032","A4","distributed","mixedForest",46.244036,-89.536945,"WGS84",45.2,510.5,0.2,"6 - trap set and empty","ShermanLF","2024-07-31","2024-07-31",,,,,,,,,,,,,,,,,,,,,,,,,,,,,,,,,,,,,,,,,,,,,"0009-0008-2811-4380","0009-0002-9960-9029",,,,,"959c1394-7bc5-4844-9234-403100b0ea0f"
"8125871a-c287-479b-a106-df5d88bcb6d3","9cb04b2f-d122-4d85-9882-b4674249a3e5","UNDE_012.mammalGrid.mam","D05","UNDE","UNDE_012","I6","distributed","woodyWetlands",46.237255,-89.502396,"WGS84",45.2,522.2,0.3,"3 - trap door open or closed w/ spoor left","ShermanLF","2024-07-31","2024-07-31",,,,,,,,,,,,,,,,,,,,,,,,,,,,,"did not check","dry ice",,,,,,,,,,,,,,,"0009-0001-9131-5010","0009-0005-4169-543X",,,,,"ac50892d-15e5-4b24-9e73-5ce9f0a1104f"
"8a4badf1-1910-4565-a117-309813b1b832","9cb04b2f-d122-4d85-9882-b4674249a3e5","UNDE_012.mammalGrid.mam","D05","UNDE","UNDE_012","H3","distributed","woodyWetlands",46.237255,-89.502396,"WGS84",45.2,522.2,0.3,"6 - trap set and empty","ShermanLF","2024-07-31","2024-07-31",,,,,,,,,,,,,,,,,,,,,,,,,,,,,,,,,,,,,,,,,,,,,"0009-0001-9131-5010","0009-0005-4169-543X",,,,,"33a17f89-2a80-4383-a363-5608fb7f9195"
"030ebc05-23d8-4017-be78-a8b776de6066","9cb04b2f-d122-4d85-9882-b4674249a3e5","UNDE_012.mammalGrid.mam","D05","UNDE","UNDE_012","E4","distributed","woodyWetlands",46.237255,-89.502396,"WGS84",45.2,522.2,0.3,"6 - trap set and empty","ShermanLF","2024-07-31","2024-07-31",,,,,,,,,,,,,,,,,,,,,,,,,,,,,,,,,,,,,,,,,,,,,"0009-0001-9131-5010","0009-0005-4169-543X",,,,,"710a123e-9436-41fb-a470-0a36af7fd067"
"6d9713d0-6aed-4442-9108-bb168209b51b","9cb04b2f-d122-4d85-9882-b4674249a3e5","UNDE_012.mammalGrid.mam","D05","UNDE","UNDE_012","H6","distributed","woodyWetlands",46.237255,-89.502396,"WGS84",45.2,522.2,0.3,"3 - trap door open or closed w/ spoor left","ShermanLF","2024-07-31","2024-07-31",,,,,,,,,,,,,,,,,,,,,,,,,,,,,"did not check","dry ice",,,,,,,,,,,,,,,"0009-0001-9131-5010","0009-0005-4169-543X",,,,,"db7b1493-1f82-4e0b-874d-060f0bebfe78"
"762d4aad-f519-4623-8c92-38c31c4ebf49","79029f78-6929-4c82-9f59-d650a4e3a0c3","UNDE_032.mammalGrid.mam","D05","UNDE","UNDE_032","J7","distributed","mixedForest",46.244036,-89.536945,"WGS84",45.2,510.5,0.2,"6 - trap set and empty","ShermanLF","2024-07-31","2024-07-31",,,,,,,,,,,,,,,,,,,,,,,,,,,,,,,,,,,,,,,,,,,,,"0009-0008-2811-4380","0009-0002-9960-9029",,,,,"b29ba4b1-4636-419d-b90e-1a3947469358"
"8587c784-78aa-4fdb-b505-c5c9ffc26034","9cb04b2f-d122-4d85-9882-b4674249a3e5","UNDE_012.mammalGrid.mam","D05","UNDE","UNDE_012","G7","distributed","woodyWetlands",46.237255,-89.502396,"WGS84",45.2,522.2,0.3,"6 - trap set and empty","ShermanLF","2024-07-31","2024-07-31",,,,,,,,,,,,,,,,,,,,,,,,,,,,,,,,,,,,,,,,,,,,,"0009-0001-9131-5010","0009-0005-4169-543X",,,,,"6727cd95-90d6-441c-b0c9-c34f601e3c0c"
"db8da46b-38e6-4a18-916c-0bee2772556a","9cb04b2f-d122-4d85-9882-b4674249a3e5","UNDE_012.mammalGrid.mam","D05","UNDE","UNDE_012","A9","distributed","woodyWetlands",46.237255,-89.502396,"WGS84",45.2,522.2,0.3,"1 - trap not set","ShermanLF","2024-07-31","2024-07-31",,,,,,,,,,,,,,,,,,,,,,,,,,,,,"did not check","dry ice",,,,,,,,,,,,,,,"0009-0001-9131-5010","0009-0005-4169-543X",,,,,"df3fda15-8506-464e-bb12-5edc5a05b933"
"4e4188cd-f68a-434e-b4cb-21bf07f3d8ff","9cb04b2f-d122-4d85-9882-b4674249a3e5","UNDE_012.mammalGrid.mam","D05","UNDE","UNDE_012","I7","distributed","woodyWetlands",46.237255,-89.502396,"WGS84",45.2,522.2,0.3,"6 - trap set and empty","ShermanLF","2024-07-31","2024-07-31",,,,,,,,,,,,,,,,,,,,,,,,,,,,,,,,,,,,,,,,,,,,,"0009-0001-9131-5010","0009-0005-4169-543X",,,,,"759c559d-f0cb-41b7-b37e-82f4afa105e2"
"0649a6c9-f73f-4a5e-b282-e12073698b97","9cb04b2f-d122-4d85-9882-b4674249a3e5","UNDE_012.mammalGrid.mam","D05","UNDE","UNDE_012","D1","distributed","woodyWetlands",46.237255,-89.502396,"WGS84",45.2,522.2,0.3,"3 - trap door open or closed w/ spoor left","ShermanLF","2024-07-31","2024-07-31",,,,,,,,,,,,,,,,,,,,,,,,,,,,,"did not check","dry ice",,,,,,,,,,,,,,,"0009-0001-9131-5010","0009-0005-4169-543X",,,,,"d1bdbc2d-a2c4-4555-a493-676c3fdd92ce"
"80e76ec8-5b58-49e0-b460-1f2697e82c47","79029f78-6929-4c82-9f59-d650a4e3a0c3","UNDE_032.mammalGrid.mam","D05","UNDE","UNDE_032","A1","distributed","mixedForest",46.244036,-89.536945,"WGS84",45.2,510.5,0.2,"5 - capture","ShermanLF","2024-07-31","2024-07-31","NEON.MAM.D05.R9700",,"PEMA","Peromyscus maniculatus","species",,,,,"N","F","N","processed",,"adult",,"enlarged","not","neither",20,19,,,19,"N","N","N",,"did not check","dry ice","UNDE.20240731.R9700.B","D00000208436","mandibular",,"UNDE.20240731.R9700.F","D00000208374","ok","UNDE.20240731.R9700.E","D00000209038","UNDE.20240731.R9700.H","A00000410941","hairAndWhisker",,,"0009-0008-2811-4380","0009-0002-9960-9029",,,,,"138b6aca-07c4-4394-ba1b-e3862ee63ea2"
"c18b9eaa-26a6-4f72-9a9d-2acd5ce04c52","9cb04b2f-d122-4d85-9882-b4674249a3e5","UNDE_012.mammalGrid.mam","D05","UNDE","UNDE_012","E3","distributed","woodyWetlands",46.237255,-89.502396,"WGS84",45.2,522.2,0.3,"6 - trap set and empty","ShermanLF","2024-07-31","2024-07-31",,,,,,,,,,,,,,,,,,,,,,,,,,,,,,,,,,,,,,,,,,,,,"0009-0001-9131-5010","0009-0005-4169-543X",,,,,"42e33612-b2e4-456b-ae65-086195dc749e"
"bea6dc69-66f2-4af4-8e1c-f54aa4c93704","79029f78-6929-4c82-9f59-d650a4e3a0c3","UNDE_032.mammalGrid.mam","D05","UNDE","UNDE_032","F10","distributed","mixedForest",46.244036,-89.536945,"WGS84",45.2,510.5,0.2,"6 - trap set and empty","ShermanLF","2024-07-31","2024-07-31",,,,,,,,,,,,,,,,,,,,,,,,,,,,,,,,,,,,,,,,,,,,,"0009-0008-2811-4380","0009-0002-9960-9029",,,,,"21fdee93-f348-48e1-807e-b759e85de327"
"c0dac27b-f60a-4ecd-8f41-157a2f847cc6","9cb04b2f-d122-4d85-9882-b4674249a3e5","UNDE_012.mammalGrid.mam","D05","UNDE","UNDE_012","I4","distributed","woodyWetlands",46.237255,-89.502396,"WGS84",45.2,522.2,0.3,"6 - trap set and empty","ShermanLF","2024-07-31","2024-07-31",,,,,,,,,,,,,,,,,,,,,,,,,,,,,,,,,,,,,,,,,,,,,"0009-0001-9131-5010","0009-0005-4169-543X",,,,,"b102a497-696f-4810-ba2e-7de13ce608de"
"6f105127-c0c6-4e98-af66-a34fdeaaa7bc","9cb04b2f-d122-4d85-9882-b4674249a3e5","UNDE_012.mammalGrid.mam","D05","UNDE","UNDE_012","F1","distributed","woodyWetlands",46.237255,-89.502396,"WGS84",45.2,522.2,0.3,"6 - trap set and empty","ShermanLF","2024-07-31","2024-07-31",,,,,,,,,,,,,,,,,,,,,,,,,,,,,,,,,,,,,,,,,,,,,"0009-0001-9131-5010","0009-0005-4169-543X",,,,,"75f66886-474e-41cf-99f9-35f4da23870c"
"139096fe-c1f9-443a-9f50-a0676f68526f","79029f78-6929-4c82-9f59-d650a4e3a0c3","UNDE_032.mammalGrid.mam","D05","UNDE","UNDE_032","E9","distributed","mixedForest",46.244036,-89.536945,"WGS84",45.2,510.5,0.2,"5 - capture","ShermanLF","2024-07-31","2024-07-31","NEON.MAM.D05.R9704",,"PELE","Peromyscus leucopus","species",,,,,"N","F","N","processed",,"subadult",,"nonenlarged","not","neither",19,16,,,13,"N","N","N",,"did not check","dry ice",,,"unsuccessful",,"UNDE.20240731.R9704.F","D00000208567","ok","UNDE.20240731.R9704.E","D00000208667","UNDE.20240731.R9704.H","A00000414628","hairAndWhisker",,,"0009-0008-2811-4380","0009-0002-9960-9029",,,,,"aa4ff30d-1232-4c73-822c-48dcaf00ab51"
"73d85c5f-4087-48f0-a2c0-26608bdc4f61","9cb04b2f-d122-4d85-9882-b4674249a3e5","UNDE_012.mammalGrid.mam","D05","UNDE","UNDE_012","A4","distributed","woodyWetlands",46.237255,-89.502396,"WGS84",45.2,522.2,0.3,"3 - trap door open or closed w/ spoor left","ShermanLF","2024-07-31","2024-07-31",,,,,,,,,,,,,,,,,,,,,,,,,,,,,"did not check","dry ice",,,,,,,,,,,,,,,"0009-0001-9131-5010","0009-0005-4169-543X",,,,,"6eb9145c-44d5-43a2-8899-0aa7888ee5d3"
"ea8dca0c-a1db-4dea-8f85-31dd6d9bc090","79029f78-6929-4c82-9f59-d650a4e3a0c3","UNDE_032.mammalGrid.mam","D05","UNDE","UNDE_032","C10","distributed","mixedForest",46.244036,-89.536945,"WGS84",45.2,510.5,0.2,"6 - trap set and empty","ShermanLF","2024-07-31","2024-07-31",,,,,,,,,,,,,,,,,,,,,,,,,,,,,,,,,,,,,,,,,,,,,"0009-0008-2811-4380","0009-0002-9960-9029",,,,,"77153261-97b1-4afa-be98-9a2b7d36885e"
"e0532d90-416d-4165-97bb-d602c4788b4a","9cb04b2f-d122-4d85-9882-b4674249a3e5","UNDE_012.mammalGrid.mam","D05","UNDE","UNDE_012","D2","distributed","woodyWetlands",46.237255,-89.502396,"WGS84",45.2,522.2,0.3,"5 - capture","ShermanLF","2024-07-31","2024-07-31","NEON.MAM.D05.O012D220240731",,"SOCI","Sorex cinereus","species",,,,,"N","F","U","dead",,"adult",,"enlarged","unknown","unknown",,,,,,"U","U","U",,"did not check","dry ice",,,,,,,,,,,,,"UNDE.20240731.O012D220240731.V","D00000208055","0009-0001-9131-5010","0009-0005-4169-543X",,,,,"06524a0e-0b59-4bab-9897-4d89c280f4d4"
"d557c42c-8491-405e-8fa9-3723ec8b5fce","79029f78-6929-4c82-9f59-d650a4e3a0c3","UNDE_032.mammalGrid.mam","D05","UNDE","UNDE_032","J9","distributed","mixedForest",46.244036,-89.536945,"WGS84",45.2,510.5,0.2,"6 - trap set and empty","ShermanLF","2024-07-31","2024-07-31",,,,,,,,,,,,,,,,,,,,,,,,,,,,,,,,,,,,,,,,,,,,,"0009-0008-2811-4380","0009-0002-9960-9029",,,,,"829fabc7-4ad7-4802-b616-4a43276f4e4e"
"272ae086-7059-4a99-95d2-be1b19d00d17","79029f78-6929-4c82-9f59-d650a4e3a0c3","UNDE_032.mammalGrid.mam","D05","UNDE","UNDE_032","E7","distributed","mixedForest",46.244036,-89.536945,"WGS84",45.2,510.5,0.2,"6 - trap set and empty","ShermanLF","2024-07-31","2024-07-31",,,,,,,,,,,,,,,,,,,,,,,,,,,,,,,,,,,,,,,,,,,,,"0009-0008-2811-4380","0009-0002-9960-9029",,,,,"bbe09b73-59c6-45d8-b2c7-7d649f7dc0d8"
"8a75dbdb-70fa-4100-9e42-7b666ac407ad","9cb04b2f-d122-4d85-9882-b4674249a3e5","UNDE_012.mammalGrid.mam","D05","UNDE","UNDE_012","H8","distributed","woodyWetlands",46.237255,-89.502396,"WGS84",45.2,522.2,0.3,"6 - trap set and empty","ShermanLF","2024-07-31","2024-07-31",,,,,,,,,,,,,,,,,,,,,,,,,,,,,,,,,,,,,,,,,,,,,"0009-0001-9131-5010","0009-0005-4169-543X",,,,,"ca967e95-0250-4e70-8035-5b30f9a99afa"
"b9647252-c3b1-4338-9f72-69907fef9ce2","79029f78-6929-4c82-9f59-d650a4e3a0c3","UNDE_032.mammalGrid.mam","D05","UNDE","UNDE_032","G8","distributed","mixedForest",46.244036,-89.536945,"WGS84",45.2,510.5,0.2,"5 - capture","ShermanLF","2024-07-31","2024-07-31","NEON.MAM.D05.R9703",,"NAIN","Napaeozapus insignis","species",,,,,"N","M","N","processed",,"adult","nonscrotal",,,,30,,,,19,"N","N","N",,"fleas","dry ice","UNDE.20240731.R9703.B","D00000208419","mandibular",,,,,,,,,,,,"0009-0008-2811-4380","0009-0002-9960-9029",,,,,"f855186e-27a1-4083-9102-ce49b4593b8c"
"90b251ef-a387-491b-acad-cb822a639939","9cb04b2f-d122-4d85-9882-b4674249a3e5","UNDE_012.mammalGrid.mam","D05","UNDE","UNDE_012","D7","distributed","woodyWetlands",46.237255,-89.502396,"WGS84",45.2,522.2,0.3,"6 - trap set and empty","ShermanLF","2024-07-31","2024-07-31",,,,,,,,,,,,,,,,,,,,,,,,,,,,,,,,,,,,,,,,,,,,,"0009-0001-9131-5010","0009-0005-4169-543X",,,,,"a03fddb3-b175-429d-a619-638efbd92c6e"
"2ac610f7-555d-4d93-95bf-365aa888750d","79029f78-6929-4c82-9f59-d650a4e3a0c3","UNDE_032.mammalGrid.mam","D05","UNDE","UNDE_032","H5","distributed","mixedForest",46.244036,-89.536945,"WGS84",45.2,510.5,0.2,"6 - trap set and empty","ShermanLF","2024-07-31","2024-07-31",,,,,,,,,,,,,,,,,,,,,,,,,,,,,,,,,,,,,,,,,,,,,"0009-0008-2811-4380","0009-0002-9960-9029",,,,,"dc197cc9-a826-4e35-82ef-7f5d432095f2"
"cfb17398-eb33-46f8-8dc8-55f9a20c8c81","79029f78-6929-4c82-9f59-d650a4e3a0c3","UNDE_032.mammalGrid.mam","D05","UNDE","UNDE_032","J1","distributed","mixedForest",46.244036,-89.536945,"WGS84",45.2,510.5,0.2,"6 - trap set and empty","ShermanLF","2024-07-31","2024-07-31",,,,,,,,,,,,,,,,,,,,,,,,,,,,,,,,,,,,,,,,,,,,,"0009-0008-2811-4380","0009-0002-9960-9029",,,,,"4ebe6af9-a9dc-4528-8043-5cfa9c5c8ceb"
"e0de3c22-962a-4c8f-9606-3a693f7ee9af","79029f78-6929-4c82-9f59-d650a4e3a0c3","UNDE_032.mammalGrid.mam","D05","UNDE","UNDE_032","A5","distributed","mixedForest",46.244036,-89.536945,"WGS84",45.2,510.5,0.2,"3 - trap door open or closed w/ spoor left","ShermanLF","2024-07-31","2024-07-31",,,,,,,,,,,,,,,,,,,,,,,,,,,,,"did not check","dry ice",,,,,,,,,,,,,,,"0009-0008-2811-4380","0009-0002-9960-9029",,,,,"604f3543-b5fd-4697-8cd6-b7e2b6662742"
"c8266413-d19c-4d4f-8586-9c70c9179169","9cb04b2f-d122-4d85-9882-b4674249a3e5","UNDE_012.mammalGrid.mam","D05","UNDE","UNDE_012","G5","distributed","woodyWetlands",46.237255,-89.502396,"WGS84",45.2,522.2,0.3,"2 - trap disturbed/door closed but empty","ShermanLF","2024-07-31","2024-07-31",,,,,,,,,,,,,,,,,,,,,,,,,,,,,"did not check","dry ice",,,,,,,,,,,,,,,"0009-0001-9131-5010","0009-0005-4169-543X",,,,,"7b41221e-e64b-481c-9f27-a85556a8cafa"
"10274b67-f143-4456-a457-f3446261aa93","79029f78-6929-4c82-9f59-d650a4e3a0c3","UNDE_032.mammalGrid.mam","D05","UNDE","UNDE_032","J3","distributed","mixedForest",46.244036,-89.536945,"WGS84",45.2,510.5,0.2,"6 - trap set and empty","ShermanLF","2024-07-31","2024-07-31",,,,,,,,,,,,,,,,,,,,,,,,,,,,,,,,,,,,,,,,,,,,,"0009-0008-2811-4380","0009-0002-9960-9029",,,,,"04e55874-6685-41a8-ba3c-9f801daae5c3"
"c5c27097-884f-4d24-85a7-69eaf7a1c1dd","79029f78-6929-4c82-9f59-d650a4e3a0c3","UNDE_032.mammalGrid.mam","D05","UNDE","UNDE_032","A2","distributed","mixedForest",46.244036,-89.536945,"WGS84",45.2,510.5,0.2,"6 - trap set and empty","ShermanLF","2024-07-31","2024-07-31",,,,,,,,,,,,,,,,,,,,,,,,,,,,,,,,,,,,,,,,,,,,,"0009-0008-2811-4380","0009-0002-9960-9029",,,,,"9edd83d0-7c30-4519-9f8a-0d5aa9abdafe"
"2e1c63dc-f1f1-4d1f-8be4-89efaa46bd4c","79029f78-6929-4c82-9f59-d650a4e3a0c3","UNDE_032.mammalGrid.mam","D05","UNDE","UNDE_032","C8","distributed","mixedForest",46.244036,-89.536945,"WGS84",45.2,510.5,0.2,"6 - trap set and empty","ShermanLF","2024-07-31","2024-07-31",,,,,,,,,,,,,,,,,,,,,,,,,,,,,,,,,,,,,,,,,,,,,"0009-0008-2811-4380","0009-0002-9960-9029",,,,,"612df641-3172-4494-8a65-a7bd51755e2f"
"d6e8df5d-822f-40aa-940e-ffd5216ec396","79029f78-6929-4c82-9f59-d650a4e3a0c3","UNDE_032.mammalGrid.mam","D05","UNDE","UNDE_032","B6","distributed","mixedForest",46.244036,-89.536945,"WGS84",45.2,510.5,0.2,"6 - trap set and empty","ShermanLF","2024-07-31","2024-07-31",,,,,,,,,,,,,,,,,,,,,,,,,,,,,,,,,,,,,,,,,,,,,"0009-0008-2811-4380","0009-0002-9960-9029",,,,,"91ff0eb6-0e75-44ff-bca6-8308d9114bb0"
"f8b3cd30-46d6-42b4-8d14-57d0876e170e","79029f78-6929-4c82-9f59-d650a4e3a0c3","UNDE_032.mammalGrid.mam","D05","UNDE","UNDE_032","I2","distributed","mixedForest",46.244036,-89.536945,"WGS84",45.2,510.5,0.2,"6 - trap set and empty","ShermanLF","2024-07-31","2024-07-31",,,,,,,,,,,,,,,,,,,,,,,,,,,,,,,,,,,,,,,,,,,,,"0009-0008-2811-4380","0009-0002-9960-9029",,,,,"938bde7f-18ac-4c89-acc2-2a19eb3b7cfa"
"42448a3f-2ac7-41c5-859d-53bdfe14115c","79029f78-6929-4c82-9f59-d650a4e3a0c3","UNDE_032.mammalGrid.mam","D05","UNDE","UNDE_032","D1","distributed","mixedForest",46.244036,-89.536945,"WGS84",45.2,510.5,0.2,"5 - capture","ShermanLF","2024-07-31","2024-07-31","NEON.MAM.D05.R9707",,"PEMA","Peromyscus maniculatus","species",,,,,"N","F","N","escaped",,"adult",,"enlarged","pregnant","not plugged",20,18,,,20,"N","N","N",,"did not check","dry ice","UNDE.20240731.R9707.B","D00000208830","mandibular - QNS",,,,,"UNDE.20240731.R9707.E","D00000208891","UNDE.20240731.R9707.H","A00000414636","hairAndWhisker",,,"0009-0008-2811-4380","0009-0002-9960-9029",,,,,"057a6118-d271-479e-9f4b-4d9fcebb04f6"
"83ca0729-c1d5-4a15-9489-83d2f3b09646","79029f78-6929-4c82-9f59-d650a4e3a0c3","UNDE_032.mammalGrid.mam","D05","UNDE","UNDE_032","A6","distributed","mixedForest",46.244036,-89.536945,"WGS84",45.2,510.5,0.2,"3 - trap door open or closed w/ spoor left","ShermanLF","2024-07-31","2024-07-31",,,,,,,,,,,,,,,,,,,,,,,,,,,,,"did not check","dry ice",,,,,,,,,,,,,,,"0009-0008-2811-4380","0009-0002-9960-9029",,,,,"f1bee282-3275-4257-867e-84eff9feb3e0"
"4a10f31f-67a3-4251-a4b2-0be9dd8afff9","9cb04b2f-d122-4d85-9882-b4674249a3e5","UNDE_012.mammalGrid.mam","D05","UNDE","UNDE_012","E10","distributed","woodyWetlands",46.237255,-89.502396,"WGS84",45.2,522.2,0.3,"1 - trap not set","ShermanLF","2024-07-31","2024-07-31",,,,,,,,,,,,,,,,,,,,,,,,,,,,,"did not check","dry ice",,,,,,,,,,,,,,,"0009-0001-9131-5010","0009-0005-4169-543X",,,,,"7e23769b-1ae3-4d19-89be-963b0464b78c"
"9cceddd8-efcb-427a-a181-2e0359784cc5","79029f78-6929-4c82-9f59-d650a4e3a0c3","UNDE_032.mammalGrid.mam","D05","UNDE","UNDE_032","B10","distributed","mixedForest",46.244036,-89.536945,"WGS84",45.2,510.5,0.2,"3 - trap door open or closed w/ spoor left","ShermanLF","2024-07-31","2024-07-31",,,,,,,,,,,,,,,,,,,,,,,,,,,,,"did not check","dry ice",,,,,,,,,,,,,,,"0009-0008-2811-4380","0009-0002-9960-9029",,,,,"a28b7ca6-d239-45f6-ac04-5f9103adb629"
"8c15bdc6-480d-476d-9744-8213c3dcb849","79029f78-6929-4c82-9f59-d650a4e3a0c3","UNDE_032.mammalGrid.mam","D05","UNDE","UNDE_032","F7","distributed","mixedForest",46.244036,-89.536945,"WGS84",45.2,510.5,0.2,"6 - trap set and empty","ShermanLF","2024-07-31","2024-07-31",,,,,,,,,,,,,,,,,,,,,,,,,,,,,,,,,,,,,,,,,,,,,"0009-0008-2811-4380","0009-0002-9960-9029",,,,,"1ae7ea5c-4aec-4b9d-adf5-473896b56383"
"253be89e-37fc-4711-b441-6d7f1025deda","9cb04b2f-d122-4d85-9882-b4674249a3e5","UNDE_012.mammalGrid.mam","D05","UNDE","UNDE_012","H9","distributed","woodyWetlands",46.237255,-89.502396,"WGS84",45.2,522.2,0.3,"6 - trap set and empty","ShermanLF","2024-07-31","2024-07-31",,,,,,,,,,,,,,,,,,,,,,,,,,,,,,,,,,,,,,,,,,,,,"0009-0001-9131-5010","0009-0005-4169-543X",,,,,"5cd769b5-d085-413b-9d6d-57060e3dfd28"
"5171c51f-dc34-4347-9174-5e9d2391d51a","9cb04b2f-d122-4d85-9882-b4674249a3e5","UNDE_012.mammalGrid.mam","D05","UNDE","UNDE_012","G4","distributed","woodyWetlands",46.237255,-89.502396,"WGS84",45.2,522.2,0.3,"6 - trap set and empty","ShermanLF","2024-07-31","2024-07-31",,,,,,,,,,,,,,,,,,,,,,,,,,,,,,,,,,,,,,,,,,,,,"0009-0001-9131-5010","0009-0005-4169-543X",,,,,"6666e540-6f22-4040-a621-79b26024841b"
"3990b28d-e734-4fe5-8912-15026d387f3e","9cb04b2f-d122-4d85-9882-b4674249a3e5","UNDE_012.mammalGrid.mam","D05","UNDE","UNDE_012","G2","distributed","woodyWetlands",46.237255,-89.502396,"WGS84",45.2,522.2,0.3,"3 - trap door open or closed w/ spoor left","ShermanLF","2024-07-31","2024-07-31",,,,,,,,,,,,,,,,,,,,,,,,,,,,,"did not check","dry ice",,,,,,,,,,,,,,,"0009-0001-9131-5010","0009-0005-4169-543X",,,,,"ddad22e2-e989-405c-918b-27fcedf4306f"
"0636e54c-c092-453c-a1b0-1773ccd809fa","9cb04b2f-d122-4d85-9882-b4674249a3e5","UNDE_012.mammalGrid.mam","D05","UNDE","UNDE_012","C10","distributed","woodyWetlands",46.237255,-89.502396,"WGS84",45.2,522.2,0.3,"1 - trap not set","ShermanLF","2024-07-31","2024-07-31",,,,,,,,,,,,,,,,,,,,,,,,,,,,,"did not check","dry ice",,,,,,,,,,,,,,,"0009-0001-9131-5010","0009-0005-4169-543X",,,,,"b6174952-7755-4d7f-9e06-39db4eeb1c75"
"e707b256-73d0-434e-b965-f6c5d63ee0ed","9cb04b2f-d122-4d85-9882-b4674249a3e5","UNDE_012.mammalGrid.mam","D05","UNDE","UNDE_012","J5","distributed","woodyWetlands",46.237255,-89.502396,"WGS84",45.2,522.2,0.3,"6 - trap set and empty","ShermanLF","2024-07-31","2024-07-31",,,,,,,,,,,,,,,,,,,,,,,,,,,,,,,,,,,,,,,,,,,,,"0009-0001-9131-5010","0009-0005-4169-543X",,,,,"d53a25c4-994f-45d2-9b85-889545c0b150"
"d087ee54-3e29-487c-9bf0-7840d746fd25","9cb04b2f-d122-4d85-9882-b4674249a3e5","UNDE_012.mammalGrid.mam","D05","UNDE","UNDE_012","G6","distributed","woodyWetlands",46.237255,-89.502396,"WGS84",45.2,522.2,0.3,"5 - capture","ShermanLF","2024-07-31","2024-07-31","NEON.MAM.D05.R9341",,"PEMA","Peromyscus maniculatus","species",,,,,"N","F","Y","processed",,"adult",,"nonenlarged","not","neither",21,19,,,20,"N","N","N",,"did not check","dry ice","UNDE.20240731.R9341.B","D00000208795","mandibular",,,,,,,"UNDE.20240731.R9341.H","A00000414492","hairAndWhisker",,,"0009-0001-9131-5010","0009-0005-4169-543X",,,,,"18f37a04-49dd-4fc7-9bb4-bf88f05040d0"
