Grid,Day.1,Day.2,Day.3,Year,Week,MNA,Sample.Size,Full.(birth.and.death),Heterogeneous.survival,Date,spec
Henry Control,33456,33457,33458,1991,4,NA,42,44.05,43.73,8/6/91,PL
Henry Control,33478,33479,33480,1991,7,NA,40,53.3,52.1,8/28/91,PL
Henry Control,33499,33500,33501,1991,10,NA,30,61.5,63.66,9/18/91,PL
Tea Control,33463,33464,33465,1991,5,NA,38,45.02,44.75,8/13/91,PL
Tea Control,33485,33486,33487,1991,8,NA,52,51.34,51.34,9/4/91,PL
Tea Control,33506,33507,33508,1991,11,NA,42,64.04,64.21,9/25/91,PL
Henry Control,33827,33828,33829,1992,57,NA,91,108.63,107.34,8/11/92,PL
Henry Control,33848,33849,33850,1992,60,NA,74,84.38,84.11,9/1/92,PL
Henry Control,33876,33877,33878,1992,64,NA,48,82.9,79.21,9/29/92,PL
Tea Control,33820,33822,NA,1992,56,NA,116,134.69,131.48,8/4/92,PL
Tea Control,33841,33842,33843,1992,59,NA,100,119.54,118.3,8/25/92,PL
Tea Control,33869,33870,33871,1992,63,NA,95,124.01,122.78,9/22/92,PL
Henry Control,34191,34192,NA,1993,109,NA,39,49.1,51.2,8/10/93,PL
Tea Control,34184,34185,NA,1993,108,NA,37,51.7,69.7,8/3/93,PL
Henry Control,34569,34570,34571,1994,163,NA,9,8.6,8.6,8/23/94,PL
Henry Control,34597,34598,34599,1994,167,NA,8,9.5,9,9/20/94,PL
Tea Control,34548,34549,34550,1994,160,NA,10,7.3,7.3,8/2/94,PL
Tea Control,34576,34577,34578,1994,164,NA,13,12.6,12.6,8/30/94,PL
Tea Control,34604,34605,34606,1994,168,NA,15,34.7,37.3,9/27/94,PL
Green Control,34919,34920,NA,1995,213,90,81,101.5,101.5,8/8/95,PL
Green Control,34954,34955,NA,1995,218,77,59,116.5,109,9/12/95,PL
Green Experimental,34928,34929,NA,1995,214,34,NA,NA,NA,8/17/95,PL
Green Experimental,34956,34957,NA,1995,218,44,NA,NA,NA,9/14/95,PL
Henry Control,34912,34913,NA,1995,212,86,79,99,97.3,8/1/95,PL
Henry Control,34940,34941,NA,1995,216,84,76,104.6,103.5,8/29/95,PL
Henry Control,34939,34940,NA,1995,220,45,30,74.1,72,8/28/95,PL
Henry Experimental,34921,34922,NA,1995,213,38,NA,NA,NA,8/10/95,PL
Henry Experimental,34942,34943,NA,1995,216,66,NA,NA,NA,8/31/95,PL
Henry Experimental,34968,34969,NA,1995,220,63,NA,NA,NA,9/26/95,PL
Tea Control,34914,34915,NA,1995,212,157,143,193.7,187.2,8/3/95,PL
Tea Control,34947,34948,NA,1995,217,124,105,171.9,168.3,9/5/95,PL
Tea Experimental,34926,34927,NA,1995,214,38,NA,NA,NA,8/15/95,PL
Tea Experimental,34949,34950,NA,1995,217,63,NA,NA,NA,9/7/95,PL
Green Control,35283,35284,NA,1996,265,10,10,10,10,8/6/96,PL
Green Control,35313,35314,NA,1996,269,14,13,18.2,16.3,9/5/96,PL
Green Control,35341,35342,NA,1996,273,23,20,25.6,23.8,10/3/96,PL
Green Experimental,35283,35284,NA,1996,265,11,11,10,10,8/6/96,PL
Green Experimental,35311,35312,NA,1996,269,16,16,14.2,14.2,9/3/96,PL
Green Experimental,35339,35340,NA,1996,273,15,14,12.5,12.5,10/1/96,PL
Henry Control,35290,NA,NA,1996,266,5,4,0,0,8/13/96,PL
Henry Control,35304,35305,NA,1996,268,7,7,6,6,8/27/96,PL
Henry Control,35332,35333,NA,1996,272,11,10,7.3,7.3,9/24/96,PL
Henry Experimental,35285,35286,NA,1996,265,19,19,15,15,8/8/96,PL
Henry Experimental,35306,35307,NA,1996,268,17,16,18.5,17.4,8/29/96,PL
Henry Experimental,35334,35335,NA,1996,272,20,17,23.9,20.9,9/26/96,PL
Tea Control,35292,35293,NA,1996,266,12,12,14.6,14.7,8/15/96,PL
Tea Control,35318,35319,NA,1996,270,15,14,15.9,15.6,9/10/96,PL
Tea Experimental,35292,35293,NA,1996,266,10,10,8.8,8.8,8/15/96,PL
Tea Experimental,35320,35321,NA,1996,270,10,9,12.5,12.3,9/12/96,PL
Green Control,35662,35663,NA,1997,319,52,52,51.6,51.6,8/20/97,PL
Green Control,35691,35692,NA,1997,323,42,33,45.3,44.9,9/18/97,PL
Henry Control,35648,35649,NA,1997,317,20,21,20.2,20.2,8/6/97,PL
Henry Control,35677,35678,NA,1997,321,24,25,33.4,34.1,9/4/97,PL
Henry Control,35705,35706,NA,1997,325,30,29,42.9,40.7,10/2/97,PL
Tea Control,35655,35656,NA,1997,318,43,40,51.1,50.2,8/13/97,PL
Tea Control,35684,35685,NA,1997,322,34,30,41.3,39.7,9/11/97,PL
Green Control,36011,36012,NA,1998,369,74,72,75.5,75,8/4/98,PL
Green Control,36039,36040,NA,1998,373,74,67,78.7,78.3,9/1/98,PL
Green Control,36061,36063,NA,1998,376,71,61,72.4,72.2,9/23/98,PL
Green Experimental,36011,36012,NA,1998,369,76,74,77.4,77.3,8/4/98,PL
Green Experimental,36041,36042,NA,1998,373,70,66,73.5,72.6,9/3/98,PL
Green Experimental,36062,36063,NA,1998,376,79,67,90.5,88.4,9/24/98,PL
Henry Control,36003,36004,NA,1998,368,35,34,36,35.3,7/27/98,PL
Henry Control,36025,36026,NA,1998,371,34,31,36.8,36.3,8/18/98,PL
Henry Control,36047,36048,NA,1998,374,37,34,39.2,39,9/9/98,PL
Henry Experimental,36005,36006,NA,1998,368,34,33,160.3,68,7/29/98,PL
Henry Experimental,36025,36026,NA,1998,371,53,53,56.9,55.8,8/18/98,PL
Henry Experimental,36047,36048,NA,1998,374,51,50,55.2,54.4,9/9/98,PL
Tea Control,36005,36006,NA,1998,368,84,83,84.3,84.3,7/29/98,PL
Tea Control,36032,36033,NA,1998,372,75,67,77.3,77.3,8/25/98,PL
Tea Control,36053,36054,NA,1998,375,67,58,73,72.6,9/15/98,PL
Tea Experimental,36003,36004,NA,1998,368,68,67,68.5,68.3,7/27/98,PL
Tea Experimental,36034,36035,NA,1998,372,70,66,69.1,69,8/27/98,PL
Tea Experimental,36055,36056,NA,1998,375,82,76,77.7,77.7,9/17/98,PL
Green Control,36384,36385,NA,1999,422,125,121,129.1,128.3,8/12/99,PL
Green Control,36417,36418,NA,1999,427,86,78,97.2,95.8,9/14/99,PL
Green Experimental,36382,36383,NA,1999,422,83,83,84.9,84.9,8/10/99,PL
Green Experimental,36419,36420,NA,1999,427,90,89,95.9,93.5,9/16/99,PL
Henry Control,36377,36378,NA,1999,421,69,64,74,73.5,8/5/99,PL
Henry Control,36396,36397,NA,1999,424,61,56,65.8,64.2,8/24/99,PL
Henry Control,36433,36434,NA,1999,429,59,53,68.4,65.9,9/30/99,PL
Henry Experimental,36375,36376,NA,1999,421,84,77,86.5,86.3,8/3/99,PL
Henry Experimental,36398,36399,NA,1999,424,77,70,81.5,80.8,8/26/99,PL
Henry Experimental,36431,36432,NA,1999,429,79,73,89.8,87.9,9/28/99,PL
Tea Control,36389,36390,NA,1999,423,79,77,80.4,80.1,8/17/99,PL
Tea Control,36424,36425,NA,1999,428,66,62,69.1,68.4,9/21/99,PL
Tea Experimental,36390,36391,NA,1999,423,78,76,77.5,77.5,8/18/99,PL
Tea Experimental,36426,36427,NA,1999,428,87,82,89,88.6,9/23/99,PL
Green Control,36755,36756,NA,2000,475,22,22,26,24.4,8/17/00,PL
Green Control,36790,36791,NA,2000,480,21,20,26.9,24.4,9/21/00,PL
Green Experimental,36753,36754,NA,2000,475,17,17,16.2,16.2,8/15/00,PL
Green Experimental,36788,36789,NA,2000,480,29,29,27,27,9/19/00,PL
Henry Control,36741,36742,NA,2000,473,9,9,7.5,7.5,8/3/00,PL
Henry Control,36760,36761,NA,2000,476,5,5,4.8,4.8,8/22/00,PL
Henry Control,36797,36798,NA,2000,481,22,22,15.3,15.3,9/28/00,PL
Henry Experimental,36739,36740,NA,2000,473,13,9,21,16.7,8/1/00,PL
Henry Experimental,36760,36761,NA,2000,476,22,18,38.4,30.5,8/22/00,PL
Henry Experimental,36795,36796,NA,2000,481,30,27,29.5,29.6,9/26/00,PL
Tea Control,36746,36747,NA,2000,474,7,7,6.9,6.9,8/8/00,PL
Tea Control,36783,36784,NA,2000,479,20,19,21.7,21,9/14/00,PL
Tea Experimental,36747,36748,NA,2000,474,6,5,6.8,6.5,8/9/00,PL
Tea Experimental,36781,36782,NA,2000,479,15,14,18.8,16.3,9/12/00,PL
Green Control,37105,37106,NA,2001,525,46,44,49.3,48.4,8/2/01,PL
Green Control,37126,37127,NA,2001,528,54,52,54.1,54,8/23/01,PL
Green Control,37145,37146,NA,2001,531,49,47,49,48.7,9/11/01,PL
Green Experimental,37103,37104,NA,2001,525,38,36,40,38.9,7/31/01,PL
Green Experimental,37124,37125,NA,2001,528,42,41,42.3,42.3,8/21/01,PL
Green Experimental,37147,37148,NA,2001,531,60,58,63,62,9/13/01,PL
Henry Control,37112,37113,NA,2001,526,51,50,51.4,51.3,8/9/01,PL
Henry Control,37131,37132,NA,2001,529,55,52,58.3,57.9,8/28/01,PL
Henry Control,37154,37155,NA,2001,532,70,66,72,71.1,9/20/01,PL
Henry Experimental,37111,37112,NA,2001,526,63,58,65.6,65.2,8/8/01,PL
Henry Experimental,37133,37134,NA,2001,529,56,50,60.6,59.6,8/30/01,PL
Henry Experimental,37152,37153,NA,2001,532,63,63,65.4,65.3,9/18/01,PL
Tea Control,37117,37118,NA,2001,527,52,52,51.8,51.8,8/14/01,PL
Tea Control,37139,37140,NA,2001,530,49,48,52,52,9/5/01,PL
Tea Control,37166,37167,NA,2001,534,46,43,62.7,55.5,10/2/01,PL
Tea Experimental,37119,37120,NA,2001,527,60,57,62.2,62,8/16/01,PL
Tea Experimental,37140,37141,NA,2001,530,69,65,76.4,75.2,9/6/01,PL
Tea Experimental,37168,37169,NA,2001,534,94,87,99.6,98,10/4/01,PL
Green Control,37476,37477,NA,2002,578,110,108,109.5,109.3,8/8/02,PL
Green Control,37497,37498,NA,2002,581,86,84,85.3,85.3,8/29/02,PL
Green Control,37518,37519,NA,2002,584,78,65,85.4,84.1,9/19/02,PL
Green Experimental,37474,37475,NA,2002,578,98,97,98.3,98.2,8/6/02,PL
Green Experimental,37495,37496,NA,2002,581,86,83,87.5,87.3,8/27/02,PL
Green Experimental,37516,37517,NA,2002,584,66,56,67.2,66.9,9/17/02,PL
Henry Control,37483,37484,NA,2002,579,60,55,61.8,61.4,8/15/02,PL
Henry Control,37504,37505,NA,2002,582,58,55,59.7,59.4,9/5/02,PL
Henry Control,37525,37526,NA,2002,585,78,75,85.8,84.6,9/26/02,PL
Henry Experimental,37481,37482,NA,2002,579,63,61,64.2,64,8/13/02,PL
Henry Experimental,37502,37503,NA,2002,582,59,57,60.1,60,9/3/02,PL
Henry Experimental,37523,37524,NA,2002,585,57,53,63,62.3,9/24/02,PL
Tea Control,37467,37468,NA,2002,577,86,85,86.2,86.2,7/30/02,PL
Tea Control,37488,37489,NA,2002,580,83,78,87.3,86.3,8/20/02,PL
Tea Control,37511,37512,NA,2002,583,76,71,76.3,76.3,9/12/02,PL
Tea Control,37532,37533,NA,2002,586,82,75,86.9,85.8,10/3/02,PL
Tea Experimental,37469,37470,NA,2002,577,88,79,89.6,88.6,8/1/02,PL
Tea Experimental,37490,37491,NA,2002,580,88,83,89.7,89.4,8/22/02,PL
Tea Experimental,37509,37510,NA,2002,583,82,74,84.3,84,9/10/02,PL
Tea Experimental,37530,37531,NA,2002,586,98,87,110.1,108.6,10/1/02,PL
Green Control,37838,37839,NA,2003,630,88,83,95,93.2,8/5/03,PL
Green Control,37861,37862,NA,2003,633,77,71,84.5,83,8/28/03,PL
Green Control,37880,37881,NA,2003,636,66,52,75.5,73.2,9/16/03,PL
Green Experimental,37840,37841,NA,2003,630,54,52,53.5,53.4,8/7/03,PL
Green Experimental,37859,37860,NA,2003,633,54,54,53.6,53.6,8/26/03,PL
Green Experimental,37880,37881,NA,2003,636,48,44,50.7,49.6,9/16/03,PL
Henry Control,37833,37834,NA,2003,629,62,58,62.3,62,7/31/03,PL
Henry Control,37854,37855,NA,2003,632,61,56,63.9,63.5,8/21/03,PL
Henry Control,37875,37876,NA,2003,635,50,49,50.3,50.3,9/11/03,PL
Henry Control,37896,37897,NA,2003,638,61,55,69.2,69.1,10/2/03,PL
Henry Experimental,37831,37832,NA,2003,629,68,62,78,75.3,7/29/03,PL
Henry Experimental,37852,37853,NA,2003,632,74,68,76.8,76.2,8/19/03,PL
Henry Experimental,37873,37874,NA,2003,635,76,74,75.5,75.3,9/9/03,PL
Henry Experimental,37894,37895,NA,2003,638,88,75,87.8,88.3,9/30/03,PL
Tea Control,37847,37848,NA,2003,631,81,75,82.2,81.4,8/14/03,PL
Tea Control,37866,37868,NA,2003,634,79,74,80.8,80.5,9/2/03,PL
Tea Control,37887,37888,NA,2003,637,71,55,73.6,73.4,9/23/03,PL
Tea Experimental,37845,37846,NA,2003,631,70,63,75.5,74.4,8/12/03,PL
Tea Experimental,37868,37869,NA,2003,634,76,74,75.6,75.3,9/4/03,PL
Tea Experimental,37889,37890,NA,2003,637,75,61,86.1,83.8,9/25/03,PL
Green Control,38202,38203,NA,2004,682,145,132,154.9,152.8,8/3/04,PL
Green Control,38223,38224,NA,2004,685,135,128,141.1,140.7,8/24/04,PL
Green Control,38244,38245,NA,2004,688,95,79,109,107.4,9/14/04,PL
Green Experimental,38204,38205,NA,2004,682,67,65,68,68,8/5/04,PL
Green Experimental,38225,38226,NA,2004,685,71,69,72.1,72.1,8/26/04,PL
Green Experimental,38246,38247,NA,2004,688,71,68,82.1,79.8,9/16/04,PL
Henry Control,38216,38217,NA,2004,684,65,62,67.2,66.9,8/17/04,PL
Henry Control,38239,38240,NA,2004,687,71,66,78.4,75.8,9/9/04,PL
Henry Control,38258,38259,NA,2004,690,64,58,72.1,70.5,9/28/04,PL
Henry Experimental,38218,38219,NA,2004,684,81,76,80.5,80.6,8/19/04,PL
Henry Experimental,38238,38239,NA,2004,687,79,75,80.2,79.4,9/8/04,PL
Henry Experimental,38260,38261,NA,2004,690,61,57,59.3,58.8,9/30/04,PL
Tea Control,38211,38212,NA,2004,683,45,40,49.7,50.5,8/12/04,PL
Tea Control,38230,38231,NA,2004,686,38,37,39.1,38.6,8/31/04,PL
Tea Control,38253,38254,NA,2004,689,42,42,41.1,41.1,9/23/04,PL
Tea Experimental,38209,38210,NA,2004,683,77,72,79.5,78.7,8/10/04,PL
Tea Experimental,38232,38233,NA,2004,686,77,74,78.2,78,9/2/04,PL
Tea Experimental,38251,38252,NA,2004,689,61,60,61.7,61.6,9/21/04,PL
Green Control,38582,38583,NA,2005,736,7,7,6,6,8/18/05,PL
Green Control,38602,38603,NA,2005,739,11,11,9.6,9.6,9/7/05,PL
Green Control,38624,38625,NA,2005,742,25,23,65.3,43.2,9/29/05,PL
Green Experimental,38580,38581,NA,2005,736,13,14,13.1,13.1,8/16/05,PL
Green Experimental,38603,38604,NA,2005,739,12,12,11.1,11.1,9/8/05,PL
Green Experimental,38622,38623,NA,2005,742,15,14,35.6,18.8,9/27/05,PL
Henry Control,38575,38576,NA,2005,735,4,3,4,4,8/11/05,PL
Henry Control,38596,38597,NA,2005,738,6,6,5.6,5.6,9/1/05,PL
Henry Control,38615,38616,NA,2005,741,15,15,12.8,12.8,9/20/05,PL
Henry Experimental,38573,38574,NA,2005,735,8,8,7.9,7.9,8/9/05,PL
Henry Experimental,38594,38595,NA,2005,738,11,11,10.3,10.3,8/30/05,PL
Henry Experimental,38617,38618,NA,2005,741,17,17,16,16,9/22/05,PL
Tea Control,38566,38567,NA,2005,734,1,1,1,1,8/2/05,PL
Tea Control,38589,38590,NA,2005,737,2,2,1.5,1.5,8/25/05,PL
Tea Control,38610,38611,NA,2005,740,9,9,5,5,9/15/05,PL
Tea Experimental,38568,38569,NA,2005,734,3,3,3,3,8/4/05,PL
Tea Experimental,38587,38588,NA,2005,737,5,5,3,3,8/23/05,PL
Tea Experimental,38608,38609,NA,2005,740,11,11,9.6,9.6,9/13/05,PL
Green Control,38944,38945,NA,2006,788,135,131,137.64,137.16,8/15/06,PL
Green Control,38965,38966,NA,2006,791,106,96,112.84,111.86,9/5/06,PL
Green Control,38986,38987,NA,2006,794,90,80,94.92,94.59,9/26/06,PL
Green Experimental,38946,38947,NA,2006,788,79,74,85.65,84.98,8/17/06,PL
Green Experimental,38967,38968,NA,2006,791,69,61,76,75.31,9/7/06,PL
Green Experimental,38988,38989,NA,2006,794,77,70,84.6,84.17,9/28/06,PL
Henry Control,38932,38933,NA,2006,786,66,61,69.26,68.89,8/3/06,PL
Henry Control,38951,38952,NA,2006,789,56,54,56.63,56.51,8/22/06,PL
Henry Control,38972,38973,NA,2006,792,62,61,62.53,62.41,9/12/06,PL
Henry Experimental,38930,38931,NA,2006,786,67,66,67.49,67.43,8/1/06,PL
Henry Experimental,38953,38954,NA,2006,789,67,66,67.68,67.52,8/24/06,PL
Henry Experimental,38974,38975,NA,2006,792,64,63,64.75,64.64,9/14/06,PL
Tea Control,38937,38938,NA,2006,787,51,51,50.73,50.73,8/8/06,PL
Tea Control,38960,38961,NA,2006,790,48,46,50.29,49.45,8/31/06,PL
Tea Control,38981,38982,NA,2006,793,53,51,55.02,54.93,9/21/06,PL
Tea Experimental,38939,38940,NA,2006,787,53,52,53.49,53.53,8/10/06,PL
Tea Experimental,38958,38959,NA,2006,790,60,59,60.71,60.46,8/29/06,PL
Tea Experimental,38979,38980,NA,2006,793,68,64,74.14,73.29,9/19/06,PL
Green Control,39296,39297,NA,2007,838,238,220,257.14,254.37,8/2/07,PL
Green Control,39322,39323,NA,2007,842,186,174,195.74,195.14,8/28/07,PL
Green Control,39343,39344,NA,2007,845,143,127,148.07,147.4,9/18/07,PL
Green Experimental,39294,39295,NA,2007,838,144,134,150.94,150.14,7/31/07,PL
Green Experimental,39324,39325,NA,2007,842,122,117,124.88,124.31,8/30/07,PL
Green Experimental,39345,39346,NA,2007,845,108,96,111.27,110.89,9/20/07,PL
Henry Control,39315,39316,NA,2007,841,147,137,153.1,151.97,8/21/07,PL
Henry Control,39338,39339,NA,2007,844,104,89,106.45,106.42,9/13/07,PL
Henry Control,39357,39358,NA,2007,847,94,86,101.7,100.71,10/2/07,PL
Henry Experimental,39317,39318,NA,2007,841,128,121,130.86,130.33,8/23/07,PL
Henry Experimental,39336,39337,NA,2007,844,113,101,117.56,117.5,9/11/07,PL
Tea Control,39303,39304,NA,2007,839,199,189,205.56,204.16,8/9/07,PL
Tea Control,39329,39330,NA,2007,843,150,137,157.95,157.1,9/4/07,PL
Tea Control,39352,39353,NA,2007,846,110,91,116.78,116.61,9/27/07,PL
Tea Experimental,39301,39302,NA,2007,839,185,171,192.94,192.35,8/7/07,PL
Tea Experimental,39331,39332,NA,2007,843,154,139,160.43,159.87,9/6/07,PL
Tea Experimental,39350,39351,NA,2007,846,143,125,157.79,157.22,9/25/07,PL
Green Control,39660,39661,NA,2008,890,45,42,44.84,44.58,7/31/08,PL
Green Control,39681,39682,NA,2008,893,43,40,42.73,42.54,8/21/08,PL
Green Control,39702,39703,NA,2008,896,51,49,50.73,50.91,9/11/08,PL
Green Control,39723,39724,NA,2008,899,67,63,70.06,69.62,10/2/08,PL
Green Experimental,39658,39659,NA,2008,890,29,28,29.45,29.36,7/29/08,PL
Green Experimental,39679,39680,NA,2008,893,23,23,22.74,22.74,8/19/08,PL
Green Experimental,39700,39701,NA,2008,896,36,36,34.53,34.53,9/9/08,PL
Green Experimental,39721,39722,NA,2008,899,41,38,45.5,44.46,9/30/08,PL
Henry Control,39667,39668,NA,2008,891,29,28,29.9,29.88,8/7/08,PL
Henry Control,39688,39689,NA,2008,894,28,28,29.98,29.81,8/28/08,PL
Henry Control,39709,39710,NA,2008,897,46,46,44.53,44.53,9/18/08,PL
Henry Experimental,39665,39666,NA,2008,891,32,32,31.26,31.26,8/5/08,PL
Henry Experimental,39686,39687,NA,2008,894,34,35,34.62,34.62,8/26/08,PL
Henry Experimental,39707,39708,NA,2008,897,46,45,46.31,46.1,9/16/08,PL
Tea Control,39674,39675,NA,2008,892,29,29,28.64,28.64,8/14/08,PL
Tea Control,39693,39694,NA,2008,895,20,19,20.07,20,9/2/08,PL
Tea Control,39716,39717,NA,2008,898,34,32,35.68,35.88,9/25/08,PL
Tea Experimental,39672,39673,NA,2008,892,26,24,29.5,29.3,8/12/08,PL
Tea Experimental,39695,39696,NA,2008,895,29,25,34.58,34.38,9/4/08,PL
Tea Experimental,39714,39715,NA,2008,898,44,38,59.36,59.7,9/23/08,PL
Green Control,40029,40030,NA,2009,943,37,37,36.54,36.54,8/4/09,PL
Green Control,40052,40053,NA,2009,946,44,42,47.63,46.94,8/27/09,PL
Green Control,40073,40074,NA,2009,949,49,46,48.45,49.04,9/17/09,PL
Green Experimental,40031,40032,NA,2009,943,29,27,30,29.7,8/6/09,PL
Green Experimental,40050,40051,NA,2009,946,31,30,29.65,29.65,8/25/09,PL
Green Experimental,40071,40072,NA,2009,949,24,21,20.53,20.53,9/15/09,PL
Henry Control,40022,40023,NA,2009,942,17,17,15.75,15.75,7/28/09,PL
Henry Control,40043,40044,NA,2009,945,25,25,23.11,23.11,8/18/09,PL
Henry Control,40066,40067,NA,2009,948,28,27,29.27,29.35,9/10/09,PL
Henry Control,40085,40086,NA,2009,951,49,49,47.22,47.22,9/29/09,PL
Henry Experimental,40024,40025,NA,2009,942,13,12,14.59,13.74,7/30/09,PL
Henry Experimental,40045,40046,NA,2009,945,22,22,20.13,20.13,8/20/09,PL
Henry Experimental,40065,40066,NA,2009,948,25,23,25.2,25,9/9/09,PL
Henry Experimental,40087,40088,NA,2009,951,39,37,39.43,39.01,10/1/09,PL
Tea Control,40036,40037,NA,2009,944,22,21,23.14,22.75,8/11/09,PL
Tea Control,40059,40060,NA,2009,947,29,29,28,28,9/3/09,PL
Tea Control,40078,40079,NA,2009,950,38,38,37.3,37.3,9/22/09,PL
Tea Experimental,40038,40039,NA,2009,944,29,29,28,28,8/13/09,PL
Tea Experimental,40057,40058,NA,2009,947,24,24,23.21,23.21,9/1/09,PL
Tea Experimental,40080,40081,NA,2009,950,44,44,42.5,42.5,9/24/09,PL
Green Control,40409,40410,NA,2010,997,49,46,51.19,50.65,8/19/10,PL
Green Control,40428,40429,NA,2010,1000,46,41,49.08,48.8,9/7/10,PL
Green Control,40449,40450,NA,2010,1003,68,63,83.65,76.28,9/28/10,PL
Green Experimental,40407,40408,NA,2010,997,24,22,24.92,24.93,8/17/10,PL
Green Experimental,40430,40431,NA,2010,1000,34,31,39.7,39.82,9/9/10,PL
Green Experimental,40451,40452,NA,2010,1003,52,50,55.68,54.12,9/30/10,PL
Henry Control,40402,40403,NA,2010,996,77,74,79.03,78.62,8/12/10,PL
Henry Control,40421,40422,NA,2010,999,64,56,69.1,68.5,8/31/10,PL
Henry Control,40442,40443,NA,2010,1002,55,51,57.84,57.75,9/21/10,PL
Henry Experimental,40400,40401,NA,2010,996,56,51,63.92,62.04,8/10/10,PL
Henry Experimental,40423,40424,NA,2010,999,41,36,44,43.8,9/2/10,PL
Henry Experimental,40444,40445,NA,2010,1002,61,55,79.96,73.33,9/23/10,PL
Tea Control,40395,40396,NA,2010,995,57,52,59.7,58.99,8/5/10,PL
Tea Control,40416,40417,NA,2010,998,44,35,46.37,46.36,8/26/10,PL
Tea Control,40437,40438,NA,2010,1001,38,26,38.3,37.84,9/16/10,PL
Tea Experimental,40393,40394,NA,2010,995,53,52,53.44,53.33,8/3/10,PL
Tea Experimental,40414,40415,NA,2010,998,43,38,45.93,45.69,8/24/10,PL
Tea Experimental,40435,40436,NA,2010,1001,60,58,62.74,61.79,9/14/10,PL
Green Control,40759,40760,NA,2011,1047,208,187,219.16,216.76,8/4/11,PL
Green Control,40780,40781,NA,2011,1050,175,145,186.84,184.4,8/25/11,PL
Green Control,40801,40802,NA,2011,1053,148,95,169.59,167.63,9/15/11,PL
Green Experimental,40757,40758,NA,2011,1047,212,196,216.95,215.38,8/2/11,PL
Green Experimental,40778,40779,NA,2011,1050,183,159,193.52,191.31,8/23/11,PL
Green Experimental,40799,40800,NA,2011,1053,136,103,136.44,135.88,9/13/11,PL
Henry Control,40764,40765,NA,2011,1048,186,166,204.72,203.24,8/9/11,PL
Henry Control,40787,40788,NA,2011,1051,144,124,154.91,152.84,9/1/11,PL
Henry Control,40806,40807,NA,2011,1054,111,90,126.13,125.46,9/20/11,PL
Henry Experimental,40766,40767,NA,2011,1048,193,178,207.13,204.38,8/11/11,PL
Henry Experimental,40785,40786,NA,2011,1051,155,132,158.64,157.85,8/30/11,PL
Henry Experimental,40808,40809,NA,2011,1054,141,93,158.35,149.18,9/22/11,PL
Tea Control,40771,40772,NA,2011,1049,164,152,171.36,170.47,8/16/11,PL
Tea Control,40792,40793,NA,2011,1052,128,112,141.82,139.85,9/6/11,PL
Tea Control,40815,40816,NA,2011,1055,96,64,118.08,113.57,9/29/11,PL
Tea Experimental,40773,40774,NA,2011,1049,161,139,170.96,171.12,8/18/11,PL
Tea Experimental,40794,40795,NA,2011,1052,135,109,155.5,149.78,9/8/11,PL
Tea Experimental,40813,40814,NA,2011,1055,104,62,124.41,122.84,9/27/11,PL
Green Control,41128,41129,NA,2012,1100,132,128,136.02,135.6,8/7/12,PL
Green Control,41150,41151,NA,2012,1103,90,75,105.96,104.71,8/29/12,PL
Green Control,41170,41171,NA,2012,1106,110,107,114.29,113.53,9/18/12,PL
Green Experimental,41130,41131,NA,2012,1100,101,96,105.17,105.17,8/9/12,PL
Green Experimental,41151,41152,NA,2012,1103,79,75,84.25,84.7,8/30/12,PL
Green Experimental,41172,41173,NA,2012,1106,124,118,142.85,137.37,9/20/12,PL
Henry Control,41121,41122,NA,2012,1099,86,80,90.77,91.07,7/31/12,PL
Henry Control,41142,41143,NA,2012,1102,91,89,94.22,93.91,8/21/12,PL
Henry Control,41163,41164,NA,2012,1105,96,93,105.44,104.23,9/11/12,PL
Henry Control,41184,41186,NA,2012,1108,88,88,90.09,89.63,10/2/12,PL
Henry Experimental,41123,41124,NA,2012,1099,127,122,130.68,130.43,8/2/12,PL
Henry Experimental,41144,41145,NA,2012,1102,112,104,116.21,116.17,8/23/12,PL
Henry Experimental,41165,41166,NA,2012,1105,124,115,134.53,131.71,9/13/12,PL
Henry Experimental,41185,41187,NA,2012,1108,134,126,148.08,141.27,10/3/12,PL
Tea Control,41135,41136,NA,2012,1101,80,76,81.3,81.25,8/14/12,PL
Tea Control,41156,41157,NA,2012,1104,81,75,84.98,84.5,9/4/12,PL
Tea Control,41177,41178,NA,2012,1107,86,84,92.76,91.63,9/25/12,PL
Tea Experimental,41137,41138,NA,2012,1101,72,70,73.23,72.85,8/16/12,PL
Tea Experimental,41158,41159,NA,2012,1104,65,60,69.49,69.29,9/6/12,PL
Tea Experimental,41179,41180,NA,2012,1107,71,71,70.36,70.36,9/27/12,PL
Green Control,41492,41493,NA,2013,1152,7,7,5.33,5.33,8/6/13,PL
Green Control,41515,41516,NA,2013,1155,8,8,6.75,6.75,8/29/13,PL
Green Control,41536,41537,NA,2013,1158,8,8,7.2,7.2,9/19/13,PL
Green Experimental,41494,41495,NA,2013,1152,3,3,3,3,8/8/13,PL
Green Experimental,41513,41514,NA,2013,1155,9,9,6.67,6.67,8/27/13,PL
Green Experimental,41534,41535,NA,2013,1158,10,10,8.25,8.25,9/17/13,PL
Henry Control,41485,41486,NA,2013,1151,2,1,4,2,7/30/13,PL
Henry Control,41508,41509,NA,2013,1154,7,7,4,4,8/22/13,PL
Henry Control,41529,41530,NA,2013,1157,17,17,14.4,14.4,9/12/13,PL
Henry Control,41548,41549,NA,2013,1160,18,18,16.63,16.63,10/1/13,PL
Henry Experimental,41487,41488,NA,2013,1151,6,6,5.6,5.6,8/1/13,PL
Henry Experimental,41506,41507,NA,2013,1154,10,10,8.8,8.8,8/20/13,PL
Henry Experimental,41527,41528,NA,2013,1157,8,8,7.71,7.71,9/10/13,PL
Henry Experimental,41550,41551,NA,2013,1160,14,14,12.5,12.5,10/3/13,PL
Tea Control,41501,41502,NA,2013,1153,9,8,13.5,9.75,8/15/13,PL
Tea Control,41522,41523,NA,2013,1156,9,9,7.5,7.5,9/5/13,PL
Tea Control,41543,41544,NA,2013,1159,14,14,12.5,12.5,9/26/13,PL
Tea Experimental,41499,41500,NA,2013,1153,11,11,9,9,8/13/13,PL
Tea Experimental,41520,41521,NA,2013,1156,12,11,10,10,9/3/13,PL
Tea Experimental,41541,41542,NA,2013,1159,13,9,15.71,14.57,9/24/13,PL
Green Control,41858,41859,NA,2014,1204,33,30,33.44,33.47,8/7/14,PL
Green Control,41871,41872,NA,2014,1206,35,31,36.71,36.42,8/20/14,PL
Green Control,41885,41886,NA,2014,1208,37,34,38.56,37.86,9/3/14,PL
Green Control,41900,41901,NA,2014,1210,38,33,38.45,38.18,9/18/14,PL
Green Control,41915,41916,NA,2014,1212,52,48,53.23,53.54,10/3/14,PL
Green Experimental,41856,41857,NA,2014,1204,28,27,28.42,28.31,8/5/14,PL
Green Experimental,41869,41870,NA,2014,1206,27,26,27.35,27.27,8/18/14,PL
Green Experimental,41883,41884,NA,2014,1208,27,25,28.26,27.76,9/1/14,PL
Green Experimental,41898,41899,NA,2014,1210,30,27,30.11,29.82,9/16/14,PL
Green Experimental,41912,41913,NA,2014,1212,45,43,44.41,44,9/30/14,PL
Henry Control,41851,41852,NA,2014,1203,19,19,18.57,18.57,7/31/14,PL
Henry Control,41864,41865,NA,2014,1205,15,15,15,15,8/13/14,PL
Henry Control,41879,41880,NA,2014,1207,30,30,28.62,28.62,8/28/14,PL
Henry Control,41892,41893,NA,2014,1209,40,40,38.95,38.95,9/10/14,PL
Henry Control,41905,41906,NA,2014,1211,48,46,48.25,48.22,9/23/14,PL
Henry Experimental,41849,41850,NA,2014,1203,22,19,23.44,23.04,7/29/14,PL
Henry Experimental,41862,41863,NA,2014,1205,22,19,23.44,23.37,8/11/14,PL
Henry Experimental,41877,41878,NA,2014,1207,23,23,22.74,22.74,8/26/14,PL
Henry Experimental,41890,41891,NA,2014,1209,34,34,32.94,32.94,9/8/14,PL
Henry Experimental,41905,41906,NA,2014,1211,37,36,38.2,38.53,9/23/14,PL
Tea Control,41851,41852,NA,2014,1203,33,31,32.3,32.17,7/31/14,PL
Tea Control,41864,41865,NA,2014,1205,34,31,34,33.92,8/13/14,PL
Tea Control,41879,41880,NA,2014,1207,37,33,38.14,37.68,8/28/14,PL
Tea Control,41892,41893,NA,2014,1209,41,36,43.34,43.31,9/10/14,PL
Tea Control,41907,41908,NA,2014,1211,42,39,41.8,41.63,9/25/14,PL
Tea Experimental,41849,41850,NA,2014,1203,23,22,21.72,21.72,7/29/14,PL
Tea Experimental,41862,41863,NA,2014,1205,21,17,20.18,20.18,8/11/14,PL
Tea Experimental,41877,41878,NA,2014,1207,30,30,29.45,29.45,8/26/14,PL
Tea Experimental,41890,41891,NA,2014,1209,42,41,42.68,42.72,9/8/14,PL
Tea Experimental,41907,41908,NA,2014,1211,49,45,53.05,51.75,9/25/14,PL
Green Control,42234,42235,NA,2015,1258,60,54,63.02,62.51,8/18/15,PL
Green Control,42257,42258,NA,2015,1261,62,55,69.19,69.53,9/10/15,PL
Green Control,42276,42277,NA,2015,1264,72,63,78.73,79.03,9/29/15,PL
Green Experimental,42236,42237,NA,2015,1258,57,51,58.96,58.29,8/20/15,PL
Green Experimental,42255,42256,NA,2015,1261,53,45,50.98,50.54,9/8/15,PL
Green Experimental,42278,42279,NA,2015,1264,79,68,79.22,78.93,10/1/15,PL
Henry Control,42227,42228,NA,2015,1257,105,101,107.24,106.31,8/11/15,PL
Henry Control,42250,42251,NA,2015,1260,89,78,90.47,89.75,9/3/15,PL
Henry Control,42271,42272,NA,2015,1263,95,89,89,89,9/24/15,PL
Henry Experimental,42229,42230,NA,2015,1257,81,75,87.64,86.36,8/13/15,PL
Henry Experimental,42248,42249,NA,2015,1260,82,77,83.7,83.2,9/1/15,PL
Henry Experimental,42269,42270,NA,2015,1263,87,78,86.74,86.39,9/22/15,PL
Tea Control,42220,42221,NA,2015,1256,72,71,70.4,70.4,8/4/15,PL
Tea Control,42241,42242,NA,2015,1259,65,63,64.61,64.39,8/25/15,PL
Tea Control,42261,42262,NA,2015,1262,72,69,70.59,70.39,9/14/15,PL
Tea Experimental,42222,42223,NA,2015,1256,81,77,82.16,81.81,8/6/15,PL
Tea Experimental,42243,42244,NA,2015,1259,70,63,70.56,69.77,8/27/15,PL
Tea Experimental,42263,42264,NA,2015,1262,83,72,87.96,88.1,9/16/15,PL
Green Control,42586,42587,NA,2016,1308,309,261,346.84,341.14,8/4/16,PL
Green Control,42605,42606,NA,2016,1311,288,254,314.49,312.86,8/23/16,PL
Green Control,42626,42627,NA,2016,1314,218,203,233.19,231.73,9/13/16,PL
Green Experimental,42584,42585,NA,2016,1308,266,228,284.93,280.89,8/2/16,PL
Green Experimental,42607,42608,NA,2016,1311,249,228,255.47,255.13,8/25/16,PL
Green Experimental,42627,42628,NA,2016,1314,205,178,214.55,214,9/14/16,PL
Henry Control,42631,42632,NA,2016,1310,198,181,242.22,245.3,9/18/16,PL
Henry Control,42621,42622,NA,2016,1313,163,152,176.48,175.77,9/8/16,PL
Henry Control,42642,42643,NA,2016,1316,112,111,116.76,115.88,9/29/16,PL
Henry Experimental,42598,42599,NA,2016,1310,200,199,200.91,200.45,8/16/16,PL
Henry Experimental,42619,42620,NA,2016,1313,196,185,204.58,203.53,9/6/16,PL
Henry Experimental,42640,42641,NA,2016,1316,153,141,164.12,163.91,9/27/16,PL
Tea Control,42593,42594,NA,2016,1309,231,208,245.34,243.02,8/11/16,PL
Tea Control,42612,42613,NA,2016,1312,233,213,263.35,258.88,8/30/16,PL
Tea Control,42635,42636,NA,2016,1315,159,153,168.45,166.72,9/22/16,PL
Tea Experimental,42591,42592,NA,2016,1309,268,233,298.69,294.28,8/9/16,PL
Tea Experimental,42614,42615,NA,2016,1312,254,226,276.52,272.23,9/1/16,PL
Tea Experimental,42633,42634,NA,2016,1315,190,168,210.87,207.75,9/20/16,PL
Green Control,42962,42963,NA,2017,1362,19,19,18.33,18.33,8/15/17,PL
Green Control,42985,42986,NA,2017,1365,18,15,23.69,23.31,9/7/17,PL
Green Control,43006,43007,NA,2017,1368,34,32,35.7,35.18,9/28/17,PL
Green Experimental,42964,42965,NA,2017,1362,21,21,20.71,20.71,8/17/17,PL
Green Experimental,42983,42984,NA,2017,1365,21,21,20.17,20.17,9/5/17,PL
Green Experimental,43004,43005,NA,2017,1368,27,26,28.88,27.38,9/26/17,PL
Henry Control,42957,42958,NA,2017,1361,7,7,6,6,8/10/17,PL
Henry Control,42976,42977,NA,2017,1364,14,13,14.39,14.47,8/29/17,PL
Henry Control,42997,42998,NA,2017,1367,27,25,31.32,30.14,9/19/17,PL
Henry Experimental,42955,42956,NA,2017,1361,14,15,14.55,14.55,8/8/17,PL
Henry Experimental,42978,42979,NA,2017,1364,14,12,15.97,15.48,8/31/17,PL
Henry Experimental,42999,43000,NA,2017,1367,26,25,27.25,26.53,9/21/17,PL
Tea Control,42950,42951,NA,2017,1360,6,6,5.25,5.25,8/3/17,PL
Tea Control,42969,42970,NA,2017,1363,8,8,7.2,7.2,8/22/17,PL
Tea Control,42992,42993,NA,2017,1366,16,16,13.6,13.6,9/14/17,PL
Tea Experimental,42948,42949,NA,2017,1360,3,3,2.67,2.67,8/1/17,PL
Tea Experimental,42971,42972,NA,2017,1363,8,8,6.75,6.75,8/24/17,PL
Tea Experimental,42990,42991,NA,2017,1366,11,11,10,10,9/12/17,PL
Green Control,43319,43320,NA,2018,1413,151,134,197.63,185.23,8/7/18,PL
Green Control,43342,43343,NA,2018,1416,124,109,142.59,140.37,8/30/18,PL
Green Control,43363,43364,NA,2018,1419,93,77,112.46,111.47,9/20/18,PL
Green Experimental,43321,43322,NA,2018,1413,133,117,158.66,151.93,8/9/18,PL
Green Experimental,43340,43341,NA,2018,1416,122,106,137.69,136.37,8/28/18,PL
Green Experimental,43361,43362,NA,2018,1419,96,71,117,113.91,9/18/18,PL
Henry Control,43328,43329,NA,2018,1414,65,58,70.89,69.49,8/16/18,PL
Henry Control,43349,43350,NA,2018,1417,65,61,69.38,68.62,9/6/18,PL
Henry Control,43370,43371,NA,2018,1420,62,53,96.98,92.91,9/27/18,PL
Henry Experimental,43326,43327,NA,2018,1414,80,76,83.15,82.11,8/14/18,PL
Henry Experimental,43347,43348,NA,2018,1417,73,67,77.81,76.41,9/4/18,PL
Henry Experimental,43368,43369,NA,2018,1420,67,60,81.02,80.04,9/25/18,PL
Tea Control,43312,43313,NA,2018,1412,55,54,55.5,55.28,7/31/18,PL
Tea Control,43333,43334,NA,2018,1415,60,59,60.66,60.39,8/21/18,PL
Tea Control,43354,43355,NA,2018,1418,65,64,68.32,67.24,9/11/18,PL
Tea Experimental,43314,43315,NA,2018,1412,43,42,44.34,43.96,8/2/18,PL
Tea Experimental,43335,43336,NA,2018,1415,43,41,44.97,44.37,8/23/18,PL
Tea Experimental,43356,43357,NA,2018,1418,50,48,52.83,52.37,9/13/18,PL
Green Control,43683,43684,NA,2019,1465,17,17,16,16,8/6/19,PL
Green Control,43704,43705,NA,2019,1468,16,16,15.58,15.58,8/27/19,PL
Green Control,43696,43697,NA,2019,1471,24,23,25.29,25,8/19/19,PL
Green Experimental,43685,43686,NA,2019,1465,15,15,13.33,13.33,8/8/19,PL
Green Experimental,43706,43707,NA,2019,1468,18,18,16.29,16.29,8/29/19,PL
Green Experimental,43725,43726,NA,2019,1471,18,16,20.55,20.97,9/17/19,PL
Henry Control,43676,43677,NA,2019,1464,24,23,25.2,24.6,7/30/19,PL
Henry Control,43699,43700,NA,2019,1467,32,30,35.34,35.82,8/22/19,PL
Henry Control,43720,43721,NA,2019,1470,34,32,35.71,35.48,9/12/19,PL
Henry Control,43739,43740,NA,2019,1473,41,41,40.44,40.44,10/1/19,PL
Henry Experimental,43678,43679,NA,2019,1464,17,17,16.36,16.36,8/1/19,PL
Henry Experimental,43697,43698,NA,2019,1467,23,23,22,22,8/20/19,PL
Henry Experimental,43718,43719,NA,2019,1470,19,19,18.57,18.57,9/10/19,PL
Henry Experimental,43741,43742,NA,2019,1473,28,28,26.93,26.93,10/3/19,PL
Tea Control,43690,43691,NA,2019,1466,26,26,25.07,25.07,8/13/19,PL
Tea Control,43711,43712,NA,2019,1469,21,21,20.43,20.43,9/3/19,PL
Tea Control,43734,43735,NA,2019,1472,23,23,21,21,9/26/19,PL
Tea Experimental,43691,43692,NA,2019,1466,22,21,22.84,22.73,8/14/19,PL
Tea Experimental,43713,43714,NA,2019,1469,23,22,24.06,24.23,9/5/19,PL
Tea Experimental,43732,43733,NA,2019,1472,26,23,35.8,34,9/24/19,PL
Green Control,44049,44050,NA,2020,1517,100,100,NA,NA,8/6/20,PL
Green Control,44068,44069,NA,2020,1520,113,109,121.09,121.08,8/25/20,PL
Green Control,44098,44099,NA,2020,1524,71,70,NA,NA,9/24/20,PL
Green Experimental,44047,44048,NA,2020,1517,102,102,NA,NA,8/4/20,PL
Green Experimental,44070,44071,NA,2020,1520,124,123,125.16,124.61,8/27/20,PL
Green Experimental,44096,44097,NA,2020,1524,84,84,NA,NA,9/22/20,PL
Henry Control,44040,44041,NA,2020,1516,144,143,NA,NA,7/28/20,PL
Henry Control,44061,44062,NA,2020,1519,163,158,169.02,167.75,8/18/20,PL
Henry Control,44089,44090,NA,2020,1523,126,125,NA,NA,9/15/20,PL
Henry Experimental,44042,44043,NA,2020,1516,135,135,NA,NA,7/30/20,PL
Henry Experimental,44063,44064,NA,2020,1519,171,166,178.52,177.09,8/20/20,PL
Henry Experimental,44091,44092,NA,2020,1523,127,126,NA,NA,9/17/20,PL
Tea Control,44054,44055,NA,2020,1518,123,123,121.47,121.47,8/11/20,PL
Tea Control,44084,44085,NA,2020,1522,86,86,NA,NA,9/10/20,PL
Tea Experimental,44056,44057,NA,2020,1518,108,105,117.94,116.1,8/13/20,PL
Tea Experimental,44082,44083,NA,2020,1522,91,91,NA,NA,9/8/20,PL
Green Control,44425,44426,NA,2021,1571,10,9,12.5,11.67,8/17/21,PL
Green Control,44448,44449,NA,2021,1574,18,17,NA,NA,9/9/21,PL
Green Experimental,44427,44428,NA,2021,1571,8,8,4.5,4.5,8/19/21,PL
Green Experimental,44453,44454,NA,2021,1575,14,14,NA,NA,9/14/21,PL
Henry Control,44411,44412,NA,2021,1569,7,7,7,7,8/3/21,PL
Henry Control,44431,44432,NA,2021,1572,8,8,NA,NA,8/23/21,PL
Henry Experimental,44413,44414,NA,2021,1569,8,8,6,6,8/5/21,PL
Henry Experimental,44434,44435,NA,2021,1572,13,13,NA,NA,8/26/21,PL
Tea Control,44418,44419,NA,2021,1570,12,11,9,9,8/10/21,PL
Tea Control,44446,44447,NA,2021,1574,16,16,NA,NA,9/7/21,PL
Tea Experimental,44420,44421,NA,2021,1570,9,9,5,5,8/12/21,PL
Tea Experimental,44439,44440,NA,2021,1573,10,10,NA,NA,8/31/21,PL
Green Control,44789,44790,NA,2022,1623,82,NA,NA,NA,8/16/22,PL
Green Control,44817,44818,NA,2022,1627,74,NA,NA,NA,9/13/22,PL
Green Experimental,44791,44792,NA,2022,1623,68,NA,NA,NA,8/18/22,PL
Green Experimental,44811,44812,NA,2022,1626,77,NA,NA,NA,9/7/22,PL
Henry Control,44777,44778,NA,2022,1621,105,NA,NA,NA,8/4/22,PL
Henry Control,44798,44799,NA,2022,1624,108,NA,NA,NA,8/25/22,PL
Henry Experimental,44775,44776,NA,2022,1621,105,NA,NA,NA,8/2/22,PL
Henry Experimental,44796,44797,NA,2022,1624,106,NA,NA,NA,8/23/22,PL
Tea Control,44782,44783,NA,2022,1622,105,NA,NA,NA,8/9/22,PL
Tea Control,44805,44806,NA,2022,1625,112,NA,NA,NA,9/1/22,PL
Tea Experimental,44784,44785,NA,2022,1622,77,NA,NA,NA,8/11/22,PL
Tea Experimental,44803,44804,NA,2022,1625,107,NA,NA,NA,8/30/22,PL
Henry Control,33456,33457,33458,1991,4,NA,3,3,3,8/6/91,TS
Henry Control,33478,33479,33480,1991,7,NA,2,2,2,8/28/91,TS
Henry Control,33499,33500,33501,1991,10,NA,1,2,2,9/18/91,TS
Tea Control,33463,33464,33465,1991,5,NA,2,2,2,8/13/91,TS
Tea Control,33485,33486,33487,1991,8,NA,0,0,0,9/4/91,TS
Tea Control,33506,33507,33508,1991,11,NA,0,0,0,9/25/91,TS
Henry Control,33827,33828,33829,1992,57,NA,11,16.04,15.6,8/11/92,TS
Henry Control,33848,33849,33850,1992,60,NA,13,15.44,15.47,9/1/92,TS
Henry Control,33876,33877,33878,1992,64,NA,15,14.85,14.86,9/29/92,TS
Tea Control,33820,33822,NA,1992,56,NA,6,4.67,4.67,8/4/92,TS
Tea Control,33841,33842,33843,1992,59,NA,13,12,12,8/25/92,TS
Tea Control,33869,33870,33871,1992,63,NA,5,52,28,9/22/92,TS
Henry Control,34191,34192,NA,1993,109,NA,20,20,20,8/10/93,TS
Tea Control,34184,34185,NA,1993,108,NA,9,9,9,8/3/93,TS
Henry Control,34569,34570,34571,1994,163,NA,4,10,10,8/23/94,TS
Henry Control,34597,34598,34599,1994,167,NA,7,16,14.9,9/20/94,TS
Tea Control,34548,34549,34550,1994,160,NA,0,0,0,8/2/94,TS
Tea Control,34576,34577,34578,1994,164,NA,2,2,2,8/30/94,TS
Tea Control,34604,34605,34606,1994,168,NA,1,0,0,9/27/94,TS
Green Control,34919,34920,NA,1995,213,NA,35,76.5,75.4,8/8/95,TS
Green Control,34954,34955,NA,1995,218,NA,53,71.5,69.6,9/12/95,TS
Henry Control,34912,34913,NA,1995,212,NA,23,55.1,55.9,8/1/95,TS
Henry Control,34940,34941,NA,1995,216,NA,32,59.1,56.3,8/29/95,TS
Henry Control,34939,34940,NA,1995,220,NA,42,41.7,41.7,8/28/95,TS
Tea Control,34914,34915,NA,1995,212,NA,26,78.8,77.4,8/3/95,TS
Tea Control,34947,34948,NA,1995,217,NA,54,69.2,68.3,9/5/95,TS
Green Control,35283,35284,NA,1996,265,NA,9,37.1,28.6,8/6/96,TS
Green Control,35313,35314,NA,1996,269,NA,19,25.8,26.5,9/5/96,TS
Green Control,35341,35342,NA,1996,273,NA,10,26.7,20.4,10/3/96,TS
Green Experimental,35283,35284,NA,1996,265,NA,1,2,2,8/6/96,TS
Green Experimental,35311,35312,NA,1996,269,NA,2,6,4.5,9/3/96,TS
Green Experimental,35339,35340,NA,1996,273,NA,1,2,2,10/1/96,TS
Henry Control,35290,NA,NA,1996,266,NA,0,0,0,8/13/96,TS
Henry Control,35304,35305,NA,1996,268,NA,1,8,8,8/27/96,TS
Henry Control,35332,35333,NA,1996,272,NA,6,14,12.8,9/24/96,TS
Henry Experimental,35285,35286,NA,1996,265,NA,4,11.3,11.3,8/8/96,TS
Henry Experimental,35306,35307,NA,1996,268,NA,3,17,17,8/29/96,TS
Henry Experimental,35334,35335,NA,1996,272,NA,0,0,0,9/26/96,TS
Tea Control,35292,35293,NA,1996,266,NA,5,14.9,13.2,8/15/96,TS
Tea Control,35318,35319,NA,1996,270,NA,7,14.5,13.5,9/10/96,TS
Tea Experimental,35292,35293,NA,1996,266,NA,8,19.3,19,8/15/96,TS
Tea Experimental,35320,35321,NA,1996,270,NA,7,49.3,38.7,9/12/96,TS
Green Control,35662,35663,NA,1997,319,NA,9,34.8,32.2,8/20/97,TS
Green Control,35691,35692,NA,1997,323,NA,20,31.5,30,9/18/97,TS
Green Experimental,35640,35644,NA,1997,316,NA,10,22,22,7/29/97,TS
Green Experimental,35647,35650,NA,1997,317,NA,10,23.2,23.2,8/5/97,TS
Green Experimental,35654,35657,NA,1997,318,NA,15,23,23,8/12/97,TS
Green Experimental,35661,35664,NA,1997,319,NA,12,19.9,19.9,8/19/97,TS
Green Experimental,35668,35671,NA,1997,320,NA,10,19.5,18.4,8/26/97,TS
Green Experimental,35689,35690,NA,1997,323,NA,4,28.3,18.3,9/16/97,TS
Henry Control,35648,35649,NA,1997,317,NA,7,21.6,20.7,8/6/97,TS
Henry Control,35677,35678,NA,1997,321,NA,8,40.8,38.7,9/4/97,TS
Henry Control,35705,35706,NA,1997,325,NA,13,12.6,12.6,10/2/97,TS
Henry Experimental,35640,35644,NA,1997,316,NA,11,22.5,22.9,7/29/97,TS
Henry Experimental,35647,35650,NA,1997,317,NA,8,18.3,18.3,8/5/97,TS
Henry Experimental,35654,35657,NA,1997,318,NA,10,19.9,20.8,8/12/97,TS
Henry Experimental,35661,35664,NA,1997,319,NA,3,22,17.3,8/19/97,TS
Henry Experimental,35668,35671,NA,1997,320,NA,3,16.3,16.3,8/26/97,TS
Henry Experimental,35675,35676,NA,1997,321,NA,2,108,36,9/2/97,TS
Henry Experimental,35703,35704,NA,1997,325,NA,11,19.6,18.9,9/30/97,TS
Tea Control,35655,35656,NA,1997,318,NA,12,18,17.6,8/13/97,TS
Tea Control,35684,35685,NA,1997,322,NA,11,28.5,22.5,9/11/97,TS
Tea Experimental,35640,35644,NA,1997,316,NA,16,63.8,55.8,7/29/97,TS
Tea Experimental,35647,35650,NA,1997,317,NA,7,48.7,43.4,8/5/97,TS
Tea Experimental,35654,35657,NA,1997,318,NA,14,54.8,52.8,8/12/97,TS
Tea Experimental,35661,35664,NA,1997,319,NA,14,66.8,57,8/19/97,TS
Tea Experimental,35668,35671,NA,1997,320,NA,18,88.6,69.9,8/26/97,TS
Tea Experimental,35682,35683,NA,1997,322,NA,24,62.8,59.5,9/9/97,TS
Green Control,36011,36012,NA,1998,369,NA,24,38.3,37.1,8/4/98,TS
Green Control,36039,36040,NA,1998,373,NA,22,34.1,33.4,9/1/98,TS
Green Control,36061,36063,NA,1998,376,NA,9,36.3,30.8,9/23/98,TS
Henry Control,36003,36004,NA,1998,368,NA,3,10,10,7/27/98,TS
Henry Control,36025,36026,NA,1998,371,NA,5,9.1,9.3,8/18/98,TS
Henry Control,36047,36048,NA,1998,374,NA,5,11.7,10.5,9/9/98,TS
Tea Control,36005,36006,NA,1998,368,NA,6,36.4,31.3,7/29/98,TS
Tea Control,36032,36033,NA,1998,372,NA,7,17.5,16.2,8/25/98,TS
Tea Control,36053,36054,NA,1998,375,NA,12,22.1,24.8,9/15/98,TS
Green Control,36384,36385,NA,1999,422,NA,7,22.7,18.7,8/12/99,TS
Green Control,36417,36418,NA,1999,427,NA,11,11,11,9/14/99,TS
Green Experimental,36382,36383,NA,1999,422,NA,4,6.9,6.3,8/10/99,TS
Green Experimental,36419,36420,NA,1999,427,NA,2,2,2,9/16/99,TS
Henry Control,36377,36378,NA,1999,421,NA,4,26.5,26.5,8/5/99,TS
Henry Control,36396,36397,NA,1999,424,NA,13,12.7,12.7,8/24/99,TS
Henry Control,36433,36434,NA,1999,429,NA,9,9,9,9/30/99,TS
Henry Experimental,36375,36376,NA,1999,421,NA,11,27.3,25.9,8/3/99,TS
Henry Experimental,36398,36399,NA,1999,424,NA,7,9,9,8/26/99,TS
Henry Experimental,36431,36432,NA,1999,429,NA,10,8.8,8.8,9/28/99,TS
Tea Control,36389,36390,NA,1999,423,NA,17,24.9,25.6,8/17/99,TS
Tea Control,36424,36425,NA,1999,428,NA,16,15.6,15.6,9/21/99,TS
Tea Experimental,36390,36391,NA,1999,423,NA,29,35.6,34.5,8/18/99,TS
Tea Experimental,36426,36427,NA,1999,428,NA,29,68.6,57.1,9/23/99,TS
Green Control,36755,36756,NA,2000,475,NA,6,15.6,11.7,8/17/00,TS
Green Control,36790,36791,NA,2000,480,NA,1,7,7,9/21/00,TS
Green Experimental,36753,36754,NA,2000,475,NA,4,5.8,5.4,8/15/00,TS
Green Experimental,36788,36789,NA,2000,480,NA,4,11.7,8.3,9/19/00,TS
Henry Control,36741,36742,NA,2000,473,NA,1,1,1,8/3/00,TS
Henry Control,36760,36761,NA,2000,476,NA,0,0,0,8/22/00,TS
Henry Control,36797,36798,NA,2000,481,NA,0,0,0,9/28/00,TS
Henry Experimental,36739,36740,NA,2000,473,NA,2,6,4.5,8/1/00,TS
Henry Experimental,36760,36761,NA,2000,476,NA,2,5,5,8/22/00,TS
Henry Experimental,36795,36796,NA,2000,481,NA,0,0,0,9/26/00,TS
Tea Control,36746,36747,NA,2000,474,NA,3,7,7,8/8/00,TS
Tea Control,36783,36784,NA,2000,479,NA,2,1.5,1.5,9/14/00,TS
Tea Experimental,36747,36748,NA,2000,474,NA,5,7.7,7.2,8/9/00,TS
Tea Experimental,36781,36782,NA,2000,479,NA,5,19.2,16.8,9/12/00,TS
Green Control,37105,37106,NA,2001,525,NA,10,11.9,12.2,8/2/01,TS
Green Control,37126,37127,NA,2001,528,NA,6,9.1,9.3,8/23/01,TS
Green Control,37145,37146,NA,2001,531,NA,5,8,8,9/11/01,TS
Green Experimental,37103,37104,NA,2001,525,NA,7,16.7,22,7/31/01,TS
Green Experimental,37124,37125,NA,2001,528,NA,3,13.3,10.7,8/21/01,TS
Green Experimental,37147,37148,NA,2001,531,NA,1,3,3,9/13/01,TS
Henry Control,37112,37113,NA,2001,526,NA,5,5,5,8/9/01,TS
Henry Control,37131,37132,NA,2001,529,NA,6,8.1,7.9,8/28/01,TS
Henry Control,37154,37155,NA,2001,532,NA,3,5,5,9/20/01,TS
Henry Experimental,37111,37112,NA,2001,526,NA,4,9,9,8/8/01,TS
Henry Experimental,37133,37134,NA,2001,529,NA,7,11.4,11.7,8/30/01,TS
Henry Experimental,37152,37153,NA,2001,532,NA,7,8.3,8.3,9/18/01,TS
Tea Control,37117,37118,NA,2001,527,NA,7,11,11,8/14/01,TS
Tea Control,37139,37140,NA,2001,530,NA,6,14,14.2,9/5/01,TS
Tea Control,37166,37167,NA,2001,534,NA,15,14.7,14.7,10/2/01,TS
Tea Experimental,37119,37120,NA,2001,527,NA,9,15.7,15,8/16/01,TS
Tea Experimental,37140,37141,NA,2001,530,NA,12,13.3,13.3,9/6/01,TS
Tea Experimental,37168,37169,NA,2001,534,NA,18,17.3,17.3,10/4/01,TS
Green Control,37476,37477,NA,2002,578,NA,13,17.9,18.6,8/8/02,TS
Green Control,37497,37498,NA,2002,581,NA,11,14.9,14.9,8/29/02,TS
Green Control,37518,37519,NA,2002,584,NA,8,12.4,12.4,9/19/02,TS
Green Experimental,37474,37475,NA,2002,578,NA,1,5,5,8/6/02,TS
Green Experimental,37495,37496,NA,2002,581,NA,3,8,8.7,8/27/02,TS
Green Experimental,37516,37517,NA,2002,584,NA,3,8,6.7,9/17/02,TS
Henry Control,37483,37484,NA,2002,579,NA,6,32.7,32.7,8/15/02,TS
Henry Control,37504,37505,NA,2002,582,NA,14,31.8,27,9/5/02,TS
Henry Control,37525,37526,NA,2002,585,NA,14,16.3,16.3,9/26/02,TS
Henry Experimental,37481,37482,NA,2002,579,NA,6,21,18.7,8/13/02,TS
Henry Experimental,37502,37503,NA,2002,582,NA,7,16,14.9,9/3/02,TS
Henry Experimental,37523,37524,NA,2002,585,NA,12,11.7,11.7,9/24/02,TS
Tea Control,37467,37468,NA,2002,577,NA,11,29.3,26.2,7/30/02,TS
Tea Control,37488,37489,NA,2002,580,NA,8,17,17,8/20/02,TS
Tea Control,37511,37512,NA,2002,583,NA,8,19.3,18.2,9/12/02,TS
Tea Control,37532,37533,NA,2002,586,NA,19,29.7,28.2,10/3/02,TS
Tea Experimental,37469,37470,NA,2002,577,NA,6,22.2,22.2,8/1/02,TS
Tea Experimental,37490,37491,NA,2002,580,NA,16,23.6,23.2,8/22/02,TS
Tea Experimental,37509,37510,NA,2002,583,NA,18,28,26.5,9/10/02,TS
Tea Experimental,37530,37531,NA,2002,586,NA,28,33.8,32.4,10/1/02,TS
Green Control,37838,37839,NA,2003,630,NA,12,18.2,18.3,8/5/03,TS
Green Control,37861,37862,NA,2003,633,NA,14,17.4,17.4,8/28/03,TS
Green Control,37880,37881,NA,2003,636,NA,16,19.7,19.3,9/16/03,TS
Green Experimental,37840,37841,NA,2003,630,NA,7,19.7,18,8/7/03,TS
Green Experimental,37859,37860,NA,2003,633,NA,4,17.8,18.8,8/26/03,TS
Green Experimental,37880,37881,NA,2003,636,NA,10,24.8,20.6,9/16/03,TS
Henry Control,37833,37834,NA,2003,629,NA,5,18.9,16.5,7/31/03,TS
Henry Control,37854,37855,NA,2003,632,NA,6,16.5,16.5,8/21/03,TS
Henry Control,37875,37876,NA,2003,635,NA,8,11.9,11.5,9/11/03,TS
Henry Control,37896,37897,NA,2003,638,NA,9,15.2,13,10/2/03,TS
Henry Experimental,37831,37832,NA,2003,629,NA,7,19.1,16,7/29/03,TS
Henry Experimental,37852,37853,NA,2003,632,NA,6,17.3,15.6,8/19/03,TS
Henry Experimental,37873,37874,NA,2003,635,NA,8,17.4,15.2,9/9/03,TS
Henry Experimental,37894,37895,NA,2003,638,NA,12,17.3,16,9/30/03,TS
Tea Control,37847,37848,NA,2003,631,NA,15,45,41.4,8/14/03,TS
Tea Control,37866,37868,NA,2003,634,NA,11,41.8,39,9/2/03,TS
Tea Control,37887,37888,NA,2003,637,NA,23,26.3,26.2,9/23/03,TS
Tea Experimental,37845,37846,NA,2003,631,NA,1,16,8,8/12/03,TS
Tea Experimental,37868,37869,NA,2003,634,NA,9,12.5,12.5,9/4/03,TS
Tea Experimental,37889,37890,NA,2003,637,NA,11,10,10,9/25/03,TS
Green Control,38202,38203,NA,2004,682,NA,31,39.8,38.7,8/3/04,TS
Green Control,38223,38224,NA,2004,685,NA,23,27.8,26.7,8/24/04,TS
Green Control,38244,38245,NA,2004,688,NA,27,26.7,26.7,9/14/04,TS
Green Experimental,38204,38205,NA,2004,682,NA,12,25.6,24.1,8/5/04,TS
Green Experimental,38225,38226,NA,2004,685,NA,16,23.5,22.4,8/26/04,TS
Green Experimental,38246,38247,NA,2004,688,NA,22,20.9,20.9,9/16/04,TS
Henry Control,38216,38217,NA,2004,684,NA,8,17.6,16.7,8/17/04,TS
Henry Control,38239,38240,NA,2004,687,NA,15,19.4,18.2,9/9/04,TS
Henry Control,38258,38259,NA,2004,690,NA,14,13.6,13.6,9/28/04,TS
Henry Experimental,38218,38219,NA,2004,684,NA,8,20.9,21.4,8/19/04,TS
Henry Experimental,38238,38239,NA,2004,687,NA,20,19.7,19.7,9/8/04,TS
Henry Experimental,38260,38261,NA,2004,690,NA,8,7.5,7.5,9/30/04,TS
Tea Control,38211,38212,NA,2004,683,NA,25,39.9,39.9,8/12/04,TS
Tea Control,38230,38231,NA,2004,686,NA,33,38.6,38.2,8/31/04,TS
Tea Control,38253,38254,NA,2004,689,NA,29,28.7,28.7,9/23/04,TS
Tea Experimental,38209,38210,NA,2004,683,NA,28,43.8,43.7,8/10/04,TS
Tea Experimental,38232,38233,NA,2004,686,NA,40,53.4,54.2,9/2/04,TS
Tea Experimental,38251,38252,NA,2004,689,NA,22,27.6,27.5,9/21/04,TS
Green Control,38582,38583,NA,2005,736,NA,5,16.8,14.8,8/18/05,TS
Green Control,38602,38603,NA,2005,739,NA,8,7.9,7.9,9/7/05,TS
Green Control,38624,38625,NA,2005,742,NA,3,10,8,9/29/05,TS
Green Experimental,38580,38581,NA,2005,736,NA,1,16,8,8/16/05,TS
Green Experimental,38603,38604,NA,2005,739,NA,2,4,4,9/8/05,TS
Green Experimental,38622,38623,NA,2005,742,NA,6,5.6,5.6,9/27/05,TS
Henry Control,38575,38576,NA,2005,735,NA,0,0,0,8/11/05,TS
Henry Control,38596,38597,NA,2005,738,NA,1,3,3,9/1/05,TS
Henry Control,38615,38616,NA,2005,741,NA,3,2,2,9/20/05,TS
Henry Experimental,38573,38574,NA,2005,735,NA,2,3,3,8/9/05,TS
Henry Experimental,38594,38595,NA,2005,738,NA,2,3.5,3.5,8/30/05,TS
Henry Experimental,38617,38618,NA,2005,741,NA,3,5,6,9/22/05,TS
Tea Control,38566,38567,NA,2005,734,NA,3,18.7,14.7,8/2/05,TS
Tea Control,38589,38590,NA,2005,737,NA,1,28,14,8/25/05,TS
Tea Control,38610,38611,NA,2005,740,NA,4,8.8,8.8,9/15/05,TS
Tea Experimental,38568,38569,NA,2005,734,NA,0,0,0,8/4/05,TS
Tea Experimental,38587,38588,NA,2005,737,NA,2,2,2,8/23/05,TS
Tea Experimental,38608,38609,NA,2005,740,NA,3,3,3,9/13/05,TS
Green Control,38944,38945,NA,2006,788,NA,20,38.13,36.39,8/15/06,TS
Green Control,38965,38966,NA,2006,791,NA,16,33.38,32.87,9/5/06,TS
Green Control,38986,38987,NA,2006,794,NA,16,35.42,33.8,9/26/06,TS
Green Experimental,38946,38947,NA,2006,788,NA,14,27.32,27.56,8/17/06,TS
Green Experimental,38967,38968,NA,2006,791,NA,11,26,26,9/7/06,TS
Green Experimental,38988,38989,NA,2006,794,NA,11,22.32,22.8,9/28/06,TS
Henry Control,38932,38933,NA,2006,786,NA,6,7.56,7,8/3/06,TS
Henry Control,38951,38952,NA,2006,789,NA,3,5,5,8/22/06,TS
Henry Control,38972,38973,NA,2006,792,NA,0,0,0,9/12/06,TS
Henry Experimental,38930,38931,NA,2006,786,NA,7,13,13,8/1/06,TS
Henry Experimental,38953,38954,NA,2006,789,NA,6,16.72,17.03,8/24/06,TS
Henry Experimental,38974,38975,NA,2006,792,NA,11,16.52,16.91,9/14/06,TS
Tea Control,38937,38938,NA,2006,787,NA,11,12.24,12.3,8/8/06,TS
Tea Control,38960,38961,NA,2006,790,NA,5,10,10,8/31/06,TS
Tea Control,38981,38982,NA,2006,793,NA,5,17.1,15,9/21/06,TS
Tea Experimental,38939,38940,NA,2006,787,NA,12,17.33,16.58,8/10/06,TS
Tea Experimental,38958,38959,NA,2006,790,NA,10,13.81,13.44,8/29/06,TS
Tea Experimental,38979,38980,NA,2006,793,NA,19,18.46,18.46,9/19/06,TS
Green Control,39296,39297,NA,2007,838,NA,28,52.12,49.49,8/2/07,TS
Green Control,39322,39323,NA,2007,842,NA,23,39.74,37.8,8/28/07,TS
Green Control,39343,39344,NA,2007,845,NA,22,29.03,28.72,9/18/07,TS
Green Experimental,39294,39295,NA,2007,838,NA,14,31.15,31.57,7/31/07,TS
Green Experimental,39324,39325,NA,2007,842,NA,16,34.84,32.79,8/30/07,TS
Green Experimental,39345,39346,NA,2007,845,NA,17,26,26,9/20/07,TS
Henry Control,39315,39316,NA,2007,841,NA,10,15.75,15.28,8/21/07,TS
Henry Control,39338,39339,NA,2007,844,NA,12,13.68,13.77,9/13/07,TS
Henry Control,39357,39358,NA,2007,847,NA,11,11,11,10/2/07,TS
Henry Experimental,39317,39318,NA,2007,841,NA,3,11,11,8/23/07,TS
Henry Experimental,39336,39337,NA,2007,844,NA,10,17.84,16.38,9/11/07,TS
Tea Control,39303,39304,NA,2007,839,NA,13,39.56,38.03,8/9/07,TS
Tea Control,39329,39330,NA,2007,843,NA,18,33.81,33.08,9/4/07,TS
Tea Control,39352,39353,NA,2007,846,NA,34,37.71,37.45,9/27/07,TS
Tea Experimental,39301,39302,NA,2007,839,NA,12,21,21,8/7/07,TS
Tea Experimental,39331,39332,NA,2007,843,NA,19,25.24,25.04,9/6/07,TS
Tea Experimental,39350,39351,NA,2007,846,NA,24,27.61,27.7,9/25/07,TS
Green Control,39660,39661,NA,2008,890,NA,15,29.93,29.93,7/31/08,TS
Green Control,39681,39682,NA,2008,893,NA,15,29.86,29.86,8/21/08,TS
Green Control,39702,39703,NA,2008,896,NA,22,30,30,9/11/08,TS
Green Control,39723,39724,NA,2008,899,NA,15,19.69,18.99,10/2/08,TS
Green Experimental,39658,39659,NA,2008,890,NA,13,21.09,21.15,7/29/08,TS
Green Experimental,39679,39680,NA,2008,893,NA,11,22.55,21.58,8/19/08,TS
Green Experimental,39700,39701,NA,2008,896,NA,10,22,22.35,9/9/08,TS
Green Experimental,39721,39722,NA,2008,899,NA,29,33.8,33,9/30/08,TS
Henry Control,39667,39668,NA,2008,891,NA,3,9.33,9.33,8/7/08,TS
Henry Control,39688,39689,NA,2008,894,NA,3,9.67,9.67,8/28/08,TS
Henry Control,39709,39710,NA,2008,897,NA,8,9.16,9.21,9/18/08,TS
Henry Experimental,39665,39666,NA,2008,891,NA,2,6,6,8/5/08,TS
Henry Experimental,39686,39687,NA,2008,894,NA,3,9.78,10.67,8/26/08,TS
Henry Experimental,39707,39708,NA,2008,897,NA,2,12.75,9,9/16/08,TS
Tea Control,39674,39675,NA,2008,892,NA,11,22.32,21.47,8/14/08,TS
Tea Control,39693,39694,NA,2008,895,NA,10,24.9,23.92,9/2/08,TS
Tea Control,39716,39717,NA,2008,898,NA,15,24.67,22.81,9/25/08,TS
Tea Experimental,39672,39673,NA,2008,892,NA,7,26.2,26.2,8/12/08,TS
Tea Experimental,39695,39696,NA,2008,895,NA,6,20.81,21.23,9/4/08,TS
Tea Experimental,39714,39715,NA,2008,898,NA,13,27.84,24.85,9/23/08,TS
Green Control,40029,40030,NA,2009,943,NA,20,29.88,29.88,8/4/09,TS
Green Control,40052,40053,NA,2009,946,NA,25,32.81,31.7,8/27/09,TS
Green Control,40073,40074,NA,2009,949,NA,14,24.35,24.35,9/17/09,TS
Green Experimental,40031,40032,NA,2009,943,NA,11,16.73,16.24,8/6/09,TS
Green Experimental,40050,40051,NA,2009,946,NA,13,14.65,14.58,8/25/09,TS
Green Experimental,40071,40072,NA,2009,949,NA,9,14.69,14.57,9/15/09,TS
Henry Control,40022,40023,NA,2009,942,NA,9,17.76,16.9,7/28/09,TS
Henry Control,40043,40044,NA,2009,945,NA,8,13.66,13.02,8/18/09,TS
Henry Control,40066,40067,NA,2009,948,NA,13,17.89,15.94,9/10/09,TS
Henry Control,40085,40086,NA,2009,951,NA,14,19.17,17.08,9/29/09,TS
Henry Experimental,40024,40025,NA,2009,942,NA,7,11.33,10.67,7/30/09,TS
Henry Experimental,40045,40046,NA,2009,945,NA,3,5.67,5.67,8/20/09,TS
Henry Experimental,40065,40066,NA,2009,948,NA,6,5.6,5.6,9/9/09,TS
Henry Experimental,40087,40088,NA,2009,951,NA,4,5,5,10/1/09,TS
Tea Control,40036,40037,NA,2009,944,NA,17,25.11,25.25,8/11/09,TS
Tea Control,40059,40060,NA,2009,947,NA,15,22.69,22.93,9/3/09,TS
Tea Control,40078,40079,NA,2009,950,NA,15,22.42,21.07,9/22/09,TS
Tea Experimental,40038,40039,NA,2009,944,NA,10,18.8,18.8,8/13/09,TS
Tea Experimental,40057,40058,NA,2009,947,NA,9,29.58,28.75,9/1/09,TS
Tea Experimental,40080,40081,NA,2009,950,NA,16,34.22,27.6,9/24/09,TS
Green Control,40409,40410,NA,2010,997,NA,16,30.51,29.29,8/19/10,TS
Green Control,40428,40429,NA,2010,1000,NA,18,21.59,21.4,9/7/10,TS
Green Control,40449,40450,NA,2010,1003,NA,17,23.73,21.51,9/28/10,TS
Green Experimental,40407,40408,NA,2010,997,NA,5,22.5,40.5,8/17/10,TS
Green Experimental,40430,40431,NA,2010,1000,NA,7,32,38.4,9/9/10,TS
Green Experimental,40451,40452,NA,2010,1003,NA,5,13.5,10.5,9/30/10,TS
Henry Control,40402,40403,NA,2010,996,NA,4,10,10,8/12/10,TS
Henry Control,40421,40422,NA,2010,999,NA,8,12.67,12.21,8/31/10,TS
Henry Control,40442,40443,NA,2010,1002,NA,5,9.8,9.8,9/21/10,TS
Henry Experimental,40400,40401,NA,2010,996,NA,6,10.2,10.2,8/10/10,TS
Henry Experimental,40423,40424,NA,2010,999,NA,2,7,7,9/2/10,TS
Henry Experimental,40444,40445,NA,2010,1002,NA,7,8.69,8.46,9/23/10,TS
Tea Control,40395,40396,NA,2010,995,NA,13,21.7,21.93,8/5/10,TS
Tea Control,40416,40417,NA,2010,998,NA,13,20.46,19.92,8/26/10,TS
Tea Control,40437,40438,NA,2010,1001,NA,8,18,16.88,9/16/10,TS
Tea Experimental,40393,40394,NA,2010,995,NA,9,24.03,24.46,8/3/10,TS
Tea Experimental,40414,40415,NA,2010,998,NA,13,19.46,19.46,8/24/10,TS
Tea Experimental,40435,40436,NA,2010,1001,NA,11,30.67,25.67,9/14/10,TS
Green Control,40759,40760,NA,2011,1047,NA,16,32.81,32.69,8/4/11,TS
Green Control,40780,40781,NA,2011,1050,NA,14,22.5,21.92,8/25/11,TS
Green Control,40801,40802,NA,2011,1053,NA,25,28.19,27.69,9/15/11,TS
Green Experimental,40757,40758,NA,2011,1047,NA,21,39.69,40.71,8/2/11,TS
Green Experimental,40778,40779,NA,2011,1050,NA,21,28.02,27.78,8/23/11,TS
Green Experimental,40799,40800,NA,2011,1053,NA,16,26.63,26.63,9/13/11,TS
Henry Control,40764,40765,NA,2011,1048,NA,9,25.5,25.5,8/9/11,TS
Henry Control,40787,40788,NA,2011,1051,NA,9,17.22,17.46,9/1/11,TS
Henry Control,40806,40807,NA,2011,1054,NA,16,20.14,19.09,9/20/11,TS
Henry Experimental,40766,40767,NA,2011,1048,NA,5,15.8,15.8,8/11/11,TS
Henry Experimental,40785,40786,NA,2011,1051,NA,10,14.74,14.79,8/30/11,TS
Henry Experimental,40808,40809,NA,2011,1054,NA,24,29.09,28.08,9/22/11,TS
Tea Control,40771,40772,NA,2011,1049,NA,14,45,40.85,8/16/11,TS
Tea Control,40792,40793,NA,2011,1052,NA,19,29.86,29.86,9/6/11,TS
Tea Control,40815,40816,NA,2011,1055,NA,26,37.96,34.5,9/29/11,TS
Tea Experimental,40773,40774,NA,2011,1049,NA,16,27.43,27.64,8/18/11,TS
Tea Experimental,40794,40795,NA,2011,1052,NA,13,34.61,31.5,9/8/11,TS
Tea Experimental,40813,40814,NA,2011,1055,NA,31,36.09,36.8,9/27/11,TS
Green Control,41128,41129,NA,2012,1100,NA,15,26.75,26.93,8/7/12,TS
Green Control,41150,41151,NA,2012,1103,NA,15,23,23,8/29/12,TS
Green Control,41170,41171,NA,2012,1106,NA,17,23.29,22.94,9/18/12,TS
Green Experimental,41130,41131,NA,2012,1100,NA,9,21.59,20.32,8/9/12,TS
Green Experimental,41151,41152,NA,2012,1103,NA,8,15.75,15.75,8/30/12,TS
Green Experimental,41172,41173,NA,2012,1106,NA,17,38.4,34.8,9/20/12,TS
Henry Control,41121,41122,NA,2012,1099,NA,5,11.25,9,7/31/12,TS
Henry Control,41142,41143,NA,2012,1102,NA,6,8.4,8.4,8/21/12,TS
Henry Control,41163,41164,NA,2012,1105,NA,14,27.19,20.63,9/11/12,TS
Henry Control,41184,41186,NA,2012,1108,NA,4,NA,NA,10/2/12,TS
Henry Experimental,41123,41124,NA,2012,1099,NA,12,20.94,19.68,8/2/12,TS
Henry Experimental,41144,41145,NA,2012,1102,NA,4,20.94,17.5,8/23/12,TS
Henry Experimental,41165,41166,NA,2012,1105,NA,17,16.8,16.8,9/13/12,TS
Henry Experimental,41185,41187,NA,2012,1108,NA,4,NA,NA,10/3/12,TS
Tea Control,41135,41136,NA,2012,1101,NA,18,20.62,20.66,8/14/12,TS
Tea Control,41156,41157,NA,2012,1104,NA,15,23.56,22.67,9/4/12,TS
Tea Control,41177,41178,NA,2012,1107,NA,19,18.82,18.82,9/25/12,TS
Tea Experimental,41137,41138,NA,2012,1101,NA,21,37.21,35.9,8/16/12,TS
Tea Experimental,41158,41159,NA,2012,1104,NA,33,39.88,39.54,9/6/12,TS
Tea Experimental,41179,41180,NA,2012,1107,NA,16,15.79,15.79,9/27/12,TS
Green Control,41492,41493,NA,2013,1152,NA,7,14.48,14.86,8/6/13,TS
Green Control,41515,41516,NA,2013,1155,NA,11,14.67,14.1,8/29/13,TS
Green Control,41536,41537,NA,2013,1158,NA,9,22.86,23.57,9/19/13,TS
Green Experimental,41494,41495,NA,2013,1152,NA,11,20.67,19.24,8/8/13,TS
Green Experimental,41513,41514,NA,2013,1155,NA,9,12.75,12.75,8/27/13,TS
Green Experimental,41534,41535,NA,2013,1158,NA,3,12.33,12.33,9/17/13,TS
Henry Control,41485,41486,NA,2013,1151,NA,4,7,7,7/30/13,TS
Henry Control,41508,41509,NA,2013,1154,NA,1,7,7,8/22/13,TS
Henry Control,41529,41530,NA,2013,1157,NA,4,11.5,11.5,9/12/13,TS
Henry Control,41548,41549,NA,2013,1160,NA,10,14.3,13.75,10/1/13,TS
Henry Experimental,41487,41488,NA,2013,1151,NA,7,8.33,8.33,8/1/13,TS
Henry Experimental,41506,41507,NA,2013,1154,NA,4,11.67,10,8/20/13,TS
Henry Experimental,41527,41528,NA,2013,1157,NA,5,16.5,16.5,9/10/13,TS
Henry Experimental,41550,41551,NA,2013,1160,NA,5,21,18,10/3/13,TS
Tea Control,41501,41502,NA,2013,1153,NA,4,8,8,8/15/13,TS
Tea Control,41522,41523,NA,2013,1156,NA,3,9.67,9.67,9/5/13,TS
Tea Control,41543,41544,NA,2013,1159,NA,11,12.34,12,9/26/13,TS
Tea Experimental,41499,41500,NA,2013,1153,NA,7,12.71,12.71,8/13/13,TS
Tea Experimental,41520,41521,NA,2013,1156,NA,10,15.54,15.28,9/3/13,TS
Tea Experimental,41541,41542,NA,2013,1159,NA,3,15.11,16.67,9/24/13,TS
Green Control,41858,41859,NA,2014,1204,NA,27,40.4,40.44,8/7/14,TS
Green Control,41871,41872,NA,2014,1206,NA,32,40.04,40.19,8/20/14,TS
Green Control,41885,41886,NA,2014,1208,NA,25,35.65,35.32,9/3/14,TS
Green Control,41900,41901,NA,2014,1210,NA,16,34,34.35,9/18/14,TS
Green Control,41915,41916,NA,2014,1212,NA,28,35.45,34.2,10/3/14,TS
Green Experimental,41856,41857,NA,2014,1204,NA,23,32.82,32.82,8/5/14,TS
Green Experimental,41869,41870,NA,2014,1206,NA,22,30,30,8/18/14,TS
Green Experimental,41883,41884,NA,2014,1208,NA,27,37.15,35.68,9/1/14,TS
Green Experimental,41898,41899,NA,2014,1210,NA,12,33.88,32.04,9/16/14,TS
Green Experimental,41912,41913,NA,2014,1212,NA,20,30.88,30.26,9/30/14,TS
Henry Control,41851,41852,NA,2014,1203,NA,6,9,9,7/31/14,TS
Henry Control,41864,41865,NA,2014,1205,NA,4,11.25,11.25,8/13/14,TS
Henry Control,41879,41880,NA,2014,1207,NA,5,15.6,13.8,8/28/14,TS
Henry Control,41892,41893,NA,2014,1209,NA,7,15.2,14.67,9/10/14,TS
Henry Control,41905,41906,NA,2014,1211,NA,5,14.4,12.8,9/23/14,TS
Henry Experimental,41849,41850,NA,2014,1203,NA,7,10.67,9.6,7/29/14,TS
Henry Experimental,41862,41863,NA,2014,1205,NA,5,10.2,9.3,8/11/14,TS
Henry Experimental,41877,41878,NA,2014,1207,NA,5,8.4,7.8,8/26/14,TS
Henry Experimental,41890,41891,NA,2014,1209,NA,4,6.5,6.5,9/8/14,TS
Henry Experimental,41905,41906,NA,2014,1211,NA,2,9,6,9/23/14,TS
Tea Control,41851,41852,NA,2014,1203,NA,16,21.96,22.01,7/31/14,TS
Tea Control,41864,41865,NA,2014,1205,NA,14,19,19,8/13/14,TS
Tea Control,41879,41880,NA,2014,1207,NA,15,22.69,22.24,8/28/14,TS
Tea Control,41892,41893,NA,2014,1209,NA,10,19.9,19.9,9/10/14,TS
Tea Control,41907,41908,NA,2014,1211,NA,16,25.22,24.19,9/25/14,TS
Tea Experimental,41849,41850,NA,2014,1203,NA,15,28.71,28.71,7/29/14,TS
Tea Experimental,41862,41863,NA,2014,1205,NA,10,29.26,27.5,8/11/14,TS
Tea Experimental,41877,41878,NA,2014,1207,NA,15,30.53,28.57,8/26/14,TS
Tea Experimental,41890,41891,NA,2014,1209,NA,23,30.48,29.92,9/8/14,TS
Tea Experimental,41907,41908,NA,2014,1211,NA,12,23.82,23.82,9/25/14,TS
Green Control,42234,42235,NA,2015,1258,NA,24,39.65,38.57,8/18/15,TS
Green Control,42257,42258,NA,2015,1261,NA,20,30.98,31.15,9/10/15,TS
Green Control,42276,42277,NA,2015,1264,NA,2,32.5,31.37,9/29/15,TS
Green Experimental,42236,42237,NA,2015,1258,NA,16,31.28,30.44,8/20/15,TS
Green Experimental,42255,42256,NA,2015,1261,NA,20,30.82,30.39,9/8/15,TS
Green Experimental,42278,42279,NA,2015,1264,NA,22,32.96,31.29,10/1/15,TS
Henry Control,42227,42228,NA,2015,1257,NA,14,25,23.75,8/11/15,TS
Henry Control,42250,42251,NA,2015,1260,NA,11,16.33,16.33,9/3/15,TS
Henry Control,42271,42272,NA,2015,1263,NA,16,16,16,9/24/15,TS
Henry Experimental,42229,42230,NA,2015,1257,NA,7,17.83,16.46,8/13/15,TS
Henry Experimental,42248,42249,NA,2015,1260,NA,5,12.5,12.5,9/1/15,TS
Henry Experimental,42269,42270,NA,2015,1263,NA,11,12.5,12.21,9/22/15,TS
Tea Control,42220,42221,NA,2015,1256,NA,16,23.84,23.38,8/4/15,TS
Tea Control,42241,42242,NA,2015,1259,NA,16,24.37,23.87,8/25/15,TS
Tea Control,42261,42262,NA,2015,1262,NA,16,24.86,24.37,9/14/15,TS
Tea Experimental,42222,42223,NA,2015,1256,NA,14,35.82,35.82,8/6/15,TS
Tea Experimental,42243,42244,NA,2015,1259,NA,17,31.6,30.79,8/27/15,TS
Tea Experimental,42263,42264,NA,2015,1262,NA,13,24.45,24.45,9/16/15,TS
Green Control,42586,42587,NA,2016,1308,NA,36,55.14,55.92,8/4/16,TS
Green Control,42605,42606,NA,2016,1311,NA,29,57.61,56.66,8/23/16,TS
Green Control,42626,42627,NA,2016,1314,NA,17,48.54,45,9/13/16,TS
Green Experimental,42584,42585,NA,2016,1308,NA,21,45.11,44.71,8/2/16,TS
Green Experimental,42607,42608,NA,2016,1311,NA,20,31.5,31.2,8/25/16,TS
Green Experimental,42627,42628,NA,2016,1314,NA,15,27.9,27.57,9/14/16,TS
Henry Control,42631,42632,NA,2016,1310,NA,25,21.67,21.67,9/18/16,TS
Henry Control,42621,42622,NA,2016,1313,NA,21,23.67,23.29,9/8/16,TS
Henry Control,42642,42643,NA,2016,1316,NA,9,9,9,9/29/16,TS
Henry Experimental,42598,42599,NA,2016,1310,NA,11,9.6,9.6,8/16/16,TS
Henry Experimental,42619,42620,NA,2016,1313,NA,14,15.5,15.51,9/6/16,TS
Henry Experimental,42640,42641,NA,2016,1316,NA,16,28.59,32.45,9/27/16,TS
Tea Control,42593,42594,NA,2016,1309,NA,24,42.03,41.56,8/11/16,TS
Tea Control,42612,42613,NA,2016,1312,NA,24,41.21,39.82,8/30/16,TS
Tea Control,42635,42636,NA,2016,1315,NA,22,21.72,21.72,9/22/16,TS
Tea Experimental,42591,42592,NA,2016,1309,NA,25,61.18,61.27,8/9/16,TS
Tea Experimental,42614,42615,NA,2016,1312,NA,24,50.6,48.86,9/1/16,TS
Tea Experimental,42633,42634,NA,2016,1315,NA,34,33.94,33.94,9/20/16,TS
Green Control,42962,42963,NA,2017,1362,NA,19,31.59,30.32,8/15/17,TS
Green Control,42985,42986,NA,2017,1365,NA,17,27.6,25.8,9/7/17,TS
Green Control,43006,43007,NA,2017,1368,NA,18,21.96,22.02,9/28/17,TS
Green Experimental,42964,42965,NA,2017,1362,NA,17,26.6,26.6,8/17/17,TS
Green Experimental,42983,42984,NA,2017,1365,NA,17,25.73,25.28,9/5/17,TS
Green Experimental,43004,43005,NA,2017,1368,NA,26,34.06,33.01,9/26/17,TS
Henry Control,42957,42958,NA,2017,1361,NA,6,26.83,23.8,8/10/17,TS
Henry Control,42976,42977,NA,2017,1364,NA,5,18,18,8/29/17,TS
Henry Control,42997,42998,NA,2017,1367,NA,18,23.97,22.99,9/19/17,TS
Henry Experimental,42955,42956,NA,2017,1361,NA,5,6.24,6,8/8/17,TS
Henry Experimental,42978,42979,NA,2017,1364,NA,1,20,10,8/31/17,TS
Henry Experimental,42999,43000,NA,2017,1367,NA,6,8.05,7.93,9/21/17,TS
Tea Control,42950,42951,NA,2017,1360,NA,7,26,26,8/3/17,TS
Tea Control,42969,42970,NA,2017,1363,NA,22,30.3,30.02,8/22/17,TS
Tea Control,42992,42993,NA,2017,1366,NA,18,25.47,25.07,9/14/17,TS
Tea Experimental,42948,42949,NA,2017,1360,NA,31,38.94,38.69,8/1/17,TS
Tea Experimental,42971,42972,NA,2017,1363,NA,21,42.41,41.61,8/24/17,TS
Tea Experimental,42990,42991,NA,2017,1366,NA,35,47.34,45,9/12/17,TS
Green Control,43319,43320,NA,2018,1413,NA,26,96.19,100.91,8/7/18,TS
Green Control,43342,43343,NA,2018,1416,NA,49,95.48,89.12,8/30/18,TS
Green Control,43363,43364,NA,2018,1419,NA,72,71.6,71.6,9/20/18,TS
Green Experimental,43321,43322,NA,2018,1413,NA,17,66.31,61.71,8/9/18,TS
Green Experimental,43340,43341,NA,2018,1416,NA,40,67.65,65.72,8/28/18,TS
Green Experimental,43361,43362,NA,2018,1419,NA,70,107.37,103.9,9/18/18,TS
Henry Control,43328,43329,NA,2018,1414,NA,18,34.22,33.72,8/16/18,TS
Henry Control,43349,43350,NA,2018,1417,NA,17,32.74,29.18,9/6/18,TS
Henry Control,43370,43371,NA,2018,1420,NA,28,NA,NA,9/27/18,TS
Henry Experimental,43326,43327,NA,2018,1414,NA,35,61.96,47.67,8/14/18,TS
Henry Experimental,43347,43348,NA,2018,1417,NA,28,44.83,43.83,9/4/18,TS
Henry Experimental,43368,43369,NA,2018,1420,NA,36,NA,NA,9/25/18,TS
Tea Control,43312,43313,NA,2018,1412,NA,15,44.78,43.65,7/31/18,TS
Tea Control,43333,43334,NA,2018,1415,NA,18,40.38,38.4,8/21/18,TS
Tea Control,43354,43355,NA,2018,1418,NA,28,61.48,56.84,9/11/18,TS
Tea Experimental,43314,43315,NA,2018,1412,NA,30,50.54,50.32,8/2/18,TS
Tea Experimental,43335,43336,NA,2018,1415,NA,35,44.57,44.66,8/23/18,TS
Tea Experimental,43356,43357,NA,2018,1418,NA,40,39.79,39.79,9/13/18,TS
Green Control,43683,43684,NA,2019,1465,NA,35,51.24,51.08,8/6/19,TS
Green Control,43704,43705,NA,2019,1468,NA,27,45.21,45.5,8/27/19,TS
Green Control,43696,43697,NA,2019,1471,NA,20,43.11,42.06,8/19/19,TS
Green Experimental,43685,43686,NA,2019,1465,NA,29,50.44,48.96,8/8/19,TS
Green Experimental,43706,43707,NA,2019,1468,NA,32,50.05,49.67,8/29/19,TS
Green Experimental,43725,43726,NA,2019,1471,NA,28,55.41,53.51,9/17/19,TS
Henry Control,43676,43677,NA,2019,1464,NA,12,26,24.92,7/30/19,TS
Henry Control,43699,43700,NA,2019,1467,NA,9,33.33,32.33,8/22/19,TS
Henry Control,43720,43721,NA,2019,1470,NA,7,19,19,9/12/19,TS
Henry Control,43739,43740,NA,2019,1473,NA,18,27.76,26.37,10/1/19,TS
Henry Experimental,43678,43679,NA,2019,1464,NA,12,35.29,30.64,8/1/19,TS
Henry Experimental,43697,43698,NA,2019,1467,NA,11,19,19,8/20/19,TS
Henry Experimental,43718,43719,NA,2019,1470,NA,10,24.75,22.46,9/10/19,TS
Henry Experimental,43741,43742,NA,2019,1473,NA,16,39.66,32.58,10/3/19,TS
Tea Control,43690,43691,NA,2019,1466,NA,8,19.69,18.38,8/13/19,TS
Tea Control,43711,43712,NA,2019,1469,NA,4,14.67,14.67,9/3/19,TS
Tea Control,43734,43735,NA,2019,1472,NA,6,14,12.83,9/26/19,TS
Tea Experimental,43691,43692,NA,2019,1466,NA,17,27.11,26.47,8/14/19,TS
Tea Experimental,43713,43714,NA,2019,1469,NA,15,34.46,32.37,9/5/19,TS
Tea Experimental,43732,43733,NA,2019,1472,NA,16,35.7,34.82,9/24/19,TS
Green Control,44049,44050,NA,2020,1517,NA,60,NA,NA,8/6/20,TS
Green Control,44068,44069,NA,2020,1520,NA,54,63.95,64.72,8/25/20,TS
Green Control,44098,44099,NA,2020,1524,NA,47,NA,NA,9/24/20,TS
Green Experimental,44047,44048,NA,2020,1517,NA,12,NA,NA,8/4/20,TS
Green Experimental,44070,44071,NA,2020,1520,NA,29,36.03,34.82,8/27/20,TS
Green Experimental,44096,44097,NA,2020,1524,NA,48,NA,NA,9/22/20,TS
Henry Control,44040,44041,NA,2020,1516,NA,38,NA,NA,7/28/20,TS
Henry Control,44061,44062,NA,2020,1519,NA,23,40.53,42.22,8/18/20,TS
Henry Control,44089,44090,NA,2020,1523,NA,39,NA,NA,9/15/20,TS
Henry Experimental,44042,44043,NA,2020,1516,NA,25,NA,NA,7/30/20,TS
Henry Experimental,44063,44064,NA,2020,1519,NA,33,44.87,42.93,8/20/20,TS
Henry Experimental,44091,44092,NA,2020,1523,NA,37,NA,NA,9/17/20,TS
Tea Control,44054,44055,NA,2020,1518,NA,16,21.53,21.91,8/11/20,TS
Tea Control,44084,44085,NA,2020,1522,NA,20,NA,NA,9/10/20,TS
Tea Experimental,44056,44057,NA,2020,1518,NA,72,94.28,92.42,8/13/20,TS
Tea Experimental,44082,44083,NA,2020,1522,NA,90,NA,NA,9/8/20,TS
Green Control,44425,44426,NA,2021,1571,14,11,13.82,13.91,8/17/21,TS
Green Control,44448,44449,NA,2021,1574,12,11,NA,NA,9/9/21,TS
Green Experimental,44427,44428,NA,2021,1571,21,21,20.78,20.78,8/19/21,TS
Green Experimental,44453,44454,NA,2021,1575,19,12,NA,NA,9/14/21,TS
Henry Control,44411,44412,NA,2021,1569,21,16,20.11,19.86,8/3/21,TS
Henry Control,44431,44432,NA,2021,1572,19,16,NA,NA,8/23/21,TS
Henry Experimental,44413,44414,NA,2021,1569,14,11,13.09,12.91,8/5/21,TS
Henry Experimental,44434,44435,NA,2021,1572,11,8,NA,NA,8/26/21,TS
Tea Control,44418,44419,NA,2021,1570,6,4,6.88,7.08,8/10/21,TS
Tea Control,44446,44447,NA,2021,1574,7,6,NA,NA,9/7/21,TS
Tea Experimental,44420,44421,NA,2021,1570,16,12,17.55,17.12,8/12/21,TS
Tea Experimental,44439,44440,NA,2021,1573,11,7,NA,NA,8/31/21,TS
Green Control,44789,44790,NA,2022,1623,15,NA,NA,NA,8/16/22,TS
Green Control,44817,44818,NA,2022,1627,12,NA,NA,NA,9/13/22,TS
Green Experimental,44791,44792,NA,2022,1623,35,NA,NA,NA,8/18/22,TS
Green Experimental,44811,44812,NA,2022,1626,31,NA,NA,NA,9/7/22,TS
Henry Control,44777,44778,NA,2022,1621,14,NA,NA,NA,8/4/22,TS
Henry Control,44798,44799,NA,2022,1624,12,NA,NA,NA,8/25/22,TS
Henry Experimental,44775,44776,NA,2022,1621,32,NA,NA,NA,8/2/22,TS
Henry Experimental,44796,44797,NA,2022,1624,30,NA,NA,NA,8/23/22,TS
Tea Control,44782,44783,NA,2022,1622,12,NA,NA,NA,8/9/22,TS
Tea Control,44805,44806,NA,2022,1625,13,NA,NA,NA,9/1/22,TS
Tea Experimental,44784,44785,NA,2022,1622,13,NA,NA,NA,8/11/22,TS
Tea Experimental,44803,44804,NA,2022,1625,17,NA,NA,NA,8/30/22,TS