Latitude & Longitude in Decimal Degrees,,,,,,,,,,,,,,,,,,,,,,,,,,,,,,,,,,,,,,,,,,,,,,,,,,,,,,,,,
Identification Information,LATITUDE,LONGITUDE,IES Project #(s),Comments (colored rows = coords in Fld Res Database),,,,,,,,,,,,,,,,,,,,,,,,,,,,,,,,,,,,,,,,,,,,,,,PROXIMITY,,,,,SYMBOL,;waypts
CP502,N41.793441,W073.741136,430 & 1370,"Began as project 430, subset of 430 plots used in proj. 1370",,,,,,,,,,,,,,,,,,,,,,,,,,,,,,,,,,0,,,,,,,,,,,,,,,,,,,
CP598,N41.794331,W073.737858,430 & 1370,"Began as project 430, subset of 430 plots used in proj. 1370",,,,,,,,,,,,,,,,,,,,,,,,,,,,,,,,,,0,,,,,,,,,,,,,,,,,,,
CP600,N41.792700,W073.737359,430 & 1370,"Began as project 430, subset of 430 plots used in proj. 1370",,,,,,,,,,,,,,,,,,,,,,,,,,,,,,,,,,0,,,,,,,,,,,,,,,,,,,
CP605,N41.788623,W073.737467,430 & 1370,"Began as project 430, subset of 430 plots used in proj. 1370",,,,,,,,,,,,,,,,,,,,,,,,,,,,,,,,,,0,,,,,,,,,,,,,,,,,,,
CP626,N41.789562,W073.736560,430 & 1370,"Began as project 430, subset of 430 plots used in proj. 1370",,,,,,,,,,,,,,,,,,,,,,,,,,,,,,,,,,0,,,,,,,,,,,,,,,,,,,
CP634,N41.796852,W073.735766,430 & 1370,"Began as project 430, subset of 430 plots used in proj. 1370",,,,,,,,,,,,,,,,,,,,,,,,,,,,,,,,,,0,,,,,,,,,,,,,,,,,,,
CP635,N41.797416,W073.736469,430 & 1370,"Began as project 430, subset of 430 plots used in proj. 1370",,,,,,,,,,,,,,,,,,,,,,,,,,,,,,,,,,0,,,,,,,,,,,,,,,,,,,
CP637,N41.799588,W073.736866,430 & 1370,"Began as project 430, subset of 430 plots used in proj. 1370",,,,,,,,,,,,,,,,,,,,,,,,,,,,,,,,,,0,,,,,,,,,,,,,,,,,,,
CP664,N41.795957,W073.734806,430 & 1370,"Began as project 430, subset of 430 plots used in proj. 1370",,,,,,,,,,,,,,,,,,,,,,,,,,,,,,,,,,0,,,,,,,,,,,,,,,,,,,
CP667,N41.793870,W073.735423,430 & 1370,"Began as project 430, subset of 430 plots used in proj. 1370",,,,,,,,,,,,,,,,,,,,,,,,,,,,,,,,,,0,,,,,,,,,,,,,,,,,,,
CP672,N41.788854,W073.734731,430 & 1370,"Began as project 430, subset of 430 plots used in proj. 1370",,,,,,,,,,,,,,,,,,,,,,,,,,,,,,,,,,0,,,,,,,,,,,,,,,,,,,
CP698,N41.793264,W073.733808,430 & 1370,"Began as project 430, subset of 430 plots used in proj. 1370",,,,,,,,,,,,,,,,,,,,,,,,,,,,,,,,,,0,,,,,,,,,,,,,,,,,,,
CP702,N41.796745,W073.733910,430 & 1370,"Began as project 430, subset of 430 plots used in proj. 1370",,,,,,,,,,,,,,,,,,,,,,,,,,,,,,,,,,0,,,,,,,,,,,,,,,,,,,
CP739,N41.791628,W073.733025,430 & 1370,"Began as project 430, subset of 430 plots used in proj. 1370",,,,,,,,,,,,,,,,,,,,,,,,,,,,,,,,,,0,,,,,,,,,,,,,,,,,,,
CP740,N41.790587,W073.732869,430 & 1370,"Began as project 430, subset of 430 plots used in proj. 1370",,,,,,,,,,,,,,,,,,,,,,,,,,,,,,,,,,0,,,,,,,,,,,,,,,,,,,
CP761,N41.788886,W073.732081,430 & 1370,"Began as project 430, subset of 430 plots used in proj. 1370",,,,,,,,,,,,,,,,,,,,,,,,,,,,,,,,,,0,,,,,,,,,,,,,,,,,,,
CP771,N41.797770,W073.731834,430 & 1370,"Began as project 430, subset of 430 plots used in proj. 1370",,,,,,,,,,,,,,,,,,,,,,,,,,,,,,,,,,0,,,,,,,,,,,,,,,,,,,
CP805,N41.794980,W073.730391,430 & 1370,"Began as project 430, subset of 430 plots used in proj. 1370",,,,,,,,,,,,,,,,,,,,,,,,,,,,,,,,,,0,,,,,,,,,,,,,,,,,,,
CP808,N41.790430,W073.730520,430 & 1370,"Began as project 430, subset of 430 plots used in proj. 1371",,,,,,,,,,,,,,,,,,,,,,,,,,,,,,,,,,,,,,,,,,,,,,,,,,,,,
CP854,N41.798870,W073.728410,430 & 1370,"Began as project 430, subset of 430 plots used in proj. 1372",,,,,,,,,,,,,,,,,,,,,,,,,,,,,,,,,,,,,,,,,,,,,,,,,,,,,
FRSTDA,N41.793398,W073.733073,1400 & 1370,Off-shoot of FORSTAD (project # 1370),,,,,,,,,,,,,,,,,,,,,,,,,,,,,,,,,0,,,,,,,,,,,,,,,,,,,,
FRSTDB,N41.795345,W073.736914,1400 & 1370,Off-shoot of FORSTAD (project # 1370),,,,,,,,,,,,,,,,,,,,,,,,,,,,,,,,,0,,,,,,,,,,,,,,,,,,,,
HWA NCA,N41.797534,W073.735256,2090,Hemlock Wholly Adelgid site,,,,,,,,,,,,,,,,,,,,,,,,,,,,,,,,,0,,,,,,,,,,,,,,,,,,,,
HWA NCB,N41.797625,W073.736024,2090,Hemlock Wholly Adelgid site,,,,,,,,,,,,,,,,,,,,,,,,,,,,,,,,,0,,,,,,,,,,,,,,,,,,,,
HWA GHA,N41.794300,W073.730520,2090,Hemlock Wholly Adelgid site,,,,,,,,,,,,,,,,,,,,,,,,,,,,,,,,,,,,,,,,,,,,,,,,,,,,,
HWA GHB,N41.790680,W073.730320,2090,Hemlock Wholly Adelgid site,,,,,,,,,,,,,,,,,,,,,,,,,,,,,,,,,,,,,,,,,,,,,,,,,,,,,
SOL,N41.790764,W073.734607,2090,Hemlock bark beetle collection site,,,,,,,,,,,,,,,,,,,,,,,,,,,,,,,,,,,,0,,,,,,,,,,,,,,,,,
THOL,N41.791075,W073.736329,2090,"Tea Hse overlook area, prelim H.W. Adelgid site",,,,,,,,,,,,,,,,,,,,,,,,,,,,,,,,,,,0,,,,,,,,,,,,,,,,,,
LTRBAF,N41.793092,W073.733331,2050,Nutrient cycling LTREB site,,,,,,,,,,,,,,,,,,,,,,,,,,,,,,,,,0,,,,,,,,,,,,,,,,,,,,
LTRBBF,N41.795597,W073.736120,2050,Nutrient cycling LTREB site,,,,,,,,,,,,,,,,,,,,,,,,,,,,,,,,,0,,,,,,,,,,,,,,,,,,,,
LTRBCF,N41.795130,W073.735112,2050,Nutrient cycling LTREB site,,,,,,,,,,,,,,,,,,,,,,,,,,,,,,,,,0,,,,,,,,,,,,,,,,,,,,
LTRBCU,N41.795190,W073.734827,2050,Nutrient cycling LTREB site,,,,,,,,,,,,,,,,,,,,,,,,,,,,,,,,,0,,,,,,,,,,,,,,,,,,,,
LTRBDF,N41.797652,W073.732424,2050,Nutrient cycling LTREB site,,,,,,,,,,,,,,,,,,,,,,,,,,,,,,,,,0,,,,,,,,,,,,,,,,,,,,
LTRBDU,N41.797936,W073.732445,2050,Nutrient cycling LTREB site,,,,,,,,,,,,,,,,,,,,,,,,,,,,,,,,,0,,,,,,,,,,,,,,,,,,,,
LTRBEF,N41.798853,W073.732553,2050,Nutrient cycling LTREB site,,,,,,,,,,,,,,,,,,,,,,,,,,,,,,,,,0,,,,,,,,,,,,,,,,,,,,
LTRBEU,N41.799084,W073.732563,2050,Nutrient cycling LTREB site,,,,,,,,,,,,,,,,,,,,,,,,,,,,,,,,,0,,,,,,,,,,,,,,,,,,,,
LTRBFF,N41.799095,W073.733331,2050,Nutrient cycling LTREB site,,,,,,,,,,,,,,,,,,,,,,,,,,,,,,,,,0,,,,,,,,,,,,,,,,,,,,
LTRBFU,N41.799288,W073.733336,2050,Nutrient cycling LTREB site,,,,,,,,,,,,,,,,,,,,,,,,,,,,,,,,,0,,,,,,,,,,,,,,,,,,,,
RCA1,N41.803156,W073.721642,1370,Henry Farm (Red) control grid. Corner of trapping grid,,,,,,,,,,,,,,,,,,,,,,,,,,,,,,,,,,,0,,,,,,,,,,,,,,,,,,
RCA11,N41.804577,W073.721813,1370,Henry Farm (Red) control grid. Corner of trapping grid,,,,,,,,,,,,,,,,,,,,,,,,,,,,,,,,,,0,,,,,,,,,,,,,,,,,,,
RCK1,N41.803354,W073.720048,1370,Henry Farm (Red) control grid. Corner of trapping grid,,,,,,,,,,,,,,,,,,,,,,,,,,,,,,,,,,,0,,,,,,,,,,,,,,,,,,
RCK11,N41.804711,W073.720461,1370,Henry Farm (Red) control grid. Corner of trapping grid,,,,,,,,,,,,,,,,,,,,,,,,,,,,,,,,,,0,,,,,,,,,,,,,,,,,,,
REA1,N41.802217,W073.725450,1370,Henry Farm (Red) experimental grid. Corner of trapping grid,,,,,,,,,,,,,,,,,,,,,,,,,,,,,,,,,,,0,,,,,,,,,,,,,,,,,,
REA10,N41.803494,W073.726411,1370,Henry Farm (Red) experimental grid. Corner of trapping grid,,,,,,,,,,,,,,,,,,,,,,,,,,,,,,,,,,0,,,,,,,,,,,,,,,,,,,
REL1,N41.802678,W073.723465,1370,Henry Farm (Red) experimental grid. Corner of trapping grid,,,,,,,,,,,,,,,,,,,,,,,,,,,,,,,,,,,0,,,,,,,,,,,,,,,,,,
REL10,N41.803848,W073.724254,1370,Henry Farm (Red) experimental grid. Corner of trapping grid,,,,,,,,,,,,,,,,,,,,,,,,,,,,,,,,,,0,,,,,,,,,,,,,,,,,,,
YCA1,N41.793532,W073.732226,1370,Tea Hse (Yellow) control grid. Corner of trapping grid,,,,,,,,,,,,,,,,,,,,,,,,,,,,,,,,,,,0,,,,,,,,,,,,,,,,,,
YCA11,N41.794803,W073.731523,1370,Tea Hse (Yellow) control grid. Corner of trapping grid,,,,,,,,,,,,,,,,,,,,,,,,,,,,,,,,,,0,,,,,,,,,,,,,,,,,,,
YCK1,N41.793065,W073.730772,1370,Tea Hse (Yellow) control grid. Corner of trapping grid,,,,,,,,,,,,,,,,,,,,,,,,,,,,,,,,,,,0,,,,,,,,,,,,,,,,,,
YCK11,N41.794025,W073.730064,1370,Tea Hse (Yellow) control grid. Corner of trapping grid,,,,,,,,,,,,,,,,,,,,,,,,,,,,,,,,,,0,,,,,,,,,,,,,,,,,,,
YE A1,N41.796190,W073.729260,1370,"Tea Hse (Yellow) experimental grid. Corner of trapping grid, Joe's Gulley",,,,,,,,,,,,,,,,,,,,,,,,,,,,,,,,,,,,,,,,,,,,,,,,,,,,,
YE A11,N41.796200,W073.727550,1370,"Tea Hse (Yellow) experimental grid. Corner of trapping grid, Joe's Gulley",,,,,,,,,,,,,,,,,,,,,,,,,,,,,,,,,,,,,,,,,,,,,,,,,,,,,
YE K11,N41.795120,W073.727160,1370,"Tea Hse (Yellow) experimental grid. Corner of trapping grid, Joe's Gulley",,,,,,,,,,,,,,,,,,,,,,,,,,,,,,,,,,,,,,,,,,,,,,,,,,,,,
YE K1,N41.794930,W073.728750,1370,"Tea Hse (Yellow) experimental grid. Corner of trapping grid, Joe's Gulley",,,,,,,,,,,,,,,,,,,,,,,,,,,,,,,,,,,,,,,,,,,,,,,,,,,,,
GC A1,N41.793760,W073.767730,1370,Greenhouse (Green) control grid. Corner of trapping grid (West grid),,,,,,,,,,,,,,,,,,,,,,,,,,,,,,,,,,,,,,,,,,,,,,,,,,,,,
GC A11,N41.793530,W073.769390,1370,Greenhouse (Green) control grid. Corner of trapping grid (West grid),,,,,,,,,,,,,,,,,,,,,,,,,,,,,,,,,,,,,,,,,,,,,,,,,,,,,
GC K11,N41.794560,W073.769980,1370,Greenhouse (Green) control grid. Corner of trapping grid (West grid),,,,,,,,,,,,,,,,,,,,,,,,,,,,,,,,,,,,,,,,,,,,,,,,,,,,,
GC K1,N41.795100,W073.768243,1370,Greenhouse (Green) control grid. Corner of trapping grid (West grid),,,,,,,,,,,,,,,,,,,,,,,,,,,,,,,,,,,,,,,,,,,,,,,,,,,,,
GE A1,N41.793590,W073.762980,1370,Greenhouse (Green) experimental grid. Corner of trapping grid (East grid),,,,,,,,,,,,,,,,,,,,,,,,,,,,,,,,,,,,,,,,,,,,,,,,,,,,,
GE A11,N41.792280,W073.762570,1370,Greenhouse (Green) experimental grid. Corner of trapping grid (East grid),,,,,,,,,,,,,,,,,,,,,,,,,,,,,,,,,,,,,,,,,,,,,,,,,,,,,
GE K11,N41.792190,W073.764520,1370,Greenhouse (Green) experimental grid. Corner of trapping grid (East grid),,,,,,,,,,,,,,,,,,,,,,,,,,,,,,,,,,,,,,,,,,,,,,,,,,,,,
GE K1,N41.793500,W073.765020,1370,Greenhouse (Green) experimental grid. Corner of trapping grid (East grid),,,,,,,,,,,,,,,,,,,,,,,,,,,,,,,,,,,,,,,,,,,,,,,,,,,,,
THH1,N41.791188,W073.736270,250,Tea Hse Hill gypsy moth plots,,,,,,,,,,,,,,,,,,,,,,,,,,,,,,,,,,,0,,,,,,,,,,,,,,,,,,
THH10,N41.791129,W073.734951,250,Tea Hse Hill gypsy moth plots,,,,,,,,,,,,,,,,,,,,,,,,,,,,,,,,,,0,,,,,,,,,,,,,,,,,,,
THH11,N41.790882,W073.734178,250,Tea Hse Hill gypsy moth plots,,,,,,,,,,,,,,,,,,,,,,,,,,,,,,,,,,0,,,,,,,,,,,,,,,,,,,
THH12,N41.790608,W073.733272,250,Tea Hse Hill gypsy moth plots,,,,,,,,,,,,,,,,,,,,,,,,,,,,,,,,,,0,,,,,,,,,,,,,,,,,,,
THH13,N41.790716,W073.732762,250,Tea Hse Hill gypsy moth plots,,,,,,,,,,,,,,,,,,,,,,,,,,,,,,,,,,0,,,,,,,,,,,,,,,,,,,
THH14,N41.787148,W073.736463,250,Tea Hse Hill gypsy moth plots,,,,,,,,,,,,,,,,,,,,,,,,,,,,,,,,,,0,,,,,,,,,,,,,,,,,,,
THH15,N41.787534,W073.736313,250,Tea Hse Hill gypsy moth plots,,,,,,,,,,,,,,,,,,,,,,,,,,,,,,,,,,0,,,,,,,,,,,,,,,,,,,
THH16,N41.787974,W073.736431,250,Tea Hse Hill gypsy moth plots,,,,,,,,,,,,,,,,,,,,,,,,,,,,,,,,,,0,,,,,,,,,,,,,,,,,,,
THH17,N41.788570,W073.736383,250,Tea Hse Hill gypsy moth plots,,,,,,,,,,,,,,,,,,,,,,,,,,,,,,,,,,0,,,,,,,,,,,,,,,,,,,
THH18,N41.789278,W073.736040,250,Tea Hse Hill gypsy moth plots,,,,,,,,,,,,,,,,,,,,,,,,,,,,,,,,,,0,,,,,,,,,,,,,,,,,,,
THH19,N41.789841,W073.736184,250,Tea Hse Hill gypsy moth plots,,,,,,,,,,,,,,,,,,,,,,,,,,,,,,,,,,0,,,,,,,,,,,,,,,,,,,
THH2,N41.791172,W073.736828,250,Tea Hse Hill gypsy moth plots,,,,,,,,,,,,,,,,,,,,,,,,,,,,,,,,,,,0,,,,,,,,,,,,,,,,,,
THH20,N41.789653,W073.736120,250,Tea Hse Hill gypsy moth plots,,,,,,,,,,,,,,,,,,,,,,,,,,,,,,,,,,0,,,,,,,,,,,,,,,,,,,
THH3,N41.791273,W073.737831,250,Tea Hse Hill gypsy moth plots,,,,,,,,,,,,,,,,,,,,,,,,,,,,,,,,,,,0,,,,,,,,,,,,,,,,,,
THH4,N41.791440,W073.738529,250,Tea Hse Hill gypsy moth plots,,,,,,,,,,,,,,,,,,,,,,,,,,,,,,,,,,,0,,,,,,,,,,,,,,,,,,
THH5,N41.793457,W073.735401,250,Tea Hse Hill gypsy moth plots,,,,,,,,,,,,,,,,,,,,,,,,,,,,,,,,,,,0,,,,,,,,,,,,,,,,,,
THH6,N41.792384,W073.735616,250,Tea Hse Hill gypsy moth plots,,,,,,,,,,,,,,,,,,,,,,,,,,,,,,,,,,,0,,,,,,,,,,,,,,,,,,
THH7,N41.792545,W073.735460,250,Tea Hse Hill gypsy moth plots,,,,,,,,,,,,,,,,,,,,,,,,,,,,,,,,,,,0,,,,,,,,,,,,,,,,,,
THH8,N41.791933,W073.735546,250,Tea Hse Hill gypsy moth plots,,,,,,,,,,,,,,,,,,,,,,,,,,,,,,,,,,,0,,,,,,,,,,,,,,,,,,
THH9,N41.791011,W073.736007,250,Tea Hse Hill gypsy moth plots,,,,,,,,,,,,,,,,,,,,,,,,,,,,,,,,,,,0,,,,,,,,,,,,,,,,,,
A. Townsend,N41.810350,W073.803117,2310,"4-poster feeder location, Tompkins Farm",,,,,,,,,,,,,,,,,,,,,,,,,,,,,,,,,,,,,,,,,,,,,,,,,,,,,
A. Townsend,N41.813050,W073.801367,2310,"4-poster feeder location, Tompkins Farm",,,,,,,,,,,,,,,,,,,,,,,,,,,,,,,,,,,,,,,,,,,,,,,,,,,,,
A. Townsend,N41.814450,W073.803567,2310,"4-poster feeder location, Tompkins Farm",,,,,,,,,,,,,,,,,,,,,,,,,,,,,,,,,,,,,,,,,,,,,,,,,,,,,
G/N isotope tree,N41.791888,W073.758583,1610,labelled oak tree,,,,,,,,,,,,,,,,,,,,,,,,,,,,,,,,,,,,,,,,,,,,,,,,,,,,,
Frank Munzer plot,N41.792167,W073.758500,1590,center of chestnut plantings plot (G/N area),,,,,,,,,,,,,,,,,,,,,,,,,,,,,,,,,,,,,,,,,,,,,,,,,,,,,
Ostfeld/Lewis turkey/tick,N41.793305,W073.759000,2040,turkey holding pen/cage near north G/N gate,,,,,,,,,,,,,,,,,,,,,,,,,,,,,,,,,,,,,,,,,,,,,,,,,,,,,
Ostfeld/Lewis turkey/tick,N41.793917,#NAME?,2040,turkey fenced plot (center of black plastic fenced plot),,,,,,,,,,,,,,,,,,,,,,,,,,,,,,,,,,,,,,,,,,,,,,,,,,,,,
Ostfeld/Lewis turkey/tick,N41.793777,W073.761693,2040,turkey fenced plot (center of black plastic fenced plot),,,,,,,,,,,,,,,,,,,,,,,,,,,,,,,,,,,,,,,,,,,,,,,,,,,,,
Ostfeld/Lewis turkey/tick,N41.793305,W073.762193,2040,turkey fenced plot (center of black plastic fenced plot),,,,,,,,,,,,,,,,,,,,,,,,,,,,,,,,,,,,,,,,,,,,,,,,,,,,,
Ostfeld/Lewis turkey/tick,N41.793027,W073.762333,2040,turkey fenced plot (center of black plastic fenced plot),,,,,,,,,,,,,,,,,,,,,,,,,,,,,,,,,,,,,,,,,,,,,,,,,,,,,
Ostfeld/Lewis turkey/tick,N41.793388,W073.762527,2040,turkey fenced plot (center of black plastic fenced plot),,,,,,,,,,,,,,,,,,,,,,,,,,,,,,,,,,,,,,,,,,,,,,,,,,,,,
Ostfeld/Lewis turkey/tick,N41.793610,W073.762443,2040,turkey fenced plot (center of black plastic fenced plot),,,,,,,,,,,,,,,,,,,,,,,,,,,,,,,,,,,,,,,,,,,,,,,,,,,,,
Sobzack/Findlay,N41.784443,W073.734693,1890,gravel bar S of south bridge ,,,,,,,,,,,,,,,,,,,,,,,,,,,,,,,,,,,,,,,,,,,,,,,,,,,,,
R. Stelzer et al,N41.790000,W073.749167,2290,downstream of jct of E B & Rosie Smith tributary ,,,,,,,,,,,,,,,,,,,,,,,,,,,,,,,,,,,,,,,,,,,,,,,,,,,,,
R. Stelzer et al,N41.784083,W073.749167,2290,downstream of jct of E B & Rosie Smith tributary ,,,,,,,,,,,,,,,,,,,,,,,,,,,,,,,,,,,,,,,,,,,,,,,,,,,,,
R. Stelzer et al,N41.791667,W073.749167,2290,downstream of jct of E B & Rosie Smith tributary ,,,,,,,,,,,,,,,,,,,,,,,,,,,,,,,,,,,,,,,,,,,,,,,,,,,,,
R. Stelzer et al,N41.791667,W073.749167,2290,downstream of jct of E B & Rosie Smith tributary ,,,,,,,,,,,,,,,,,,,,,,,,,,,,,,,,,,,,,,,,,,,,,,,,,,,,,
LYNN's Plot,N41.788184,W073.736340,1750,soil pit grid 624,,,,,,,,,,,,,,,,,,,,,,,,,,,,,,,,,,,0,,,,,,,,,,,,,,,,,,
Ostfeld/Manson,N41.783605,W073.738140,1730," SE corner of 3-sided vole fence, sweetgums",,,,,,,,,,,,,,,,,,,,,,,,,,,,,,,,,,,,,,,,,,,,,,,,,,,,,
Ostfeld/Manson,N41.783734,W073.739143,1730," SW corner of vole fence,sweetgums",,,,,,,,,,,,,,,,,,,,,,,,,,,,,,,,,,,,,,,,,,,,,,,,,,,,,
Waterman Bird Club,N41.783154,W073.740505,390, Bluebird box,,,,,,,,,,,,,,,,,,,,,,,,,,,,,,,,,,,,,,,,,,,,,,,,,,,,,
Waterman Bird Club,N41.783047,W073.740001,390, Bluebird box,,,,,,,,,,,,,,,,,,,,,,,,,,,,,,,,,,,,,,,,,,,,,,,,,,,,,
Waterman Bird Club,N41.783181,W073.741922,390, Bluebird nest box,,,,,,,,,,,,,,,,,,,,,,,,,,,,,,,,,,,,,,,,,,,,,,,,,,,,,
Waterman Bird Club,N41.793068,W073.744421,390, Bluebird box,,,,,,,,,,,,,,,,,,,,,,,,,,,,,,,,,,,,,,,,,,,,,,,,,,,,,
Waterman Bird Club,N41.798330,W073.746868,390, Bluebird box,,,,,,,,,,,,,,,,,,,,,,,,,,,,,,,,,,,,,,,,,,,,,,,,,,,,,
Waterman Bird Club,N41.796683,W073.747694,390, Bluebird box,,,,,,,,,,,,,,,,,,,,,,,,,,,,,,,,,,,,,,,,,,,,,,,,,,,,,
Waterman Bird Club,N41.793636,W073.747898,390, Bluebird box,,,,,,,,,,,,,,,,,,,,,,,,,,,,,,,,,,,,,,,,,,,,,,,,,,,,,
Waterman Bird Club,N41.792124,W073.748096,390, Bluebird box,,,,,,,,,,,,,,,,,,,,,,,,,,,,,,,,,,,,,,,,,,,,,,,,,,,,,
Ostfeld/Manson,N41.801989,W073.740468,1730, SE cor vole fence,,,,,,,,,,,,,,,,,,,,,,,,,,,,,,,,,,,,,,,,,,,,,,,,,,,,,
Ostfeld/Manson,N41.800964,W073.741037,1730, SW cor vole fence,,,,,,,,,,,,,,,,,,,,,,,,,,,,,,,,,,,,,,,,,,,,,,,,,,,,,
Ostfeld/Manson,N41.800524,W073.740597,1730, NW cor vole fence2,,,,,,,,,,,,,,,,,,,,,,,,,,,,,,,,,,,,,,,,,,,,,,,,,,,,,
Ostfeld/Manson,N41.800728,W073.739669,1730, NE cor vole fence2,,,,,,,,,,,,,,,,,,,,,,,,,,,,,,,,,,,,,,,,,,,,,,,,,,,,,
Waterman Bird Club,N41.801179,W073.739288,390, Bluebird box,,,,,,,,,,,,,,,,,,,,,,,,,,,,,,,,,,,,,,,,,,,,,,,,,,,,,
Waterman Bird Club,N41.798969,W073.740736,390, Bluebird box,,,,,,,,,,,,,,,,,,,,,,,,,,,,,,,,,,,,,,,,,,,,,,,,,,,,,
Waterman Bird Club,N41.788556,W073.739937,390, Bluebird box,,,,,,,,,,,,,,,,,,,,,,,,,,,,,,,,,,,,,,,,,,,,,,,,,,,,,
Waterman Bird Club,N41.787553,W073.740473,390, Bluebird box,,,,,,,,,,,,,,,,,,,,,,,,,,,,,,,,,,,,,,,,,,,,,,,,,,,,,
Waterman Bird Club,N41.786824,W073.740425,390, Bluebird box,,,,,,,,,,,,,,,,,,,,,,,,,,,,,,,,,,,,,,,,,,,,,,,,,,,,,
Waterman Bird Club,N41.787323,W073.742608,390, Bluebird box,,,,,,,,,,,,,,,,,,,,,,,,,,,,,,,,,,,,,,,,,,,,,,,,,,,,,
Waterman Bird Club,N41.787028,W073.745183,390, Bluebird box,,,,,,,,,,,,,,,,,,,,,,,,,,,,,,,,,,,,,,,,,,,,,,,,,,,,,
Waterman Bird Club,N41.790434,W073.747715,390, Bluebird box,,,,,,,,,,,,,,,,,,,,,,,,,,,,,,,,,,,,,,,,,,,,,,,,,,,,,
Canham/Berkowitz,N41.783889,W073.749952,1070,Fenced Plot grid 291,,,,,,,,,,,,,,,,,,,,,,,,,,,,,,,,,,,,,,,,,,,,,,,,,,,,,
Canham/Berkowitz,N41.785686,W073.744904,1070,Fenced Plot grid 429,,,,,,,,,,,,,,,,,,,,,,,,,,,,,,,,,,,,,,,,,,,,,,,,,,,,,
Waterman Bird Club,N41.789002,W073.743354,390,Bluebird box grid 439,,,,,,,,,,,,,,,,,,,,,,,,,,,,,,,,,,,,,,,,,,,,,,,,,,,,,
Ostfeld,N41.789077,W073.742785,1730,SW cor vole fence Fowler rd.,,,,,,,,,,,,,,,,,,,,,,,,,,,,,,,,,,,,,,,,,,,,,,,,,,,,,
Ostfeld,N41.789511,W073.742796,1730,Mid pt of W side vole fence Fowler rd.,,,,,,,,,,,,,,,,,,,,,,,,,,,,,,,,,,,,,,,,,,,,,,,,,,,,,
Ostfeld,N41.789828,W073.742855,1730,NW cor vole fence Fowler rd.,,,,,,,,,,,,,,,,,,,,,,,,,,,,,,,,,,,,,,,,,,,,,,,,,,,,,
Waterman Bird Club,N41.783294,W073.750360,390, Bluebird box grid 257,,,,,,,,,,,,,,,,,,,,,,,,,,,,,,,,,,,,,,,,,,,,,,,,,,,,,
Waterman Bird Club,N41.784812,W073.751191,390, Bluebird box grid 230,,,,,,,,,,,,,,,,,,,,,,,,,,,,,,,,,,,,,,,,,,,,,,,,,,,,,
Waterman Bird Club,N41.787811,W073.752795,390, Bluebird box grid 203,,,,,,,,,,,,,,,,,,,,,,,,,,,,,,,,,,,,,,,,,,,,,,,,,,,,,
Ostfeld,N41.788953,W073.753021,1260, SW cor vole fence lowland,,,,,,,,,,,,,,,,,,,,,,,,,,,,,,,,,,,,,,,,,,,,,,,,,,,,,
Ostfeld,N41.789007,W073.752527,1260, SE cor vole fence lowland,,,,,,,,,,,,,,,,,,,,,,,,,,,,,,,,,,,,,,,,,,,,,,,,,,,,,
Ostfeld,N41.790488,W073.752345,1260, NE cor vole fence lowland,,,,,,,,,,,,,,,,,,,,,,,,,,,,,,,,,,,,,,,,,,,,,,,,,,,,,
Ostfeld,N41.790305,W073.753380,1260, NW cor vole fence lowland,,,,,,,,,,,,,,,,,,,,,,,,,,,,,,,,,,,,,,,,,,,,,,,,,,,,,
Ostfeld,N41.790568,W073.752962,1260, SW cor N vole fence lowland,,,,,,,,,,,,,,,,,,,,,,,,,,,,,,,,,,,,,,,,,,,,,,,,,,,,,
Ostfeld,N41.791330,W073.754120,1260, NW cor N vole fence lowland,,,,,,,,,,,,,,,,,,,,,,,,,,,,,,,,,,,,,,,,,,,,,,,,,,,,,
Ostfeld,N41.791534,W073.753659,1260,NE cor N vole fence lowland,,,,,,,,,,,,,,,,,,,,,,,,,,,,,,,,,,,,,,,,,,,,,,,,,,,,,
Ostfeld,N41.790831,W073.752597,1260,SE cor N vole fence lowland,,,,,,,,,,,,,,,,,,,,,,,,,,,,,,,,,,,,,,,,,,,,,,,,,,,,,
Ostfeld,N41.789651,W073.752119,1260,mid pt on E side of S vole fence,,,,,,,,,,,,,,,,,,,,,,,,,,,,,,,,,,,,,,,,,,,,,,,,,,,,,
Waterman Bird Club,N41.791121,W073.755467,390,Bluebird box grid 180,,,,,,,,,,,,,,,,,,,,,,,,,,,,,,,,,,,,,,,,,,,,,,,,,,,,,
Waterman Bird Club,N41.791158,W073.755317,390,Bluebird box grid 180,,,,,,,,,,,,,,,,,,,,,,,,,,,,,,,,,,,,,,,,,,,,,,,,,,,,,
Canham/Berkowitz,N41.790048,W073.753927,1070, grid 192-3,,,,,,,,,,,,,,,,,,,,,,,,,,,,,,,,,,,,,,,,,,,,,,,,,,,,,
Canham/Berkowitz,N41.789731,W073.753836,1070, grid 192-3,,,,,,,,,,,,,,,,,,,,,,,,,,,,,,,,,,,,,,,,,,,,,,,,,,,,,
Waterman Bird Club,N41.790745,W073.757360,390,Bluebird box grid 155,,,,,,,,,,,,,,,,,,,,,,,,,,,,,,,,,,,,,,,,,,,,,,,,,,,,,
Hone & Berkowitz,N41.789897,W073.758675,1710, grid 154,,,,,,,,,,,,,,,,,,,,,,,,,,,,,,,,,,,,,,,,,,,,,,,,,,,,,
Hone & Berkowitz,N41.788417,W073.759447,1710, grid 145,,,,,,,,,,,,,,,,,,,,,,,,,,,,,,,,,,,,,,,,,,,,,,,,,,,,,
Canham/Berkowitz,N41.787119,W073.759517,1070, grid 146,,,,,,,,,,,,,,,,,,,,,,,,,,,,,,,,,,,,,,,,,,,,,,,,,,,,,
Canham/Berkowitz,N41.786974,W073.759925,1070, grid 128,,,,,,,,,,,,,,,,,,,,,,,,,,,,,,,,,,,,,,,,,,,,,,,,,,,,,
Armesto & Pickett,N41.787087,W073.759962,940, grid 128,,,,,,,,,,,,,,,,,,,,,,,,,,,,,,,,,,,,,,,,,,,,,,,,,,,,,
"Manson, Ostfeld & Bustamante",N41.789431,W073.757596,1800, grid 167,,,,,,,,,,,,,,,,,,,,,,,,,,,,,,,,,,,,,,,,,,,,,,,,,,,,,
Fargione,N41.788621,W073.756969,1670, grid 168,,,,,,,,,,,,,,,,,,,,,,,,,,,,,,,,,,,,,,,,,,,,,,,,,,,,,
"Cadnasso, Weathers & Pickett",N41.787859,W073.755649,2160, SE corner of site (grid 169),,,,,,,,,,,,,,,,,,,,,,,,,,,,,,,,,,,,,,,,,,,,,,,,,,,,,
"Cadnasso, Weathers & Pickett",N41.788433,W073.757124,2160, NE corner of site (grid 168),,,,,,,,,,,,,,,,,,,,,,,,,,,,,,,,,,,,,,,,,,,,,,,,,,,,,
"Cadnasso, Weathers & Pickett",N41.787687,W073.757661,2160, NW corner of site (grid 153),,,,,,,,,,,,,,,,,,,,,,,,,,,,,,,,,,,,,,,,,,,,,,,,,,,,,
"Cadnasso, Weathers & Pickett",N41.787264,W073.756459,2160, SW corner of site (grid 152),,,,,,,,,,,,,,,,,,,,,,,,,,,,,,,,,,,,,,,,,,,,,,,,,,,,,
Jones & Lerdau,N41.791126,W073.759259,1880, general  area location (grid 141),,,,,,,,,,,,,,,,,,,,,,,,,,,,,,,,,,,,,,,,,,,,,,,,,,,,,
Jones & Lerdau,N41.790530,W073.759732,1880, general area location (grid 142),,,,,,,,,,,,,,,,,,,,,,,,,,,,,,,,,,,,,,,,,,,,,,,,,,,,,
Canham/Berkowitz,N41.790364,W073.759689,1070, grid 142,,,,,,,,,,,,,,,,,,,,,,,,,,,,,,,,,,,,,,,,,,,,,,,,,,,,,
Jones & Lerdau,N41.790278,W073.759115,1880, general area location (grid 143),,,,,,,,,,,,,,,,,,,,,,,,,,,,,,,,,,,,,,,,,,,,,,,,,,,,,
Waterman Bird Club,N41.791990,W073.757650,390,Bluebird box grid 156,,,,,,,,,,,,,,,,,,,,,,,,,,,,,,,,,,,,,,,,,,,,,,,,,,,,,
Jones & Lerdau,N41.791845,W073.757779,1880, NW corner of nursery fence site (grid 156),,,,,,,,,,,,,,,,,,,,,,,,,,,,,,,,,,,,,,,,,,,,,,,,,,,,,
Jones & Lerdau,N41.791464,W073.757736,1880, SW corner of nursery fence site (grid 156),,,,,,,,,,,,,,,,,,,,,,,,,,,,,,,,,,,,,,,,,,,,,,,,,,,,,
Jones & Lerdau,N41.791432,W073.757301,1880, SE corner of nursery fence site (grid 156),,,,,,,,,,,,,,,,,,,,,,,,,,,,,,,,,,,,,,,,,,,,,,,,,,,,,
Jones & Lerdau,N41.791893,W073.757318,1880, NE corner of nursery fence site (grid 156),,,,,,,,,,,,,,,,,,,,,,,,,,,,,,,,,,,,,,,,,,,,,,,,,,,,,
Waterman Bird Club,N41.792703,W073.756234,390,Bluebird box grid 181,,,,,,,,,,,,,,,,,,,,,,,,,,,,,,,,,,,,,,,,,,,,,,,,,,,,,
"Cadnasso, Pickett & McDonnell",N41.787859,W073.755649,1780, SE corner of site (grid 169),,,,,,,,,,,,,,,,,,,,,,,,,,,,,,,,,,,,,,,,,,,,,,,,,,,,,
"Cadnasso, Pickett & McDonnell",N41.788433,W073.757124,1780, NE corner of site (grid 168),,,,,,,,,,,,,,,,,,,,,,,,,,,,,,,,,,,,,,,,,,,,,,,,,,,,,
"Cadnasso, Pickett & McDonnell",N41.787687,W073.757661,1780, NW corner of site (grid 153),,,,,,,,,,,,,,,,,,,,,,,,,,,,,,,,,,,,,,,,,,,,,,,,,,,,,
"Cadnasso, Pickett & McDonnell",N41.787264,W073.756459,1780, SW corner of site (grid 152),,,,,,,,,,,,,,,,,,,,,,,,,,,,,,,,,,,,,,,,,,,,,,,,,,,,,
"McAninch, Canham & Wood",N41.791094,W073.744663,1050, Slanted deer fence - NE corner (grid 424),,,,,,,,,,,,,,,,,,,,,,,,,,,,,,,,,,,,,,,,,,,,,,,,,,,,,
"McAninch, Canham & Wood",N41.791094,W073.745350,1050, Slanted deer fence - NW corner (grid 424),,,,,,,,,,,,,,,,,,,,,,,,,,,,,,,,,,,,,,,,,,,,,,,,,,,,,
"McAninch, Canham & Wood",N41.790182,W073.745291,1050, Slanted deer fence -SW corner (grid 424),,,,,,,,,,,,,,,,,,,,,,,,,,,,,,,,,,,,,,,,,,,,,,,,,,,,,
"McAninch, Canham & Wood",N41.790187,W073.744679,1050, Slanted deer fence - SE corner (grid 424),,,,,,,,,,,,,,,,,,,,,,,,,,,,,,,,,,,,,,,,,,,,,,,,,,,,,
Lovett,N41.784560,W073.741573,810, Grids 489 545 746 757,,,,,,,,,,,,,,,,,,,,,,,,,,,,,,,,,,,,,,,,,,,,,,,,,,,,,
Canham/Berkowitz,N41.808169,W073.732121,1070, Pettite Rd. (grid 720),,,,,,,,,,,,,,,,,,,,,,,,,,,,,,,,,,,,,,,,,,,,,,,,,,,,,
Canham/Berkowitz,N41.796624,W073.721076,1070, Henry Farm (grid 955),,,,,,,,,,,,,,,,,,,,,,,,,,,,,,,,,,,,,,,,,,,,,,,,,,,,,
Canham/Berkowitz,N41.800787,W073.722985,1070, Henry Farm (grid 935),,,,,,,,,,,,,,,,,,,,,,,,,,,,,,,,,,,,,,,,,,,,,,,,,,,,,
Fargione,N41.801565,W073.721306,1350, Henry Farm (grid 961),,,,,,,,,,,,,,,,,,,,,,,,,,,,,,,,,,,,,,,,,,,,,,,,,,,,,
Canham/Berkowitz,N41.787773,W073.727958,1070, Rt. 44-A (grid 867),,,,,,,,,,,,,,,,,,,,,,,,,,,,,,,,,,,,,,,,,,,,,,,,,,,,,
Canham/Berkowitz,N41.787757,W073.728291,1070, Rt. 44-A (grid 867),,,,,,,,,,,,,,,,,,,,,,,,,,,,,,,,,,,,,,,,,,,,,,,,,,,,,
Canham/Berkowitz,N41.786098,W073.737425,1070,Grid 622 Tea House Rd.,,,,,,,,,,,,,,,,,,,,,,,,,,,,,,,,,,,,,,,,,,,,,,,,,,,,,
Winchcombe,N41.802584,W073.726086,290, Grid 883 Browse Survey,,,,,,,,,,,,,,,,,,,,,,,,,,,,,,,,,,,,,,,,,,,,,,,,,,,,,
Winchcombe,N41.802547,W073.722288,290, Grid 886 Browse Survey,,,,,,,,,,,,,,,,,,,,,,,,,,,,,,,,,,,,,,,,,,,,,,,,,,,,,
Winchcombe,N41.800031,W073.722438,290, Grid 933 Browse Survey,,,,,,,,,,,,,,,,,,,,,,,,,,,,,,,,,,,,,,,,,,,,,,,,,,,,,
Winchcombe,N41.799886,W073.718871,290, Grid 982 Browse Survey,,,,,,,,,,,,,,,,,,,,,,,,,,,,,,,,,,,,,,,,,,,,,,,,,,,,,
Winchcombe,N41.797279,W073.719005,290, Grid 979 Browse Survey,,,,,,,,,,,,,,,,,,,,,,,,,,,,,,,,,,,,,,,,,,,,,,,,,,,,,
Winchcombe,N41.797622,W073.721864,290, Grid 939 Browse Survey,,,,,,,,,,,,,,,,,,,,,,,,,,,,,,,,,,,,,,,,,,,,,,,,,,,,,
Winchcombe,N41.800133,W073.722443,290, Grid 936 Browse Survey,,,,,,,,,,,,,,,,,,,,,,,,,,,,,,,,,,,,,,,,,,,,,,,,,,,,,
Winchcombe,N41.798373,W073.727352,290, Grid 855 Browse Survey,,,,,,,,,,,,,,,,,,,,,,,,,,,,,,,,,,,,,,,,,,,,,,,,,,,,,
Winchcombe,N41.805267,W073.725920,290, Grid 889 Browse Survey,,,,,,,,,,,,,,,,,,,,,,,,,,,,,,,,,,,,,,,,,,,,,,,,,,,,,
Winchcombe,N41.802965,W073.729744,290, Grid 794 Browse Survey,,,,,,,,,,,,,,,,,,,,,,,,,,,,,,,,,,,,,,,,,,,,,,,,,,,,,
Winchcombe,N41.808115,W073.733097,290, Grid 715 Browse Survey,,,,,,,,,,,,,,,,,,,,,,,,,,,,,,,,,,,,,,,,,,,,,,,,,,,,,
Winchcombe,N41.808002,W073.729530,290, Grid 788 Browse Survey,,,,,,,,,,,,,,,,,,,,,,,,,,,,,,,,,,,,,,,,,,,,,,,,,,,,,
Winchcombe,N41.805395,W073.729584,290, Grid 791 Browse Survey,,,,,,,,,,,,,,,,,,,,,,,,,,,,,,,,,,,,,,,,,,,,,,,,,,,,,
Winchcombe,N41.802702,W073.733333,290, Grid 709 Browse Survey,,,,,,,,,,,,,,,,,,,,,,,,,,,,,,,,,,,,,,,,,,,,,,,,,,,,,
Winchcombe,N41.805460,W073.733553,290, Grid 712 Browse Survey,,,,,,,,,,,,,,,,,,,,,,,,,,,,,,,,,,,,,,,,,,,,,,,,,,,,,
Winchcombe,N41.806334,W073.735828,290, Grid 645 Browse Survey,,,,,,,,,,,,,,,,,,,,,,,,,,,,,,,,,,,,,,,,,,,,,,,,,,,,,
Winchcombe,N41.808136,W073.736536,290, Grid 582 Browse Survey,,,,,,,,,,,,,,,,,,,,,,,,,,,,,,,,,,,,,,,,,,,,,,,,,,,,,
Winchcombe,N41.787677,W073.734546,290, Grid 673 Browse Survey,,,,,,,,,,,,,,,,,,,,,,,,,,,,,,,,,,,,,,,,,,,,,,,,,,,,,
Winchcombe,N41.787483,W073.738134,290, Grid 556 Browse Survey,,,,,,,,,,,,,,,,,,,,,,,,,,,,,,,,,,,,,,,,,,,,,,,,,,,,,
Winchcombe,N41.789715,W073.734615,290, Grid 670 Browse Survey,,,,,,,,,,,,,,,,,,,,,,,,,,,,,,,,,,,,,,,,,,,,,,,,,,,,,
Winchcombe,N41.801055,W073.737904,290, Grid 571 Browse Survey,,,,,,,,,,,,,,,,,,,,,,,,,,,,,,,,,,,,,,,,,,,,,,,,,,,,,
Winchcombe,N41.798636,W073.737560,290, Grid 568 Browse Survey,,,,,,,,,,,,,,,,,,,,,,,,,,,,,,,,,,,,,,,,,,,,,,,,,,,,,
Winchcombe,N41.795900,W073.738011,290, Grid 565 Browse Survey,,,,,,,,,,,,,,,,,,,,,,,,,,,,,,,,,,,,,,,,,,,,,,,,,,,,,
Winchcombe,N41.792939,W073.738043,290, Grid 562 Browse Survey,,,,,,,,,,,,,,,,,,,,,,,,,,,,,,,,,,,,,,,,,,,,,,,,,,,,,
Winchcombe,N41.790225,W073.738354,290, Grid 559 Browse Survey,,,,,,,,,,,,,,,,,,,,,,,,,,,,,,,,,,,,,,,,,,,,,,,,,,,,,
Winchcombe,N41.789211,W073.741686,290, Grid 483 Browse Survey,,,,,,,,,,,,,,,,,,,,,,,,,,,,,,,,,,,,,,,,,,,,,,,,,,,,,
Winchcombe,N41.792027,W073.741696,290, Grid 480 Browse Survey,,,,,,,,,,,,,,,,,,,,,,,,,,,,,,,,,,,,,,,,,,,,,,,,,,,,,
Winchcombe,N41.794683,W073.741643,290, Grid 477 Browse Survey,,,,,,,,,,,,,,,,,,,,,,,,,,,,,,,,,,,,,,,,,,,,,,,,,,,,,
Winchcombe,N41.797440,W073.741664,290, Grid 474 Browse Survey,,,,,,,,,,,,,,,,,,,,,,,,,,,,,,,,,,,,,,,,,,,,,,,,,,,,,
Canham/McDonnell,N41.803089,W073.732625,430, Cary Forest Plot?,,,,,,,,,,,,,,,,,,,,,,,,,,,,,,,,,,,,,,,,,,,,,,,,,,,,,
Canham/McDonnell,N41.795273,W073.738038,430, Cary Forest Plot?,,,,,,,,,,,,,,,,,,,,,,,,,,,,,,,,,,,,,,,,,,,,,,,,,,,,,
Canham/McDonnell,N41.794232,W073.741106,430, Cary Forest Plot 503,,,,,,,,,,,,,,,,,,,,,,,,,,,,,,,,,,,,,,,,,,,,,,,,,,,,,
Canham/McDonnell,N41.798636,W073.737560,430, Cary Forest Plot?,,,,,,,,,,,,,,,,,,,,,,,,,,,,,,,,,,,,,,,,,,,,,,,,,,,,,
Canham/McDonnell,N41.793441,W073.741135,430,Cary Forest Plot502,,,,,,,,,,,,,,,,,,,,,,,,,,,,,,,,,,,,,,,,,,,,,,,,,,,,,
Canham/McDonnell,N41.794331,W073.737857,430,Cary Forest Plot598,,,,,,,,,,,,,,,,,,,,,,,,,,,,,,,,,,,,,,,,,,,,,,,,,,,,,
Canham/McDonnell,N41.792700,W073.737358,430,Cary Forest Plot600,,,,,,,,,,,,,,,,,,,,,,,,,,,,,,,,,,,,,,,,,,,,,,,,,,,,,
Canham/McDonnell,N41.788623,W073.737465,430,Cary Forest Plot605,,,,,,,,,,,,,,,,,,,,,,,,,,,,,,,,,,,,,,,,,,,,,,,,,,,,,
Canham/McDonnell,N41.789562,W073.736558,430,Cary Forest Plot626,,,,,,,,,,,,,,,,,,,,,,,,,,,,,,,,,,,,,,,,,,,,,,,,,,,,,
Canham/McDonnell,N41.796852,W073.735765,430,Cary Forest Plot634,,,,,,,,,,,,,,,,,,,,,,,,,,,,,,,,,,,,,,,,,,,,,,,,,,,,,
Canham/McDonnell,N41.797416,W073.736468,430,Cary Forest Plot635,,,,,,,,,,,,,,,,,,,,,,,,,,,,,,,,,,,,,,,,,,,,,,,,,,,,,
Canham/McDonnell,N41.799588,W073.736865,430,Cary Forest Plot637,,,,,,,,,,,,,,,,,,,,,,,,,,,,,,,,,,,,,,,,,,,,,,,,,,,,,
Canham/McDonnell,N41.795957,W073.734805,430,Cary Forest Plot664,,,,,,,,,,,,,,,,,,,,,,,,,,,,,,,,,,,,,,,,,,,,,,,,,,,,,
Canham/McDonnell,N41.793870,W073.735422,430,Cary Forest Plot667,,,,,,,,,,,,,,,,,,,,,,,,,,,,,,,,,,,,,,,,,,,,,,,,,,,,,
Canham/McDonnell,N41.788854,W073.734730,430,Cary Forest Plot672,,,,,,,,,,,,,,,,,,,,,,,,,,,,,,,,,,,,,,,,,,,,,,,,,,,,,
Canham/McDonnell,N41.793264,W073.733807,430,Cary Forest Plot698,,,,,,,,,,,,,,,,,,,,,,,,,,,,,,,,,,,,,,,,,,,,,,,,,,,,,
Canham/McDonnell,N41.796745,W073.733908,430,Cary Forest Plot702,,,,,,,,,,,,,,,,,,,,,,,,,,,,,,,,,,,,,,,,,,,,,,,,,,,,,
Canham/McDonnell,N41.791628,W073.733023,430,Cary Forest Plot739,,,,,,,,,,,,,,,,,,,,,,,,,,,,,,,,,,,,,,,,,,,,,,,,,,,,,
Canham/McDonnell,N41.790587,W073.732868,430,Cary Forest Plot740,,,,,,,,,,,,,,,,,,,,,,,,,,,,,,,,,,,,,,,,,,,,,,,,,,,,,
Canham/McDonnell,N41.788886,W073.732080,430,Cary Forest Plot761,,,,,,,,,,,,,,,,,,,,,,,,,,,,,,,,,,,,,,,,,,,,,,,,,,,,,
Canham/McDonnell,N41.797770,W073.731833,430,Cary Forest Plot771,,,,,,,,,,,,,,,,,,,,,,,,,,,,,,,,,,,,,,,,,,,,,,,,,,,,,
Canham/McDonnell,N41.794980,W073.730390,430,Cary Forest Plot805,,,,,,,,,,,,,,,,,,,,,,,,,,,,,,,,,,,,,,,,,,,,,,,,,,,,,
Canham/McDonnell,N41.790430,W073.730520,430,Cary Forest Plot808,,,,,,,,,,,,,,,,,,,,,,,,,,,,,,,,,,,,,,,,,,,,,,,,,,,,,
Canham/McDonnell,N41.798870,W073.728410,430,Cary Forest Plot854,,,,,,,,,,,,,,,,,,,,,,,,,,,,,,,,,,,,,,,,,,,,,,,,,,,,,
Winchcombe/Canham Fences,N41.762464,W073.755896,1480, RK Site 4 3rd on rt. Fen,,,,,,,,,,,,,,,,,,,,,,,,,,,,,,,,,,,,,,,,,,,,,,,,,,,,,
Winchcombe/Canham Fences,N41.762802,W073.756014,1480, RK Site 4 3rd on rt. unfen,,,,,,,,,,,,,,,,,,,,,,,,,,,,,,,,,,,,,,,,,,,,,,,,,,,,,
Winchcombe/Canham Fences,N41.764239,W073.754560,1480, RK site 2 2nd on Rt. Fen,,,,,,,,,,,,,,,,,,,,,,,,,,,,,,,,,,,,,,,,,,,,,,,,,,,,,
Winchcombe/Canham Fences,N41.764003,W073.754517,1480, RK site 2_ 2nd on Rt. unfen,,,,,,,,,,,,,,,,,,,,,,,,,,,,,,,,,,,,,,,,,,,,,,,,,,,,,
Winchcombe/Canham Fences,N41.763628,W073.752795,1480, RK site 3 lft side of rd. Fen,,,,,,,,,,,,,,,,,,,,,,,,,,,,,,,,,,,,,,,,,,,,,,,,,,,,,
Winchcombe/Canham Fences,N41.763987,W073.752591,1480, RK site 3 lft side of rd Unfen,,,,,,,,,,,,,,,,,,,,,,,,,,,,,,,,,,,,,,,,,,,,,,,,,,,,,
Winchcombe/Canham Fences,N41.767206,W073.754571,1480, RK site 1_ 1st on rt side_ Unfen,,,,,,,,,,,,,,,,,,,,,,,,,,,,,,,,,,,,,,,,,,,,,,,,,,,,,
Winchcombe/Canham Fences,N41.767437,W073.754576,1480, RK site 1_ 1st on rt side_ Fen,,,,,,,,,,,,,,,,,,,,,,,,,,,,,,,,,,,,,,,,,,,,,,,,,,,,,
Winchcombe/Canham Fences,N41.702152,W073.697091,1480, MC Losse Woods Fen,,,,,,,,,,,,,,,,,,,,,,,,,,,,,,,,,,,,,,,,,,,,,,,,,,,,,
Winchcombe/Canham Fences,N41.702028,W073.697070,1480, MC Losse Woods UnFen,,,,,,,,,,,,,,,,,,,,,,,,,,,,,,,,,,,,,,,,,,,,,,,,,,,,,
Winchcombe/Canham Fences,N41.699555,W073.694785,1480, MC Ladder Stand Unfen,,,,,,,,,,,,,,,,,,,,,,,,,,,,,,,,,,,,,,,,,,,,,,,,,,,,,
Winchcombe/Canham Fences,N41.699384,W073.694988,1480, MC Ladder Stand Fen,,,,,,,,,,,,,,,,,,,,,,,,,,,,,,,,,,,,,,,,,,,,,,,,,,,,,
Winchcombe/Canham Fences,N41.694754,W073.695283,1480, MC Southend Fen,,,,,,,,,,,,,,,,,,,,,,,,,,,,,,,,,,,,,,,,,,,,,,,,,,,,,
Winchcombe/Canham Fences,N41.694958,W073.695128,1480, MC Southend unFen,,,,,,,,,,,,,,,,,,,,,,,,,,,,,,,,,,,,,,,,,,,,,,,,,,,,,
Winchcombe/Canham Fences,N41.694196,W073.691094,1480, MC Tower Rd Unfen,,,,,,,,,,,,,,,,,,,,,,,,,,,,,,,,,,,,,,,,,,,,,,,,,,,,,
Winchcombe/Canham Fences,N41.694405,W073.691287,1480, MC Tower Rd Fen,,,,,,,,,,,,,,,,,,,,,,,,,,,,,,,,,,,,,,,,,,,,,,,,,,,,,
V. Eviner,N41.785150,W073.742651,2330,Soil collection site,,,,,,,,,,,,,,,,,,,,,,,,,,,,,,,,,,,,,,,,,,,,,,,,,,,,,
