collectDate,n_trapped,plotID,siteID
1995-10-09,84,GREN_001,GREN
1995-11-09,37,GREN_001,GREN
1995-04-25,10,GREN_001,GREN
1995-05-23,67,GREN_001,GREN
1995-06-20,88,GREN_001,GREN
1995-08-08,82,GREN_001,GREN
1995-09-12,65,GREN_001,GREN
1996-10-03,20,GREN_001,GREN
1996-10-31,23,GREN_001,GREN
1996-06-27,1,GREN_001,GREN
1996-08-06,10,GREN_001,GREN
1996-09-05,13,GREN_001,GREN
1997-10-16,39,GREN_001,GREN
1997-11-13,42,GREN_001,GREN
1997-05-11,43,GREN_001,GREN
1997-06-10,55,GREN_001,GREN
1997-07-09,60,GREN_001,GREN
1997-08-20,55,GREN_001,GREN
1997-09-18,34,GREN_001,GREN
1998-10-20,94,GREN_001,GREN
1998-04-24,29,GREN_001,GREN
1998-05-28,56,GREN_001,GREN
1998-06-23,73,GREN_001,GREN
1998-08-04,80,GREN_001,GREN
1998-09-01,69,GREN_001,GREN
1998-09-23,64,GREN_001,GREN
1999-10-14,81,GREN_001,GREN
1999-11-02,55,GREN_001,GREN
1999-06-22,144,GREN_001,GREN
1999-06-03,154,GREN_001,GREN
1999-07-22,124,GREN_001,GREN
1999-08-12,121,GREN_001,GREN
1999-09-14,79,GREN_001,GREN
2000-10-10,32,GREN_001,GREN
2000-11-02,27,GREN_001,GREN
2000-06-15,12,GREN_001,GREN
2000-07-28,20,GREN_001,GREN
2000-07-06,14,GREN_001,GREN
2000-08-17,23,GREN_001,GREN
2000-09-21,20,GREN_001,GREN
2001-10-11,56,GREN_001,GREN
2001-11-15,60,GREN_001,GREN
2001-04-19,5,GREN_001,GREN
2001-05-10,7,GREN_001,GREN
2001-05-30,24,GREN_001,GREN
2001-06-21,35,GREN_001,GREN
2001-07-12,43,GREN_001,GREN
2001-08-02,46,GREN_001,GREN
2001-08-23,52,GREN_001,GREN
2001-09-11,51,GREN_001,GREN
2002-10-10,94,GREN_001,GREN
2002-10-29,98,GREN_001,GREN
2002-05-21,48,GREN_001,GREN
2002-06-11,98,GREN_001,GREN
2002-07-16,114,GREN_001,GREN
2002-08-29,84,GREN_001,GREN
2002-08-08,111,GREN_001,GREN
2002-09-19,65,GREN_001,GREN
2003-10-30,79,GREN_001,GREN
2003-10-07,48,GREN_001,GREN
2003-05-29,84,GREN_001,GREN
2003-06-19,57,GREN_001,GREN
2003-07-15,89,GREN_001,GREN
2003-08-28,72,GREN_001,GREN
2003-08-05,84,GREN_001,GREN
2003-09-16,53,GREN_001,GREN
2004-10-26,36,GREN_001,GREN
2004-10-05,80,GREN_001,GREN
2004-05-25,48,GREN_001,GREN
2004-06-15,119,GREN_001,GREN
2004-07-15,145,GREN_001,GREN
2004-08-24,131,GREN_001,GREN
2004-08-03,132,GREN_001,GREN
2004-09-14,79,GREN_001,GREN
2005-10-20,15,GREN_001,GREN
2005-11-08,24,GREN_001,GREN
2005-05-26,2,GREN_001,GREN
2005-06-14,2,GREN_001,GREN
2005-07-26,8,GREN_001,GREN
2005-07-06,2,GREN_001,GREN
2005-08-18,7,GREN_001,GREN
2005-09-29,24,GREN_001,GREN
2005-09-07,12,GREN_001,GREN
2006-10-17,108,GREN_001,GREN
2006-11-07,85,GREN_001,GREN
2006-05-25,60,GREN_001,GREN
2006-06-15,65,GREN_001,GREN
2006-07-27,153,GREN_001,GREN
2006-07-06,121,GREN_001,GREN
2006-08-15,133,GREN_001,GREN
2006-09-26,83,GREN_001,GREN
2006-09-05,96,GREN_001,GREN
2007-10-16,126,GREN_001,GREN
2007-11-06,128,GREN_001,GREN
2007-05-24,145,GREN_001,GREN
2007-06-14,199,GREN_001,GREN
2007-07-12,251,GREN_001,GREN
2007-08-02,221,GREN_001,GREN
2007-08-28,174,GREN_001,GREN
2007-09-18,129,GREN_001,GREN
2008-10-02,63,GREN_001,GREN
2008-10-23,73,GREN_001,GREN
2008-05-22,27,GREN_001,GREN
2008-06-12,33,GREN_001,GREN
2008-07-03,49,GREN_001,GREN
2008-07-31,42,GREN_001,GREN
2008-08-21,40,GREN_001,GREN
2008-09-11,49,GREN_001,GREN
2009-10-06,49,GREN_001,GREN
2009-06-25,40,GREN_001,GREN
2009-06-04,22,GREN_001,GREN
2009-07-16,37,GREN_001,GREN
2009-08-27,42,GREN_001,GREN
2009-08-04,37,GREN_001,GREN
2009-09-17,46,GREN_001,GREN
2010-10-19,55,GREN_001,GREN
2010-05-25,44,GREN_001,GREN
2010-06-15,60,GREN_001,GREN
2010-07-27,50,GREN_001,GREN
2010-07-06,61,GREN_001,GREN
2010-08-19,47,GREN_001,GREN
2010-09-28,63,GREN_001,GREN
2010-09-07,42,GREN_001,GREN
2011-10-27,126,GREN_001,GREN
2012-10-27,1,GREN_001,GREN
2011-10-04,101,GREN_001,GREN
2011-06-02,120,GREN_001,GREN
2011-06-23,187,GREN_001,GREN
2011-07-14,211,GREN_001,GREN
2011-08-25,148,GREN_001,GREN
2011-08-04,188,GREN_001,GREN
2011-09-15,95,GREN_001,GREN
2012-10-31,69,GREN_001,GREN
2012-10-09,96,GREN_001,GREN
2012-04-12,34,GREN_001,GREN
2012-04-24,74,GREN_001,GREN
2012-05-15,84,GREN_001,GREN
2012-06-28,130,GREN_001,GREN
2012-06-05,114,GREN_001,GREN
2012-07-19,155,GREN_001,GREN
2012-08-29,75,GREN_001,GREN
2012-08-07,128,GREN_001,GREN
2012-09-18,107,GREN_001,GREN
2013-10-29,11,GREN_001,GREN
2013-10-09,16,GREN_001,GREN
2013-06-27,1,GREN_001,GREN
2013-06-04,2,GREN_001,GREN
2013-07-16,5,GREN_001,GREN
2013-08-29,9,GREN_001,GREN
2013-08-06,7,GREN_001,GREN
2013-09-19,8,GREN_001,GREN
2014-10-14,44,GREN_001,GREN
2014-10-03,48,GREN_001,GREN
2014-10-30,69,GREN_001,GREN
2014-04-24,5,GREN_001,GREN
2014-05-15,14,GREN_001,GREN
2014-05-29,17,GREN_001,GREN
2014-06-12,25,GREN_001,GREN
2014-06-25,28,GREN_001,GREN
2014-07-23,32,GREN_001,GREN
2014-07-09,37,GREN_001,GREN
2014-08-20,32,GREN_001,GREN
2014-08-07,30,GREN_001,GREN
2014-09-18,33,GREN_001,GREN
2014-09-03,34,GREN_001,GREN
2015-10-20,87,GREN_001,GREN
2015-04-28,24,GREN_001,GREN
2015-05-21,17,GREN_001,GREN
2015-06-18,44,GREN_001,GREN
2015-06-04,38,GREN_001,GREN
2015-07-30,65,GREN_001,GREN
2015-07-07,54,GREN_001,GREN
2015-08-18,54,GREN_001,GREN
2015-09-10,55,GREN_001,GREN
2015-09-29,63,GREN_001,GREN
2016-10-27,115,GREN_001,GREN
2016-10-04,146,GREN_001,GREN
2016-05-10,110,GREN_001,GREN
2016-05-31,122,GREN_001,GREN
2016-06-21,172,GREN_001,GREN
2016-07-12,226,GREN_001,GREN
2016-08-23,255,GREN_001,GREN
2016-08-04,266,GREN_001,GREN
2016-09-13,208,GREN_001,GREN
2017-10-19,36,GREN_001,GREN
2017-11-09,31,GREN_001,GREN
2017-05-25,1,GREN_001,GREN
2017-06-15,7,GREN_001,GREN
2017-07-27,15,GREN_001,GREN
2017-07-06,13,GREN_001,GREN
2017-08-15,19,GREN_001,GREN
2017-09-28,34,GREN_001,GREN
2017-09-07,16,GREN_001,GREN
2018-11-01,92,GREN_001,GREN
2018-05-01,14,GREN_001,GREN
2018-06-28,77,GREN_001,GREN
2018-06-07,58,GREN_001,GREN
2018-07-19,76,GREN_001,GREN
2018-08-30,109,GREN_001,GREN
2018-08-07,134,GREN_001,GREN
2018-09-20,77,GREN_001,GREN
2019-10-10,19,GREN_001,GREN
2019-10-24,21,GREN_001,GREN
2019-04-23,2,GREN_001,GREN
2019-05-16,4,GREN_001,GREN
2019-06-27,5,GREN_001,GREN
2019-06-04,3,GREN_001,GREN
2019-07-16,8,GREN_001,GREN
2019-08-27,19,GREN_001,GREN
2019-08-06,17,GREN_001,GREN
2019-09-19,23,GREN_001,GREN
2020-08-25,109,GREN_001,GREN
2020-08-06,100,GREN_001,GREN
2020-09-24,70,GREN_001,GREN
2021-06-01,5,GREN_001,GREN
2021-06-22,12,GREN_001,GREN
2021-08-17,9,GREN_001,GREN
2021-09-09,17,GREN_001,GREN
2022-06-02,76,GREN_001,GREN
2022-08-16,80,GREN_001,GREN
2022-09-13,75,GREN_001,GREN
2023-06-29,16,GREN_001,GREN
2023-06-06,5,GREN_001,GREN
2023-08-17,19,GREN_001,GREN
2023-09-07,25,GREN_001,GREN
2024-06-04,61,GREN_001,GREN
2024-07-02,106,GREN_001,GREN
2024-08-20,90,GREN_001,GREN
2024-09-12,104,GREN_001,GREN
2025-06-26,11,GREN_001,GREN
2025-08-21,19,GREN_001,GREN
2025-09-11,18,GREN_001,GREN
1995-10-11,70,GREN_002,GREN
1995-11-14,40,GREN_002,GREN
1995-04-27,33,GREN_002,GREN
1995-05-25,96,GREN_002,GREN
1995-06-22,96,GREN_002,GREN
1995-06-27,71,GREN_002,GREN
1995-06-29,15,GREN_002,GREN
1995-07-03,8,GREN_002,GREN
1995-07-05,2,GREN_002,GREN
1995-07-07,1,GREN_002,GREN
1995-08-17,37,GREN_002,GREN
1995-09-14,46,GREN_002,GREN
1996-10-01,14,GREN_002,GREN
1996-10-29,22,GREN_002,GREN
1996-03-21,13,GREN_002,GREN
1996-04-17,5,GREN_002,GREN
1996-05-14,5,GREN_002,GREN
1996-06-25,9,GREN_002,GREN
1996-08-06,11,GREN_002,GREN
1996-09-03,17,GREN_002,GREN
1997-10-14,41,GREN_002,GREN
1997-11-11,29,GREN_002,GREN
1997-05-09,34,GREN_002,GREN
1997-06-12,44,GREN_002,GREN
1997-06-17,55,GREN_002,GREN
1997-06-24,22,GREN_002,GREN
1997-06-30,15,GREN_002,GREN
1997-07-15,12,GREN_002,GREN
1997-07-22,12,GREN_002,GREN
1997-07-29,4,GREN_002,GREN
1997-07-08,16,GREN_002,GREN
1997-08-12,14,GREN_002,GREN
1997-08-19,8,GREN_002,GREN
1997-08-26,12,GREN_002,GREN
1997-08-05,17,GREN_002,GREN
1997-09-16,25,GREN_002,GREN
1998-10-22,99,GREN_002,GREN
1998-04-24,27,GREN_002,GREN
1998-05-11,2,GREN_002,GREN
1998-05-19,43,GREN_002,GREN
1998-05-26,39,GREN_002,GREN
1998-06-11,79,GREN_002,GREN
1998-06-18,84,GREN_002,GREN
1998-06-23,78,GREN_002,GREN
1998-06-04,64,GREN_002,GREN
1998-07-02,93,GREN_002,GREN
1998-07-07,1,GREN_002,GREN
1998-08-13,81,GREN_002,GREN
1998-08-20,85,GREN_002,GREN
1998-08-27,75,GREN_002,GREN
1998-08-04,80,GREN_002,GREN
1998-09-24,72,GREN_002,GREN
1998-09-03,69,GREN_002,GREN
1999-10-12,86,GREN_002,GREN
1999-06-01,97,GREN_002,GREN
1999-06-24,89,GREN_002,GREN
1999-07-20,92,GREN_002,GREN
1999-08-10,84,GREN_002,GREN
1999-09-16,90,GREN_002,GREN
2000-10-12,18,GREN_002,GREN
2000-10-31,27,GREN_002,GREN
2000-06-13,7,GREN_002,GREN
2000-07-25,13,GREN_002,GREN
2000-07-04,7,GREN_002,GREN
2000-08-15,17,GREN_002,GREN
2000-09-19,30,GREN_002,GREN
2001-10-10,62,GREN_002,GREN
2001-11-01,55,GREN_002,GREN
2001-04-17,7,GREN_002,GREN
2001-05-31,30,GREN_002,GREN
2001-05-08,11,GREN_002,GREN
2001-06-19,32,GREN_002,GREN
2001-07-10,29,GREN_002,GREN
2001-07-31,36,GREN_002,GREN
2001-08-21,41,GREN_002,GREN
2001-09-13,60,GREN_002,GREN
2002-10-31,80,GREN_002,GREN
2002-10-08,76,GREN_002,GREN
2002-05-23,60,GREN_002,GREN
2002-06-13,90,GREN_002,GREN
2002-07-18,93,GREN_002,GREN
2002-08-27,86,GREN_002,GREN
2002-08-06,98,GREN_002,GREN
2002-09-17,60,GREN_002,GREN
2003-10-28,78,GREN_002,GREN
2003-10-09,52,GREN_002,GREN
2003-05-27,40,GREN_002,GREN
2003-06-17,32,GREN_002,GREN
2003-07-17,49,GREN_002,GREN
2003-08-26,55,GREN_002,GREN
2003-08-07,53,GREN_002,GREN
2003-09-16,44,GREN_002,GREN
2004-10-28,33,GREN_002,GREN
2004-10-07,22,GREN_002,GREN
2004-05-27,66,GREN_002,GREN
2004-06-17,95,GREN_002,GREN
2004-07-13,76,GREN_002,GREN
2004-08-26,69,GREN_002,GREN
2004-08-05,66,GREN_002,GREN
2004-09-16,68,GREN_002,GREN
2005-10-18,13,GREN_002,GREN
2005-11-09,20,GREN_002,GREN
2005-05-24,1,GREN_002,GREN
2005-06-16,5,GREN_002,GREN
2005-07-28,7,GREN_002,GREN
2005-07-07,4,GREN_002,GREN
2005-08-16,14,GREN_002,GREN
2005-09-27,15,GREN_002,GREN
2005-09-08,12,GREN_002,GREN
2006-10-19,101,GREN_002,GREN
2006-11-08,128,GREN_002,GREN
2006-05-23,33,GREN_002,GREN
2006-06-13,53,GREN_002,GREN
2006-07-25,77,GREN_002,GREN
2006-07-04,70,GREN_002,GREN
2006-08-17,77,GREN_002,GREN
2006-09-28,72,GREN_002,GREN
2006-09-07,61,GREN_002,GREN
2007-10-11,111,GREN_002,GREN
2007-11-01,129,GREN_002,GREN
2007-05-22,77,GREN_002,GREN
2007-06-12,137,GREN_002,GREN
2007-07-10,162,GREN_002,GREN
2007-07-31,134,GREN_002,GREN
2007-08-30,118,GREN_002,GREN
2007-09-20,95,GREN_002,GREN
2008-10-21,47,GREN_002,GREN
2008-05-20,29,GREN_002,GREN
2008-06-10,44,GREN_002,GREN
2008-07-01,56,GREN_002,GREN
2008-07-29,41,GREN_002,GREN
2008-08-19,32,GREN_002,GREN
2008-09-30,38,GREN_002,GREN
2008-09-09,45,GREN_002,GREN
2009-10-08,48,GREN_002,GREN
2009-11-10,42,GREN_002,GREN
2009-06-02,27,GREN_002,GREN
2009-06-23,32,GREN_002,GREN
2009-07-14,40,GREN_002,GREN
2009-08-25,33,GREN_002,GREN
2009-08-06,33,GREN_002,GREN
2009-09-15,27,GREN_002,GREN
2010-10-21,43,GREN_002,GREN
2010-05-27,37,GREN_002,GREN
2010-06-17,36,GREN_002,GREN
2010-07-29,34,GREN_002,GREN
2010-07-08,35,GREN_002,GREN
2010-08-17,29,GREN_002,GREN
2010-09-30,51,GREN_002,GREN
2010-09-09,38,GREN_002,GREN
2011-10-25,116,GREN_002,GREN
2011-10-06,74,GREN_002,GREN
2011-05-31,134,GREN_002,GREN
2011-06-21,182,GREN_002,GREN
2011-07-12,205,GREN_002,GREN
2011-08-02,196,GREN_002,GREN
2011-08-23,159,GREN_002,GREN
2011-09-13,103,GREN_002,GREN
2012-10-11,137,GREN_002,GREN
2012-11-01,93,GREN_002,GREN
2012-04-12,46,GREN_002,GREN
2012-04-26,76,GREN_002,GREN
2012-05-17,84,GREN_002,GREN
2012-06-26,88,GREN_002,GREN
2012-06-07,97,GREN_002,GREN
2012-07-17,99,GREN_002,GREN
2012-08-30,75,GREN_002,GREN
2012-08-09,97,GREN_002,GREN
2012-09-20,120,GREN_002,GREN
2013-10-10,13,GREN_002,GREN
2013-10-31,20,GREN_002,GREN
2013-07-18,2,GREN_002,GREN
2013-08-27,9,GREN_002,GREN
2013-08-08,3,GREN_002,GREN
2013-09-17,10,GREN_002,GREN
2014-10-16,58,GREN_002,GREN
2014-10-28,50,GREN_002,GREN
2014-04-22,16,GREN_002,GREN
2014-05-13,27,GREN_002,GREN
2014-05-28,18,GREN_002,GREN
2014-06-10,25,GREN_002,GREN
2014-06-24,26,GREN_002,GREN
2014-07-22,18,GREN_002,GREN
2014-07-08,25,GREN_002,GREN
2014-08-18,26,GREN_002,GREN
2014-08-05,27,GREN_002,GREN
2014-09-01,25,GREN_002,GREN
2014-09-16,28,GREN_002,GREN
2014-09-30,46,GREN_002,GREN
2014-09-09,2,GREN_002,GREN
2015-10-01,68,GREN_002,GREN
2015-10-22,104,GREN_002,GREN
2015-04-30,22,GREN_002,GREN
2015-05-19,37,GREN_002,GREN
2015-06-16,42,GREN_002,GREN
2015-06-02,45,GREN_002,GREN
2015-07-28,58,GREN_002,GREN
2015-07-09,49,GREN_002,GREN
2015-08-20,51,GREN_002,GREN
2015-09-08,46,GREN_002,GREN
2016-10-25,163,GREN_002,GREN
2016-10-06,173,GREN_002,GREN
2016-05-12,137,GREN_002,GREN
2016-06-02,135,GREN_002,GREN
2016-06-23,198,GREN_002,GREN
2016-07-14,215,GREN_002,GREN
2016-08-02,231,GREN_002,GREN
2016-08-25,233,GREN_002,GREN
2016-09-14,179,GREN_002,GREN
2017-10-17,30,GREN_002,GREN
2017-11-07,33,GREN_002,GREN
2017-05-23,5,GREN_002,GREN
2017-06-13,11,GREN_002,GREN
2017-07-25,26,GREN_002,GREN
2017-07-04,17,GREN_002,GREN
2017-08-17,23,GREN_002,GREN
2017-09-26,27,GREN_002,GREN
2017-09-05,21,GREN_002,GREN
2018-10-30,114,GREN_002,GREN
2018-04-25,25,GREN_002,GREN
2018-06-26,94,GREN_002,GREN
2018-06-05,53,GREN_002,GREN
2018-07-17,102,GREN_002,GREN
2018-08-28,106,GREN_002,GREN
2018-08-09,117,GREN_002,GREN
2018-09-18,71,GREN_002,GREN
2019-10-22,32,GREN_002,GREN
2019-10-08,23,GREN_002,GREN
2019-04-25,4,GREN_002,GREN
2019-05-14,4,GREN_002,GREN
2019-06-25,8,GREN_002,GREN
2019-06-06,7,GREN_002,GREN
2019-07-18,5,GREN_002,GREN
2019-08-29,18,GREN_002,GREN
2019-08-08,15,GREN_002,GREN
2019-09-17,16,GREN_002,GREN
2020-08-27,124,GREN_002,GREN
2020-08-04,104,GREN_002,GREN
2020-09-22,84,GREN_002,GREN
2021-06-24,2,GREN_002,GREN
2021-06-03,2,GREN_002,GREN
2021-08-19,8,GREN_002,GREN
2021-09-14,14,GREN_002,GREN
2022-05-17,44,GREN_002,GREN
2022-05-31,84,GREN_002,GREN
2022-08-18,67,GREN_002,GREN
2022-09-07,77,GREN_002,GREN
2023-06-27,14,GREN_002,GREN
2023-06-08,3,GREN_002,GREN
2023-08-15,26,GREN_002,GREN
2023-09-05,25,GREN_002,GREN
2024-06-06,74,GREN_002,GREN
2024-07-04,96,GREN_002,GREN
2024-08-22,95,GREN_002,GREN
2024-09-09,105,GREN_002,GREN
2025-06-24,9,GREN_002,GREN
2025-06-03,7,GREN_002,GREN
2025-08-19,10,GREN_002,GREN
2025-09-09,15,GREN_002,GREN
1991-10-30,86,HNRY_001,HNRY
1991-10-09,53,HNRY_001,HNRY
1991-11-13,37,HNRY_001,HNRY
1991-12-11,47,HNRY_001,HNRY
1991-07-16,39,HNRY_001,HNRY
1991-08-28,41,HNRY_001,HNRY
1991-08-06,44,HNRY_001,HNRY
1991-09-18,31,HNRY_001,HNRY
1992-10-20,56,HNRY_001,HNRY
1992-11-10,58,HNRY_001,HNRY
1992-03-31,38,HNRY_001,HNRY
1992-04-21,46,HNRY_001,HNRY
1992-05-12,56,HNRY_001,HNRY
1992-06-02,50,HNRY_001,HNRY
1992-06-23,60,HNRY_001,HNRY
1992-07-14,90,HNRY_001,HNRY
1992-08-11,93,HNRY_001,HNRY
1992-09-01,76,HNRY_001,HNRY
1992-09-29,48,HNRY_001,HNRY
1993-10-18,43,HNRY_001,HNRY
1993-05-04,1,HNRY_001,HNRY
1993-06-22,28,HNRY_001,HNRY
1993-08-10,39,HNRY_001,HNRY
1994-10-18,15,HNRY_001,HNRY
1994-11-08,15,HNRY_001,HNRY
1994-04-19,3,HNRY_001,HNRY
1994-05-24,2,HNRY_001,HNRY
1994-06-21,5,HNRY_001,HNRY
1994-07-26,12,HNRY_001,HNRY
1994-08-23,9,HNRY_001,HNRY
1994-09-20,10,HNRY_001,HNRY
1995-10-24,59,HNRY_001,HNRY
1995-04-11,25,HNRY_001,HNRY
1995-05-09,32,HNRY_001,HNRY
1995-06-06,74,HNRY_001,HNRY
1995-08-01,81,HNRY_001,HNRY
1995-08-29,76,HNRY_001,HNRY
1995-09-28,30,HNRY_001,HNRY
1996-10-24,18,HNRY_001,HNRY
1996-02-27,1,HNRY_001,HNRY
1996-04-12,1,HNRY_001,HNRY
1996-05-09,2,HNRY_001,HNRY
1996-06-06,4,HNRY_001,HNRY
1996-07-01,1,HNRY_001,HNRY
1996-08-13,5,HNRY_001,HNRY
1996-08-27,7,HNRY_001,HNRY
1996-09-24,11,HNRY_001,HNRY
1997-10-02,29,HNRY_001,HNRY
1997-10-30,28,HNRY_001,HNRY
1997-05-28,16,HNRY_001,HNRY
1997-06-25,14,HNRY_001,HNRY
1997-08-06,23,HNRY_001,HNRY
1997-09-04,25,HNRY_001,HNRY
1998-10-06,52,HNRY_001,HNRY
1998-04-20,35,HNRY_001,HNRY
1998-05-14,30,HNRY_001,HNRY
1998-06-30,6,HNRY_001,HNRY
1998-06-09,38,HNRY_001,HNRY
1998-07-27,35,HNRY_001,HNRY
1998-08-18,32,HNRY_001,HNRY
1998-09-09,34,HNRY_001,HNRY
1999-10-21,45,HNRY_001,HNRY
1999-11-02,53,HNRY_001,HNRY
1999-05-20,88,HNRY_001,HNRY
1999-06-17,77,HNRY_001,HNRY
1999-07-08,63,HNRY_001,HNRY
1999-08-24,57,HNRY_001,HNRY
1999-08-05,64,HNRY_001,HNRY
1999-09-30,53,HNRY_001,HNRY
2000-10-17,30,HNRY_001,HNRY
2000-11-07,26,HNRY_001,HNRY
2000-06-01,5,HNRY_001,HNRY
2000-06-20,6,HNRY_001,HNRY
2000-07-13,5,HNRY_001,HNRY
2000-08-22,6,HNRY_001,HNRY
2000-08-03,10,HNRY_001,HNRY
2000-09-28,24,HNRY_001,HNRY
2001-10-18,73,HNRY_001,HNRY
2001-04-24,18,HNRY_001,HNRY
2001-05-17,22,HNRY_001,HNRY
2001-06-26,47,HNRY_001,HNRY
2001-06-07,39,HNRY_001,HNRY
2001-07-19,54,HNRY_001,HNRY
2001-08-28,54,HNRY_001,HNRY
2001-08-09,51,HNRY_001,HNRY
2001-09-20,68,HNRY_001,HNRY
2002-10-15,68,HNRY_001,HNRY
2002-11-07,86,HNRY_001,HNRY
2002-05-30,82,HNRY_001,HNRY
2002-05-09,66,HNRY_001,HNRY
2002-07-01,80,HNRY_001,HNRY
2002-07-25,62,HNRY_001,HNRY
2002-08-15,56,HNRY_001,HNRY
2002-09-26,77,HNRY_001,HNRY
2002-09-05,58,HNRY_001,HNRY
2003-10-02,56,HNRY_001,HNRY
2003-10-23,53,HNRY_001,HNRY
2003-05-20,72,HNRY_001,HNRY
2003-06-10,45,HNRY_001,HNRY
2003-07-31,58,HNRY_001,HNRY
2003-07-08,65,HNRY_001,HNRY
2003-08-21,57,HNRY_001,HNRY
2003-09-11,50,HNRY_001,HNRY
2004-10-21,51,HNRY_001,HNRY
2004-05-20,44,HNRY_001,HNRY
2004-06-08,62,HNRY_001,HNRY
2004-07-01,59,HNRY_001,HNRY
2004-07-27,73,HNRY_001,HNRY
2004-08-17,62,HNRY_001,HNRY
2004-09-28,58,HNRY_001,HNRY
2004-09-09,67,HNRY_001,HNRY
2005-10-13,28,HNRY_001,HNRY
2005-11-03,15,HNRY_001,HNRY
2005-06-30,3,HNRY_001,HNRY
2005-06-09,2,HNRY_001,HNRY
2005-07-21,3,HNRY_001,HNRY
2005-08-11,3,HNRY_001,HNRY
2005-09-01,6,HNRY_001,HNRY
2005-09-20,16,HNRY_001,HNRY
2006-10-26,108,HNRY_001,HNRY
2006-10-05,84,HNRY_001,HNRY
2006-06-01,33,HNRY_001,HNRY
2006-06-22,56,HNRY_001,HNRY
2006-07-13,69,HNRY_001,HNRY
2006-08-22,54,HNRY_001,HNRY
2006-08-03,61,HNRY_001,HNRY
2006-09-12,62,HNRY_001,HNRY
2007-10-02,87,HNRY_001,HNRY
2007-10-30,58,HNRY_001,HNRY
2007-05-17,93,HNRY_001,HNRY
2007-06-07,119,HNRY_001,HNRY
2007-07-26,134,HNRY_001,HNRY
2007-07-05,211,HNRY_001,HNRY
2007-08-21,140,HNRY_001,HNRY
2007-09-13,92,HNRY_001,HNRY
2008-10-28,111,HNRY_001,HNRY
2008-10-07,71,HNRY_001,HNRY
2008-05-28,17,HNRY_001,HNRY
2008-05-06,17,HNRY_001,HNRY
2008-06-19,22,HNRY_001,HNRY
2008-07-08,30,HNRY_001,HNRY
2008-08-28,28,HNRY_001,HNRY
2008-08-07,28,HNRY_001,HNRY
2008-09-18,46,HNRY_001,HNRY
2009-10-27,57,HNRY_001,HNRY
2009-05-27,9,HNRY_001,HNRY
2009-06-16,12,HNRY_001,HNRY
2009-07-28,17,HNRY_001,HNRY
2009-07-07,16,HNRY_001,HNRY
2009-08-18,25,HNRY_001,HNRY
2009-09-10,27,HNRY_001,HNRY
2009-09-29,49,HNRY_001,HNRY
2010-10-12,88,HNRY_001,HNRY
2010-11-04,106,HNRY_001,HNRY
2010-05-18,98,HNRY_001,HNRY
2010-06-08,87,HNRY_001,HNRY
2010-07-01,69,HNRY_001,HNRY
2010-07-20,76,HNRY_001,HNRY
2010-08-12,75,HNRY_001,HNRY
2010-08-31,56,HNRY_001,HNRY
2010-09-21,52,HNRY_001,HNRY
2011-10-13,71,HNRY_001,HNRY
2011-11-03,71,HNRY_001,HNRY
2011-06-28,165,HNRY_001,HNRY
2011-06-07,104,HNRY_001,HNRY
2011-07-21,179,HNRY_001,HNRY
2011-08-09,166,HNRY_001,HNRY
2011-09-01,126,HNRY_001,HNRY
2011-09-20,91,HNRY_001,HNRY
2012-10-02,88,HNRY_001,HNRY
2012-10-23,81,HNRY_001,HNRY
2012-04-10,26,HNRY_001,HNRY
2012-04-19,46,HNRY_001,HNRY
2012-05-10,60,HNRY_001,HNRY
2012-05-31,76,HNRY_001,HNRY
2012-06-19,88,HNRY_001,HNRY
2012-07-12,95,HNRY_001,HNRY
2012-07-31,80,HNRY_001,HNRY
2012-08-21,90,HNRY_001,HNRY
2012-09-11,92,HNRY_001,HNRY
2013-10-01,18,HNRY_001,HNRY
2013-10-24,17,HNRY_001,HNRY
2013-04-16,1,HNRY_001,HNRY
2013-05-09,1,HNRY_001,HNRY
2013-06-18,2,HNRY_001,HNRY
2013-07-30,1,HNRY_001,HNRY
2013-07-09,2,HNRY_001,HNRY
2013-08-22,7,HNRY_001,HNRY
2013-09-12,17,HNRY_001,HNRY
2014-10-23,67,HNRY_001,HNRY
2014-10-09,43,HNRY_001,HNRY
2014-11-06,41,HNRY_001,HNRY
2014-04-29,10,HNRY_001,HNRY
2014-05-20,11,HNRY_001,HNRY
2014-06-19,17,HNRY_001,HNRY
2014-06-30,17,HNRY_001,HNRY
2014-06-05,19,HNRY_001,HNRY
2014-07-15,19,HNRY_001,HNRY
2014-07-31,19,HNRY_001,HNRY
2014-08-13,15,HNRY_001,HNRY
2014-08-28,30,HNRY_001,HNRY
2014-09-10,40,HNRY_001,HNRY
2014-09-23,46,HNRY_001,HNRY
2015-04-14,59,HNRY_001,HNRY
2015-05-28,57,HNRY_001,HNRY
2015-05-05,38,HNRY_001,HNRY
2015-06-11,89,HNRY_001,HNRY
2015-07-01,68,HNRY_001,HNRY
2015-07-21,67,HNRY_001,HNRY
2015-08-11,101,HNRY_001,HNRY
2015-09-24,88,HNRY_001,HNRY
2015-09-03,78,HNRY_001,HNRY
2016-10-20,60,HNRY_001,HNRY
2016-05-24,102,HNRY_001,HNRY
2016-05-05,89,HNRY_001,HNRY
2016-08-18,185,HNRY_001,HNRY
2016-09-29,114,HNRY_001,HNRY
2016-09-08,153,HNRY_001,HNRY
2017-10-12,24,HNRY_001,HNRY
2017-10-31,19,HNRY_001,HNRY
2017-06-27,2,HNRY_001,HNRY
2017-06-06,2,HNRY_001,HNRY
2017-07-18,4,HNRY_001,HNRY
2017-08-10,7,HNRY_001,HNRY
2017-08-29,13,HNRY_001,HNRY
2017-09-19,25,HNRY_001,HNRY
2018-11-06,65,HNRY_001,HNRY
2019-04-17,18,HNRY_001,HNRY
2018-05-24,39,HNRY_001,HNRY
2018-06-14,43,HNRY_001,HNRY
2018-07-26,65,HNRY_001,HNRY
2018-07-05,57,HNRY_001,HNRY
2018-08-16,58,HNRY_001,HNRY
2018-09-27,54,HNRY_001,HNRY
2018-09-06,61,HNRY_001,HNRY
2019-10-01,42,HNRY_001,HNRY
2019-10-29,44,HNRY_001,HNRY
2019-04-16,2,HNRY_001,HNRY
2019-05-30,14,HNRY_001,HNRY
2019-05-09,5,HNRY_001,HNRY
2019-06-18,11,HNRY_001,HNRY
2019-07-11,14,HNRY_001,HNRY
2019-07-30,24,HNRY_001,HNRY
2019-08-22,30,HNRY_001,HNRY
2019-09-12,32,HNRY_001,HNRY
2020-07-28,145,HNRY_001,HNRY
2020-08-18,160,HNRY_001,HNRY
2020-09-15,128,HNRY_001,HNRY
2021-06-10,2,HNRY_001,HNRY
2021-08-23,8,HNRY_001,HNRY
2021-08-03,7,HNRY_001,HNRY
2022-05-24,55,HNRY_001,HNRY
2022-08-25,108,HNRY_001,HNRY
2022-08-04,104,HNRY_001,HNRY
2023-05-23,1,HNRY_001,HNRY
2023-06-13,11,HNRY_001,HNRY
2023-08-01,17,HNRY_001,HNRY
2023-08-24,23,HNRY_001,HNRY
2024-05-21,30,HNRY_001,HNRY
2024-06-13,57,HNRY_001,HNRY
2024-08-27,75,HNRY_001,HNRY
2024-08-05,83,HNRY_001,HNRY
2025-05-20,2,HNRY_001,HNRY
2025-06-12,5,HNRY_001,HNRY
2025-08-26,14,HNRY_001,HNRY
2025-08-05,12,HNRY_001,HNRY
1995-10-26,69,HNRY_002,HNRY
1995-04-13,10,HNRY_002,HNRY
1995-05-11,18,HNRY_002,HNRY
1995-06-28,31,HNRY_002,HNRY
1995-06-30,17,HNRY_002,HNRY
1995-06-08,80,HNRY_002,HNRY
1995-07-10,2,HNRY_002,HNRY
1995-07-12,2,HNRY_002,HNRY
1995-07-14,1,HNRY_002,HNRY
1995-07-17,1,HNRY_002,HNRY
1995-07-04,5,HNRY_002,HNRY
1995-07-06,4,HNRY_002,HNRY
1995-08-10,39,HNRY_002,HNRY
1995-08-31,61,HNRY_002,HNRY
1995-09-26,51,HNRY_002,HNRY
1996-10-22,21,HNRY_002,HNRY
1996-02-27,7,HNRY_002,HNRY
1996-04-09,11,HNRY_002,HNRY
1996-05-07,18,HNRY_002,HNRY
1996-06-04,4,HNRY_002,HNRY
1996-07-01,4,HNRY_002,HNRY
1996-08-29,16,HNRY_002,HNRY
1996-08-08,21,HNRY_002,HNRY
1996-09-26,17,HNRY_002,HNRY
1997-10-27,49,HNRY_002,HNRY
1997-05-30,16,HNRY_002,HNRY
1997-06-17,32,HNRY_002,HNRY
1997-06-24,5,HNRY_002,HNRY
1997-06-30,6,HNRY_002,HNRY
1997-07-15,5,HNRY_002,HNRY
1997-07-22,7,HNRY_002,HNRY
1997-07-29,3,HNRY_002,HNRY
1997-07-08,7,HNRY_002,HNRY
1997-08-12,9,HNRY_002,HNRY
1997-08-19,3,HNRY_002,HNRY
1997-08-26,8,HNRY_002,HNRY
1997-08-05,16,HNRY_002,HNRY
1997-09-02,19,HNRY_002,HNRY
1997-09-30,41,HNRY_002,HNRY
1998-10-08,81,HNRY_002,HNRY
1998-04-20,23,HNRY_002,HNRY
1998-05-11,19,HNRY_002,HNRY
1998-05-21,21,HNRY_002,HNRY
1998-05-26,19,HNRY_002,HNRY
1998-06-02,41,HNRY_002,HNRY
1998-06-25,28,HNRY_002,HNRY
1998-06-09,17,HNRY_002,HNRY
1998-07-01,7,HNRY_002,HNRY
1998-07-29,36,HNRY_002,HNRY
1998-07-07,1,HNRY_002,HNRY
1998-08-11,33,HNRY_002,HNRY
1998-08-18,56,HNRY_002,HNRY
1998-08-25,54,HNRY_002,HNRY
1998-08-06,45,HNRY_002,HNRY
1998-09-09,52,HNRY_002,HNRY
1999-10-21,51,HNRY_002,HNRY
1999-05-18,94,HNRY_002,HNRY
1999-06-15,119,HNRY_002,HNRY
1999-07-06,99,HNRY_002,HNRY
1999-08-26,72,HNRY_002,HNRY
1999-08-03,79,HNRY_002,HNRY
1999-09-28,73,HNRY_002,HNRY
2000-10-19,35,HNRY_002,HNRY
2000-11-08,22,HNRY_002,HNRY
2000-06-22,4,HNRY_002,HNRY
2000-06-06,6,HNRY_002,HNRY
2000-07-11,5,HNRY_002,HNRY
2000-08-01,9,HNRY_002,HNRY
2000-08-22,18,HNRY_002,HNRY
2000-09-26,29,HNRY_002,HNRY
2001-10-16,94,HNRY_002,HNRY
2001-04-26,23,HNRY_002,HNRY
2001-05-15,31,HNRY_002,HNRY
2001-06-28,53,HNRY_002,HNRY
2001-06-05,43,HNRY_002,HNRY
2001-07-17,69,HNRY_002,HNRY
2001-08-30,53,HNRY_002,HNRY
2001-08-08,59,HNRY_002,HNRY
2001-09-18,67,HNRY_002,HNRY
2002-10-17,81,HNRY_002,HNRY
2002-11-05,86,HNRY_002,HNRY
2002-05-29,69,HNRY_002,HNRY
2002-05-07,58,HNRY_002,HNRY
2002-07-23,50,HNRY_002,HNRY
2002-07-03,59,HNRY_002,HNRY
2002-08-13,62,HNRY_002,HNRY
2002-09-24,55,HNRY_002,HNRY
2002-09-03,60,HNRY_002,HNRY
2003-10-21,72,HNRY_002,HNRY
2003-05-22,45,HNRY_002,HNRY
2003-06-12,43,HNRY_002,HNRY
2003-07-10,50,HNRY_002,HNRY
2003-07-29,64,HNRY_002,HNRY
2003-08-19,68,HNRY_002,HNRY
2003-09-30,76,HNRY_002,HNRY
2003-09-09,76,HNRY_002,HNRY
2004-10-19,51,HNRY_002,HNRY
2004-05-18,58,HNRY_002,HNRY
2004-06-10,70,HNRY_002,HNRY
2004-06-29,105,HNRY_002,HNRY
2004-07-29,92,HNRY_002,HNRY
2004-08-19,79,HNRY_002,HNRY
2004-09-30,61,HNRY_002,HNRY
2004-09-08,77,HNRY_002,HNRY
2005-10-12,31,HNRY_002,HNRY
2005-11-01,25,HNRY_002,HNRY
2005-05-17,1,HNRY_002,HNRY
2005-06-28,5,HNRY_002,HNRY
2005-06-07,3,HNRY_002,HNRY
2005-07-19,8,HNRY_002,HNRY
2005-08-30,12,HNRY_002,HNRY
2005-08-09,8,HNRY_002,HNRY
2005-09-22,18,HNRY_002,HNRY
2006-10-24,82,HNRY_002,HNRY
2006-10-03,84,HNRY_002,HNRY
2006-05-30,38,HNRY_002,HNRY
2006-06-20,49,HNRY_002,HNRY
2006-07-11,62,HNRY_002,HNRY
2006-08-01,66,HNRY_002,HNRY
2006-08-24,65,HNRY_002,HNRY
2007-08-24,1,HNRY_002,HNRY
2006-09-14,65,HNRY_002,HNRY
2007-10-25,95,HNRY_002,HNRY
2007-10-09,119,HNRY_002,HNRY
2007-05-15,102,HNRY_002,HNRY
2007-06-05,127,HNRY_002,HNRY
2007-07-25,137,HNRY_002,HNRY
2007-07-03,138,HNRY_002,HNRY
2007-08-23,122,HNRY_002,HNRY
2007-09-11,102,HNRY_002,HNRY
2008-10-30,90,HNRY_002,HNRY
2008-10-09,80,HNRY_002,HNRY
2008-05-29,21,HNRY_002,HNRY
2008-05-08,10,HNRY_002,HNRY
2008-06-17,34,HNRY_002,HNRY
2008-07-10,41,HNRY_002,HNRY
2008-08-26,49,HNRY_002,HNRY
2008-08-05,44,HNRY_002,HNRY
2008-09-16,45,HNRY_002,HNRY
2009-10-01,37,HNRY_002,HNRY
2009-10-29,62,HNRY_002,HNRY
2009-05-28,20,HNRY_002,HNRY
2009-06-18,17,HNRY_002,HNRY
2009-07-30,21,HNRY_002,HNRY
2009-07-09,20,HNRY_002,HNRY
2009-08-20,27,HNRY_002,HNRY
2010-09-30,1,HNRY_002,HNRY
2009-09-09,33,HNRY_002,HNRY
2010-10-14,76,HNRY_002,HNRY
2010-11-09,97,HNRY_002,HNRY
2010-05-20,43,HNRY_002,HNRY
2010-06-10,84,HNRY_002,HNRY
2010-06-28,81,HNRY_002,HNRY
2010-07-22,81,HNRY_002,HNRY
2010-08-10,66,HNRY_002,HNRY
2010-09-02,44,HNRY_002,HNRY
2010-09-23,56,HNRY_002,HNRY
2011-10-11,104,HNRY_002,HNRY
2011-11-01,66,HNRY_002,HNRY
2011-06-30,163,HNRY_002,HNRY
2011-06-09,111,HNRY_002,HNRY
2011-07-19,171,HNRY_002,HNRY
2011-08-11,178,HNRY_002,HNRY
2011-08-30,132,HNRY_002,HNRY
2011-09-22,93,HNRY_002,HNRY
2012-10-25,75,HNRY_002,HNRY
2012-10-03,128,HNRY_002,HNRY
2012-04-17,119,HNRY_002,HNRY
2012-04-05,29,HNRY_002,HNRY
2012-05-29,94,HNRY_002,HNRY
2012-05-08,96,HNRY_002,HNRY
2012-06-21,107,HNRY_002,HNRY
2012-07-10,133,HNRY_002,HNRY
2012-08-02,123,HNRY_002,HNRY
2012-08-23,104,HNRY_002,HNRY
2012-09-13,115,HNRY_002,HNRY
2013-10-22,17,HNRY_002,HNRY
2013-10-03,14,HNRY_002,HNRY
2013-06-20,2,HNRY_002,HNRY
2013-07-11,6,HNRY_002,HNRY
2013-08-01,6,HNRY_002,HNRY
2013-08-20,10,HNRY_002,HNRY
2013-09-10,8,HNRY_002,HNRY
2014-10-23,61,HNRY_002,HNRY
2014-10-09,35,HNRY_002,HNRY
2014-11-06,34,HNRY_002,HNRY
2014-05-01,10,HNRY_002,HNRY
2014-05-20,11,HNRY_002,HNRY
2014-06-17,28,HNRY_002,HNRY
2014-06-03,28,HNRY_002,HNRY
2014-07-17,18,HNRY_002,HNRY
2014-07-02,21,HNRY_002,HNRY
2014-07-29,20,HNRY_002,HNRY
2014-08-11,19,HNRY_002,HNRY
2014-08-26,23,HNRY_002,HNRY
2014-09-23,38,HNRY_002,HNRY
2014-09-08,34,HNRY_002,HNRY
2015-10-13,112,HNRY_002,HNRY
2015-10-28,105,HNRY_002,HNRY
2015-04-16,39,HNRY_002,HNRY
2015-05-26,38,HNRY_002,HNRY
2015-05-07,25,HNRY_002,HNRY
2015-06-29,72,HNRY_002,HNRY
2015-06-09,65,HNRY_002,HNRY
2015-08-13,75,HNRY_002,HNRY
2015-09-01,77,HNRY_002,HNRY
2015-09-22,79,HNRY_002,HNRY
2016-10-18,118,HNRY_002,HNRY
2016-05-03,103,HNRY_002,HNRY
2016-08-16,201,HNRY_002,HNRY
2016-09-27,145,HNRY_002,HNRY
2016-09-06,187,HNRY_002,HNRY
2017-10-10,31,HNRY_002,HNRY
2017-06-29,9,HNRY_002,HNRY
2017-06-08,4,HNRY_002,HNRY
2017-07-20,13,HNRY_002,HNRY
2017-08-31,12,HNRY_002,HNRY
2017-08-08,14,HNRY_002,HNRY
2017-09-21,27,HNRY_002,HNRY
2018-11-08,62,HNRY_002,HNRY
2019-04-18,3,HNRY_002,HNRY
2018-05-22,34,HNRY_002,HNRY
2018-06-12,56,HNRY_002,HNRY
2018-07-24,76,HNRY_002,HNRY
2018-07-03,64,HNRY_002,HNRY
2018-08-14,78,HNRY_002,HNRY
2018-09-25,60,HNRY_002,HNRY
2018-09-04,67,HNRY_002,HNRY
2019-10-03,28,HNRY_002,HNRY
2019-10-31,42,HNRY_002,HNRY
2019-04-18,3,HNRY_002,HNRY
2019-05-28,4,HNRY_002,HNRY
2019-05-07,5,HNRY_002,HNRY
2019-06-20,12,HNRY_002,HNRY
2019-07-09,9,HNRY_002,HNRY
2019-08-01,18,HNRY_002,HNRY
2019-08-20,24,HNRY_002,HNRY
2019-09-10,19,HNRY_002,HNRY
2020-07-30,136,HNRY_002,HNRY
2020-08-20,168,HNRY_002,HNRY
2018-09-17,128,HNRY_002,HNRY
2021-06-08,6,HNRY_002,HNRY
2021-08-26,13,HNRY_002,HNRY
2021-08-05,8,HNRY_002,HNRY
2022-05-26,64,HNRY_002,HNRY
2022-08-02,104,HNRY_002,HNRY
2022-08-23,107,HNRY_002,HNRY
2023-05-25,4,HNRY_002,HNRY
2023-06-15,8,HNRY_002,HNRY
2023-08-22,28,HNRY_002,HNRY
2023-08-03,8,HNRY_002,HNRY
2024-05-23,44,HNRY_002,HNRY
2024-06-18,80,HNRY_002,HNRY
2024-08-29,97,HNRY_002,HNRY
2024-08-08,94,HNRY_002,HNRY
2025-05-22,3,HNRY_002,HNRY
2025-06-10,7,HNRY_002,HNRY
2025-08-28,17,HNRY_002,HNRY
2025-08-07,12,HNRY_002,HNRY
1991-10-16,62,TEA_001,TEA
1991-11-06,38,TEA_001,TEA
1991-12-16,18,TEA_001,TEA
1991-12-05,38,TEA_001,TEA
1991-07-23,29,TEA_001,TEA
1991-08-13,39,TEA_001,TEA
1991-09-25,43,TEA_001,TEA
1991-09-04,52,TEA_001,TEA
1992-10-14,89,TEA_001,TEA
1992-11-04,100,TEA_001,TEA
1992-04-28,60,TEA_001,TEA
1992-04-07,47,TEA_001,TEA
1992-05-19,39,TEA_001,TEA
1992-06-30,15,TEA_001,TEA
1992-06-09,64,TEA_001,TEA
1992-08-25,105,TEA_001,TEA
1992-08-04,118,TEA_001,TEA
1992-09-22,95,TEA_001,TEA
1993-10-12,37,TEA_001,TEA
1993-04-27,10,TEA_001,TEA
1993-06-15,23,TEA_001,TEA
1993-08-03,38,TEA_001,TEA
1994-10-25,22,TEA_001,TEA
1994-11-15,20,TEA_001,TEA
1994-05-31,2,TEA_001,TEA
1994-06-28,3,TEA_001,TEA
1994-08-02,10,TEA_001,TEA
1994-08-30,14,TEA_001,TEA
1994-09-27,16,TEA_001,TEA
1995-10-05,104,TEA_001,TEA
1995-11-02,78,TEA_001,TEA
1995-04-18,42,TEA_001,TEA
1995-05-16,63,TEA_001,TEA
1995-06-13,86,TEA_001,TEA
1995-08-03,147,TEA_001,TEA
1995-09-05,110,TEA_001,TEA
1996-10-09,23,TEA_001,TEA
1996-11-07,40,TEA_001,TEA
1996-03-26,6,TEA_001,TEA
1996-04-02,3,TEA_001,TEA
1996-04-23,5,TEA_001,TEA
1996-05-23,8,TEA_001,TEA
1996-07-03,8,TEA_001,TEA
1996-08-15,12,TEA_001,TEA
1996-09-10,14,TEA_001,TEA
1997-10-09,42,TEA_001,TEA
1997-11-06,44,TEA_001,TEA
1997-06-03,24,TEA_001,TEA
1997-07-01,41,TEA_001,TEA
1997-08-13,42,TEA_001,TEA
1997-09-11,30,TEA_001,TEA
1998-10-15,79,TEA_001,TEA
1998-04-22,47,TEA_001,TEA
1998-05-21,73,TEA_001,TEA
1998-06-18,76,TEA_001,TEA
1998-07-29,83,TEA_001,TEA
1998-08-25,68,TEA_001,TEA
1998-09-15,58,TEA_001,TEA
1999-10-19,49,TEA_001,TEA
1999-11-11,23,TEA_001,TEA
1999-06-29,92,TEA_001,TEA
1999-06-08,79,TEA_001,TEA
1999-07-27,72,TEA_001,TEA
1999-08-17,77,TEA_001,TEA
1999-09-21,62,TEA_001,TEA
2000-10-26,14,TEA_001,TEA
2000-10-03,25,TEA_001,TEA
2000-06-29,8,TEA_001,TEA
2000-06-08,4,TEA_001,TEA
2000-07-20,12,TEA_001,TEA
2000-08-08,7,TEA_001,TEA
2000-09-14,19,TEA_001,TEA
2001-10-02,45,TEA_001,TEA
2001-10-23,61,TEA_001,TEA
2001-05-22,31,TEA_001,TEA
2001-05-03,9,TEA_001,TEA
2001-06-14,39,TEA_001,TEA
2001-07-24,56,TEA_001,TEA
2001-07-05,58,TEA_001,TEA
2001-08-14,53,TEA_001,TEA
2001-09-05,52,TEA_001,TEA
2002-10-24,69,TEA_001,TEA
2002-10-03,76,TEA_001,TEA
2002-11-13,99,TEA_001,TEA
2002-05-14,69,TEA_001,TEA
2002-06-06,88,TEA_001,TEA
2002-07-30,88,TEA_001,TEA
2002-07-09,83,TEA_001,TEA
2002-08-20,80,TEA_001,TEA
2002-09-12,73,TEA_001,TEA
2003-10-15,70,TEA_001,TEA
2003-11-04,88,TEA_001,TEA
2003-06-03,41,TEA_001,TEA
2003-07-01,45,TEA_001,TEA
2003-07-24,66,TEA_001,TEA
2003-08-14,75,TEA_001,TEA
2003-09-02,76,TEA_001,TEA
2003-09-23,56,TEA_001,TEA
2004-10-14,15,TEA_001,TEA
2004-11-04,27,TEA_001,TEA
2004-06-02,46,TEA_001,TEA
2004-06-22,58,TEA_001,TEA
2004-07-22,70,TEA_001,TEA
2004-08-12,40,TEA_001,TEA
2004-08-31,38,TEA_001,TEA
2004-09-23,42,TEA_001,TEA
2005-10-25,22,TEA_001,TEA
2005-10-06,13,TEA_001,TEA
2005-07-12,1,TEA_001,TEA
2005-08-02,1,TEA_001,TEA
2005-08-25,3,TEA_001,TEA
2005-09-15,9,TEA_001,TEA
2006-10-12,79,TEA_001,TEA
2006-11-02,83,TEA_001,TEA
2006-05-16,20,TEA_001,TEA
2006-06-29,39,TEA_001,TEA
2006-06-08,29,TEA_001,TEA
2006-07-20,47,TEA_001,TEA
2006-08-31,47,TEA_001,TEA
2006-08-08,51,TEA_001,TEA
2006-09-21,51,TEA_001,TEA
2007-10-18,111,TEA_001,TEA
2007-05-29,89,TEA_001,TEA
2007-06-25,176,TEA_001,TEA
2007-07-17,199,TEA_001,TEA
2007-08-09,193,TEA_001,TEA
2007-09-27,91,TEA_001,TEA
2007-09-04,139,TEA_001,TEA
2008-10-14,61,TEA_001,TEA
2008-11-06,73,TEA_001,TEA
2008-05-15,5,TEA_001,TEA
2008-06-26,17,TEA_001,TEA
2008-06-05,14,TEA_001,TEA
2008-07-17,20,TEA_001,TEA
2008-08-14,29,TEA_001,TEA
2008-09-02,20,TEA_001,TEA
2008-09-25,32,TEA_001,TEA
2009-10-13,32,TEA_001,TEA
2009-10-21,48,TEA_001,TEA
2009-05-19,4,TEA_001,TEA
2009-06-30,25,TEA_001,TEA
2009-06-09,19,TEA_001,TEA
2009-07-23,30,TEA_001,TEA
2009-08-11,21,TEA_001,TEA
2009-09-22,38,TEA_001,TEA
2009-09-03,29,TEA_001,TEA
2010-10-28,54,TEA_001,TEA
2010-10-07,54,TEA_001,TEA
2010-06-24,72,TEA_001,TEA
2010-06-03,83,TEA_001,TEA
2010-08-26,35,TEA_001,TEA
2010-08-05,52,TEA_001,TEA
2010-09-16,27,TEA_001,TEA
2011-10-18,72,TEA_001,TEA
2011-05-24,66,TEA_001,TEA
2011-06-14,78,TEA_001,TEA
2011-07-28,151,TEA_001,TEA
2011-07-07,145,TEA_001,TEA
2011-08-16,154,TEA_001,TEA
2011-09-29,65,TEA_001,TEA
2011-09-06,113,TEA_001,TEA
2012-10-18,47,TEA_001,TEA
2012-11-07,21,TEA_001,TEA
2012-04-03,27,TEA_001,TEA
2012-05-01,57,TEA_001,TEA
2012-05-22,57,TEA_001,TEA
2012-06-12,74,TEA_001,TEA
2012-07-24,86,TEA_001,TEA
2012-07-05,80,TEA_001,TEA
2012-08-14,77,TEA_001,TEA
2012-09-25,86,TEA_001,TEA
2012-09-04,77,TEA_001,TEA
2013-10-17,15,TEA_001,TEA
2013-11-07,14,TEA_001,TEA
2013-05-23,2,TEA_001,TEA
2013-06-11,3,TEA_001,TEA
2013-07-23,3,TEA_001,TEA
2013-07-03,7,TEA_001,TEA
2013-08-15,8,TEA_001,TEA
2013-09-26,14,TEA_001,TEA
2013-09-05,9,TEA_001,TEA
2014-10-21,63,TEA_001,TEA
2014-10-07,51,TEA_001,TEA
2014-11-04,46,TEA_001,TEA
2014-04-17,5,TEA_001,TEA
2014-05-22,20,TEA_001,TEA
2014-05-08,7,TEA_001,TEA
2014-06-19,22,TEA_001,TEA
2014-06-05,22,TEA_001,TEA
2014-07-01,21,TEA_001,TEA
2014-07-15,31,TEA_001,TEA
2014-07-31,31,TEA_001,TEA
2014-08-13,31,TEA_001,TEA
2014-08-28,34,TEA_001,TEA
2014-09-10,37,TEA_001,TEA
2014-09-25,39,TEA_001,TEA
2015-10-07,60,TEA_001,TEA
2015-11-03,66,TEA_001,TEA
2015-04-21,32,TEA_001,TEA
2015-05-12,31,TEA_001,TEA
2015-05-28,23,TEA_001,TEA
2015-06-11,39,TEA_001,TEA
2015-06-22,37,TEA_001,TEA
2015-07-16,55,TEA_001,TEA
2015-08-25,63,TEA_001,TEA
2015-08-04,72,TEA_001,TEA
2015-09-14,69,TEA_001,TEA
2016-10-13,77,TEA_001,TEA
2016-11-01,57,TEA_001,TEA
2016-05-17,38,TEA_001,TEA
2016-06-30,147,TEA_001,TEA
2016-06-09,133,TEA_001,TEA
2016-07-21,187,TEA_001,TEA
2016-08-11,210,TEA_001,TEA
2016-08-30,217,TEA_001,TEA
2016-09-22,155,TEA_001,TEA
2017-10-26,18,TEA_001,TEA
2017-10-05,18,TEA_001,TEA
2017-05-30,2,TEA_001,TEA
2017-06-20,9,TEA_001,TEA
2017-07-11,6,TEA_001,TEA
2017-08-22,8,TEA_001,TEA
2017-08-03,6,TEA_001,TEA
2017-09-14,16,TEA_001,TEA
2018-10-25,28,TEA_001,TEA
2018-04-24,8,TEA_001,TEA
2018-05-31,37,TEA_001,TEA
2018-06-21,48,TEA_001,TEA
2018-07-10,50,TEA_001,TEA
2018-07-31,54,TEA_001,TEA
2018-08-21,60,TEA_001,TEA
2018-09-11,64,TEA_001,TEA
2019-10-15,20,TEA_001,TEA
2019-10-02,32,TEA_001,TEA
2019-10-23,26,TEA_001,TEA
2019-10-30,32,TEA_001,TEA
2019-10-09,22,TEA_001,TEA
2019-04-09,6,TEA_001,TEA
2019-05-15,13,TEA_001,TEA
2019-05-02,7,TEA_001,TEA
2019-05-23,7,TEA_001,TEA
2019-05-29,8,TEA_001,TEA
2019-05-07,9,TEA_001,TEA
2019-06-13,10,TEA_001,TEA
2019-06-19,8,TEA_001,TEA
2019-06-05,8,TEA_001,TEA
2019-07-17,18,TEA_001,TEA
2019-07-23,26,TEA_001,TEA
2019-07-03,16,TEA_001,TEA
2019-07-31,24,TEA_001,TEA
2019-07-09,16,TEA_001,TEA
2019-08-13,26,TEA_001,TEA
2019-08-20,21,TEA_001,TEA
2019-08-28,29,TEA_001,TEA
2019-09-11,29,TEA_001,TEA
2019-09-18,17,TEA_001,TEA
2019-09-26,23,TEA_001,TEA
2019-09-03,21,TEA_001,TEA
2020-07-21,81,TEA_001,TEA
2020-08-11,128,TEA_001,TEA
2020-09-10,87,TEA_001,TEA
2021-05-27,2,TEA_001,TEA
2021-06-17,3,TEA_001,TEA
2021-08-10,12,TEA_001,TEA
2021-09-07,16,TEA_001,TEA
2022-06-07,78,TEA_001,TEA
2022-08-09,106,TEA_001,TEA
2022-09-01,117,TEA_001,TEA
2023-05-30,4,TEA_001,TEA
2023-06-22,11,TEA_001,TEA
2023-08-10,25,TEA_001,TEA
2023-08-31,24,TEA_001,TEA
2024-05-28,56,TEA_001,TEA
2024-06-25,110,TEA_001,TEA
2024-08-15,96,TEA_001,TEA
2024-09-05,97,TEA_001,TEA
2025-05-29,4,TEA_001,TEA
2025-06-19,8,TEA_001,TEA
2025-08-12,17,TEA_001,TEA
2025-09-04,19,TEA_001,TEA
1995-10-03,90,TEA_002,TEA
1995-11-07,39,TEA_002,TEA
1995-04-20,34,TEA_002,TEA
1995-05-18,95,TEA_002,TEA
1995-06-15,113,TEA_002,TEA
1995-06-28,48,TEA_002,TEA
1996-06-28,2,TEA_002,TEA
1995-06-30,33,TEA_002,TEA
1995-07-10,3,TEA_002,TEA
1996-07-10,1,TEA_002,TEA
1995-07-12,2,TEA_002,TEA
1995-07-14,2,TEA_002,TEA
1995-07-20,2,TEA_002,TEA
1995-07-04,12,TEA_002,TEA
1996-07-06,1,TEA_002,TEA
1995-08-15,41,TEA_002,TEA
1995-09-07,59,TEA_002,TEA
1996-10-07,22,TEA_002,TEA
1996-11-05,33,TEA_002,TEA
1996-04-25,9,TEA_002,TEA
1996-04-03,1,TEA_002,TEA
1996-04-04,3,TEA_002,TEA
1996-05-21,10,TEA_002,TEA
1996-07-03,7,TEA_002,TEA
1996-08-15,11,TEA_002,TEA
1996-09-12,9,TEA_002,TEA
1997-10-07,50,TEA_002,TEA
1997-11-04,52,TEA_002,TEA
1997-06-17,28,TEA_002,TEA
1997-06-24,13,TEA_002,TEA
1997-06-30,10,TEA_002,TEA
1997-06-05,15,TEA_002,TEA
1997-07-15,9,TEA_002,TEA
1997-07-22,9,TEA_002,TEA
1997-07-29,9,TEA_002,TEA
1997-07-08,20,TEA_002,TEA
1997-08-12,13,TEA_002,TEA
1997-08-19,7,TEA_002,TEA
1997-08-26,10,TEA_002,TEA
1997-08-05,22,TEA_002,TEA
1997-09-09,28,TEA_002,TEA
1998-10-13,99,TEA_002,TEA
1998-04-22,33,TEA_002,TEA
1998-05-19,65,TEA_002,TEA
1998-06-11,70,TEA_002,TEA
1998-06-16,62,TEA_002,TEA
1998-06-02,67,TEA_002,TEA
1998-06-25,76,TEA_002,TEA
1998-07-02,75,TEA_002,TEA
1998-07-27,76,TEA_002,TEA
1998-08-11,78,TEA_002,TEA
1998-08-20,80,TEA_002,TEA
1998-08-27,67,TEA_002,TEA
1998-08-06,77,TEA_002,TEA
1998-09-17,80,TEA_002,TEA
1999-10-19,71,TEA_002,TEA
1999-06-10,94,TEA_002,TEA
1999-07-01,94,TEA_002,TEA
1999-07-29,70,TEA_002,TEA
1999-08-18,76,TEA_002,TEA
1999-09-23,83,TEA_002,TEA
2000-10-24,20,TEA_002,TEA
2000-10-05,18,TEA_002,TEA
2000-06-27,4,TEA_002,TEA
2000-06-08,4,TEA_002,TEA
2000-07-18,5,TEA_002,TEA
2000-08-09,6,TEA_002,TEA
2000-09-12,14,TEA_002,TEA
2001-10-25,110,TEA_002,TEA
2001-10-04,88,TEA_002,TEA
2001-05-01,4,TEA_002,TEA
2001-05-24,25,TEA_002,TEA
2001-06-12,34,TEA_002,TEA
2001-07-26,48,TEA_002,TEA
2001-07-03,43,TEA_002,TEA
2001-08-16,58,TEA_002,TEA
2001-09-06,66,TEA_002,TEA
2002-10-01,91,TEA_002,TEA
2002-10-22,81,TEA_002,TEA
2002-11-14,100,TEA_002,TEA
2002-05-16,75,TEA_002,TEA
2002-06-04,105,TEA_002,TEA
2002-07-11,98,TEA_002,TEA
2002-08-01,81,TEA_002,TEA
2002-08-22,84,TEA_002,TEA
2002-09-10,76,TEA_002,TEA
2003-10-16,66,TEA_002,TEA
2003-11-06,105,TEA_002,TEA
2003-06-05,34,TEA_002,TEA
2003-07-22,60,TEA_002,TEA
2003-07-03,39,TEA_002,TEA
2003-08-12,64,TEA_002,TEA
2003-09-25,61,TEA_002,TEA
2003-09-04,76,TEA_002,TEA
2004-10-11,53,TEA_002,TEA
2004-10-28,1,TEA_002,TEA
2004-11-01,1,TEA_002,TEA
2004-11-02,35,TEA_002,TEA
2004-06-24,59,TEA_002,TEA
2004-06-03,41,TEA_002,TEA
2004-07-20,65,TEA_002,TEA
2004-08-10,72,TEA_002,TEA
2004-09-02,75,TEA_002,TEA
2004-09-21,61,TEA_002,TEA
2005-10-27,13,TEA_002,TEA
2005-10-04,13,TEA_002,TEA
2005-07-14,1,TEA_002,TEA
2005-08-23,5,TEA_002,TEA
2005-08-04,4,TEA_002,TEA
2005-09-13,11,TEA_002,TEA
2006-10-10,86,TEA_002,TEA
2006-10-31,86,TEA_002,TEA
2006-05-18,32,TEA_002,TEA
2006-06-27,41,TEA_002,TEA
2006-06-06,36,TEA_002,TEA
2006-07-18,50,TEA_002,TEA
2006-08-10,52,TEA_002,TEA
2006-08-29,59,TEA_002,TEA
2006-09-19,65,TEA_002,TEA
2007-10-23,125,TEA_002,TEA
2007-05-31,118,TEA_002,TEA
2007-06-27,181,TEA_002,TEA
2007-07-19,173,TEA_002,TEA
2007-08-07,172,TEA_002,TEA
2007-09-25,124,TEA_002,TEA
2007-09-06,139,TEA_002,TEA
2008-10-16,62,TEA_002,TEA
2008-11-04,60,TEA_002,TEA
2008-05-13,7,TEA_002,TEA
2008-06-24,27,TEA_002,TEA
2008-06-03,14,TEA_002,TEA
2008-07-15,24,TEA_002,TEA
2008-08-12,38,TEA_002,TEA
2008-09-23,38,TEA_002,TEA
2008-09-04,32,TEA_002,TEA
2009-10-22,72,TEA_002,TEA
2009-05-21,16,TEA_002,TEA
2009-06-11,26,TEA_002,TEA
2009-07-02,26,TEA_002,TEA
2009-07-21,38,TEA_002,TEA
2009-08-13,33,TEA_002,TEA
2010-08-25,2,TEA_002,TEA
2009-09-01,31,TEA_002,TEA
2009-09-24,44,TEA_002,TEA
2010-10-26,108,TEA_002,TEA
2010-10-05,76,TEA_002,TEA
2010-06-01,66,TEA_002,TEA
2010-06-22,82,TEA_002,TEA
2010-07-13,77,TEA_002,TEA
2010-08-24,47,TEA_002,TEA
2010-08-03,67,TEA_002,TEA
2010-09-14,59,TEA_002,TEA
2011-10-20,87,TEA_002,TEA
2011-05-26,87,TEA_002,TEA
2011-06-16,127,TEA_002,TEA
2011-07-26,179,TEA_002,TEA
2011-07-05,129,TEA_002,TEA
2011-08-18,140,TEA_002,TEA
2011-09-27,62,TEA_002,TEA
2011-09-08,109,TEA_002,TEA
2012-10-16,53,TEA_002,TEA
2012-11-07,15,TEA_002,TEA
2012-04-05,27,TEA_002,TEA
2012-05-24,50,TEA_002,TEA
2012-05-03,55,TEA_002,TEA
2012-06-14,61,TEA_002,TEA
2012-07-26,60,TEA_002,TEA
2012-07-03,65,TEA_002,TEA
2012-08-16,70,TEA_002,TEA
2012-09-27,72,TEA_002,TEA
2012-09-06,60,TEA_002,TEA
2013-10-15,14,TEA_002,TEA
2013-11-05,12,TEA_002,TEA
2013-06-13,2,TEA_002,TEA
2013-07-01,5,TEA_002,TEA
2013-07-25,6,TEA_002,TEA
2013-08-13,11,TEA_002,TEA
2013-09-24,9,TEA_002,TEA
2013-09-03,11,TEA_002,TEA
2014-10-21,61,TEA_002,TEA
2014-10-07,51,TEA_002,TEA
2014-11-04,51,TEA_002,TEA
2014-04-15,11,TEA_002,TEA
2014-05-22,14,TEA_002,TEA
2014-05-05,5,TEA_002,TEA
2014-06-17,16,TEA_002,TEA
2014-06-03,19,TEA_002,TEA
2014-07-17,19,TEA_002,TEA
2014-07-02,18,TEA_002,TEA
2014-07-29,22,TEA_002,TEA
2014-08-11,19,TEA_002,TEA
2014-08-26,30,TEA_002,TEA
2014-09-02,1,TEA_002,TEA
2014-09-25,45,TEA_002,TEA
2014-09-08,41,TEA_002,TEA
2015-10-05,35,TEA_002,TEA
2015-11-05,52,TEA_002,TEA
2015-04-23,19,TEA_002,TEA
2015-05-14,16,TEA_002,TEA
2015-05-26,27,TEA_002,TEA
2015-06-24,26,TEA_002,TEA
2015-06-09,28,TEA_002,TEA
2015-07-14,39,TEA_002,TEA
2015-08-27,33,TEA_002,TEA
2015-08-06,36,TEA_002,TEA
2015-09-16,39,TEA_002,TEA
2016-10-11,131,TEA_002,TEA
2016-11-03,87,TEA_002,TEA
2016-05-19,58,TEA_002,TEA
2016-06-28,142,TEA_002,TEA
2016-06-07,105,TEA_002,TEA
2016-07-19,193,TEA_002,TEA
2016-08-09,236,TEA_002,TEA
2016-09-01,228,TEA_002,TEA
2016-09-20,170,TEA_002,TEA
2017-10-24,11,TEA_002,TEA
2017-10-03,11,TEA_002,TEA
2017-06-22,3,TEA_002,TEA
2017-07-13,6,TEA_002,TEA
2017-08-01,3,TEA_002,TEA
2017-08-24,9,TEA_002,TEA
2017-09-12,13,TEA_002,TEA
2018-10-23,43,TEA_002,TEA
2018-04-19,2,TEA_002,TEA
2018-05-29,25,TEA_002,TEA
2018-06-19,43,TEA_002,TEA
2018-07-12,41,TEA_002,TEA
2018-08-02,42,TEA_002,TEA
2018-08-23,41,TEA_002,TEA
2018-09-13,48,TEA_002,TEA
2019-10-16,21,TEA_002,TEA
2019-04-11,2,TEA_002,TEA
2019-04-30,5,TEA_002,TEA
2019-05-21,6,TEA_002,TEA
2019-06-11,9,TEA_002,TEA
2019-07-02,14,TEA_002,TEA
2019-07-25,17,TEA_002,TEA
2019-08-14,22,TEA_002,TEA
2019-09-24,23,TEA_002,TEA
2019-09-05,23,TEA_002,TEA
2020-07-23,43,TEA_002,TEA
2014-08-13,106,TEA_002,TEA
2020-09-08,92,TEA_002,TEA
2021-06-15,1,TEA_002,TEA
2021-08-12,9,TEA_002,TEA
2021-08-31,10,TEA_002,TEA
2022-06-09,76,TEA_002,TEA
2022-08-11,76,TEA_002,TEA
2022-08-30,107,TEA_002,TEA
2023-06-01,3,TEA_002,TEA
2023-06-20,6,TEA_002,TEA
2023-08-29,14,TEA_002,TEA
2023-08-08,16,TEA_002,TEA
2024-06-11,50,TEA_002,TEA
2024-06-27,89,TEA_002,TEA
2024-08-13,101,TEA_002,TEA
2024-09-03,103,TEA_002,TEA
2025-05-27,1,TEA_002,TEA
2025-06-17,6,TEA_002,TEA
2025-08-14,12,TEA_002,TEA
2025-09-03,16,TEA_002,TEA
