grid,year,date_start,n_trapped
GreenC,1995,10/9/95,84
GreenC,1995,11/9/95,37
GreenC,1995,4/25/95,10
GreenC,1995,5/23/95,67
GreenC,1995,6/20/95,88
GreenC,1995,8/8/95,82
GreenC,1995,9/12/95,65
GreenC,1996,10/3/96,20
GreenC,1996,10/31/96,23
GreenC,1996,6/27/96,1
GreenC,1996,8/6/96,10
GreenC,1996,9/5/96,13
GreenC,1997,10/16/97,39
GreenC,1997,11/13/97,42
GreenC,1997,5/11/97,43
GreenC,1997,6/10/97,55
GreenC,1997,7/9/97,60
GreenC,1997,8/20/97,55
GreenC,1997,9/18/97,34
GreenC,1998,10/20/98,94
GreenC,1998,4/24/98,29
GreenC,1998,5/28/98,56
GreenC,1998,6/23/98,73
GreenC,1998,8/4/98,80
GreenC,1998,9/1/98,69
GreenC,1998,9/23/98,64
GreenC,1999,10/14/99,81
GreenC,1999,11/2/99,55
GreenC,1999,6/22/99,144
GreenC,1999,6/3/99,154
GreenC,1999,7/22/99,124
GreenC,1999,8/12/99,121
GreenC,1999,9/14/99,79
GreenC,2000,10/10/00,32
GreenC,2000,11/2/00,27
GreenC,2000,6/15/00,12
GreenC,2000,7/28/00,20
GreenC,2000,7/6/00,14
GreenC,2000,8/17/00,23
GreenC,2000,9/21/00,20
GreenC,2001,10/11/01,56
GreenC,2001,11/15/01,60
GreenC,2001,4/19/01,5
GreenC,2001,5/10/01,7
GreenC,2001,5/30/01,24
GreenC,2001,6/21/01,35
GreenC,2001,7/12/01,43
GreenC,2001,8/2/01,46
GreenC,2001,8/23/01,52
GreenC,2001,9/11/01,51
GreenC,2002,10/10/02,94
GreenC,2002,10/29/02,98
GreenC,2002,5/21/02,48
GreenC,2002,6/11/02,98
GreenC,2002,7/16/02,114
GreenC,2002,8/29/02,84
GreenC,2002,8/8/02,111
GreenC,2002,9/19/02,65
GreenC,2003,10/30/03,79
GreenC,2003,10/7/03,48
GreenC,2003,5/29/03,84
GreenC,2003,6/19/03,57
GreenC,2003,7/15/03,89
GreenC,2003,8/28/03,72
GreenC,2003,8/5/03,84
GreenC,2003,9/16/03,53
GreenC,2004,10/26/04,36
GreenC,2004,10/5/04,80
GreenC,2004,5/25/04,48
GreenC,2004,6/15/04,119
GreenC,2004,7/15/04,145
GreenC,2004,8/24/04,131
GreenC,2004,8/3/04,132
GreenC,2004,9/14/04,79
GreenC,2005,10/20/05,15
GreenC,2005,11/8/05,24
GreenC,2005,5/26/05,2
GreenC,2005,6/14/05,2
GreenC,2005,7/26/05,8
GreenC,2005,7/6/05,2
GreenC,2005,8/18/05,7
GreenC,2005,9/29/05,24
GreenC,2005,9/7/05,12
GreenC,2006,10/17/06,108
GreenC,2006,11/7/06,85
GreenC,2006,5/25/06,60
GreenC,2006,6/15/06,65
GreenC,2006,7/27/06,153
GreenC,2006,7/6/06,121
GreenC,2006,8/15/06,133
GreenC,2006,9/26/06,83
GreenC,2006,9/5/06,96
GreenC,2007,10/16/07,126
GreenC,2007,11/6/07,128
GreenC,2007,5/24/07,145
GreenC,2007,6/14/07,199
GreenC,2007,7/12/07,251
GreenC,2007,8/2/07,221
GreenC,2007,8/28/07,174
GreenC,2007,9/18/07,129
GreenC,2008,10/2/08,63
GreenC,2008,10/23/08,73
GreenC,2008,5/22/08,27
GreenC,2008,6/12/08,33
GreenC,2008,7/3/08,49
GreenC,2008,7/31/08,42
GreenC,2008,8/21/08,40
GreenC,2008,9/11/08,49
GreenC,2009,10/6/09,49
GreenC,2009,6/25/09,40
GreenC,2009,6/4/09,22
GreenC,2009,7/16/09,37
GreenC,2009,8/27/09,42
GreenC,2009,8/4/09,37
GreenC,2009,9/17/09,46
GreenC,2010,10/19/10,55
GreenC,2010,5/25/10,44
GreenC,2010,6/15/10,60
GreenC,2010,7/27/10,50
GreenC,2010,7/6/10,61
GreenC,2010,8/19/10,47
GreenC,2010,9/28/10,63
GreenC,2010,9/7/10,42
GreenC,2011,10/27/11,126
GreenC,2011,10/27/12,1
GreenC,2011,10/4/11,101
GreenC,2011,6/2/11,120
GreenC,2011,6/23/11,187
GreenC,2011,7/14/11,211
GreenC,2011,8/25/11,148
GreenC,2011,8/4/11,188
GreenC,2011,9/15/11,95
GreenC,2012,10/31/12,69
GreenC,2012,10/9/12,96
GreenC,2012,4/12/12,34
GreenC,2012,4/24/12,74
GreenC,2012,5/15/12,84
GreenC,2012,6/28/12,130
GreenC,2012,6/5/12,114
GreenC,2012,7/19/12,155
GreenC,2012,8/29/12,75
GreenC,2012,8/7/12,128
GreenC,2012,9/18/12,107
GreenC,2013,10/29/13,11
GreenC,2013,10/9/13,16
GreenC,2013,6/27/13,1
GreenC,2013,6/4/13,2
GreenC,2013,7/16/13,5
GreenC,2013,8/29/13,9
GreenC,2013,8/6/13,7
GreenC,2013,9/19/13,8
GreenC,2014,10/14/14,44
GreenC,2014,10/3/14,48
GreenC,2014,10/30/14,69
GreenC,2014,4/24/14,5
GreenC,2014,5/15/14,14
GreenC,2014,5/29/14,17
GreenC,2014,6/12/14,25
GreenC,2014,6/25/14,28
GreenC,2014,7/23/14,32
GreenC,2014,7/9/14,37
GreenC,2014,8/20/14,32
GreenC,2014,8/7/14,30
GreenC,2014,9/18/14,33
GreenC,2014,9/3/14,34
GreenC,2015,10/20/15,87
GreenC,2015,4/28/15,24
GreenC,2015,5/21/15,17
GreenC,2015,6/18/15,44
GreenC,2015,6/4/15,38
GreenC,2015,7/30/15,65
GreenC,2015,7/7/15,54
GreenC,2015,8/18/15,54
GreenC,2015,9/10/15,55
GreenC,2015,9/29/15,63
GreenC,2016,10/27/16,115
GreenC,2016,10/4/16,146
GreenC,2016,5/10/16,110
GreenC,2016,5/31/16,122
GreenC,2016,6/21/16,172
GreenC,2016,7/12/16,226
GreenC,2016,8/23/16,255
GreenC,2016,8/4/16,266
GreenC,2016,9/13/16,208
GreenC,2017,10/19/17,36
GreenC,2017,11/9/17,31
GreenC,2017,5/25/17,1
GreenC,2017,6/15/17,7
GreenC,2017,7/27/17,15
GreenC,2017,7/6/17,13
GreenC,2017,8/15/17,19
GreenC,2017,9/28/17,34
GreenC,2017,9/7/17,16
GreenC,2018,11/1/18,92
GreenC,2018,5/1/18,14
GreenC,2018,6/28/18,77
GreenC,2018,6/7/18,58
GreenC,2018,7/19/18,76
GreenC,2018,8/30/18,109
GreenC,2018,8/7/18,134
GreenC,2018,9/20/18,77
GreenC,2019,10/10/19,19
GreenC,2019,10/24/19,21
GreenC,2019,4/23/19,2
GreenC,2019,5/16/19,4
GreenC,2019,6/27/19,5
GreenC,2019,6/4/19,3
GreenC,2019,7/16/19,8
GreenC,2019,8/27/19,19
GreenC,2019,8/6/19,17
GreenC,2019,9/19/19,23
GreenC,2020,8/25/20,109
GreenC,2020,8/6/20,100
GreenC,2020,9/24/20,70
GreenC,2021,6/1/21,5
GreenC,2021,6/22/21,12
GreenC,2021,8/17/21,9
GreenC,2021,9/9/21,17
GreenC,2022,6/2/22,76
GreenC,2022,8/16/22,80
GreenC,2022,9/13/22,75
GreenC,2023,6/29/23,16
GreenC,2023,6/6/23,5
GreenC,2023,8/17/23,19
GreenC,2023,9/7/23,25
GreenC,2024,6/4/24,61
GreenC,2024,7/2/24,106
GreenC,2024,8/20/24,90
GreenC,2024,9/12/24,104
GreenC,2025,6/26/25,11
GreenC,2025,8/21/25,19
GreenC,2025,9/11/25,18
GreenE,1995,10/11/95,70
GreenE,1995,11/14/95,40
GreenE,1995,4/27/95,33
GreenE,1995,5/25/95,96
GreenE,1995,6/22/95,96
GreenE,1995,6/27/95,71
GreenE,1995,6/29/95,15
GreenE,1995,7/3/95,8
GreenE,1995,7/5/95,2
GreenE,1995,7/7/95,1
GreenE,1995,8/17/95,37
GreenE,1995,9/14/95,46
GreenE,1996,10/1/96,14
GreenE,1996,10/29/96,22
GreenE,1996,3/21/96,13
GreenE,1996,4/17/96,5
GreenE,1996,5/14/96,5
GreenE,1996,6/25/96,9
GreenE,1996,8/6/96,11
GreenE,1996,9/3/96,17
GreenE,1997,10/14/97,41
GreenE,1997,11/11/97,29
GreenE,1997,5/9/97,34
GreenE,1997,6/12/97,44
GreenE,1997,6/17/97,55
GreenE,1997,6/24/97,22
GreenE,1997,6/30/97,15
GreenE,1997,7/15/97,12
GreenE,1997,7/22/97,12
GreenE,1997,7/29/97,4
GreenE,1997,7/8/97,16
GreenE,1997,8/12/97,14
GreenE,1997,8/19/97,8
GreenE,1997,8/26/97,12
GreenE,1997,8/5/97,17
GreenE,1997,9/16/97,25
GreenE,1998,10/22/98,99
GreenE,1998,4/24/98,27
GreenE,1998,5/11/98,2
GreenE,1998,5/19/98,43
GreenE,1998,5/26/98,39
GreenE,1998,6/11/98,79
GreenE,1998,6/18/98,84
GreenE,1998,6/23/98,78
GreenE,1998,6/4/98,64
GreenE,1998,7/2/98,93
GreenE,1998,7/7/98,1
GreenE,1998,8/13/98,81
GreenE,1998,8/20/98,85
GreenE,1998,8/27/98,75
GreenE,1998,8/4/98,80
GreenE,1998,9/24/98,72
GreenE,1998,9/3/98,69
GreenE,1999,10/12/99,86
GreenE,1999,6/1/99,97
GreenE,1999,6/24/99,89
GreenE,1999,7/20/99,92
GreenE,1999,8/10/99,84
GreenE,1999,9/16/99,90
GreenE,2000,10/12/00,18
GreenE,2000,10/31/00,27
GreenE,2000,6/13/00,7
GreenE,2000,7/25/00,13
GreenE,2000,7/4/00,7
GreenE,2000,8/15/00,17
GreenE,2000,9/19/00,30
GreenE,2001,10/10/01,62
GreenE,2001,11/1/01,55
GreenE,2001,4/17/01,7
GreenE,2001,5/31/01,30
GreenE,2001,5/8/01,11
GreenE,2001,6/19/01,32
GreenE,2001,7/10/01,29
GreenE,2001,7/31/01,36
GreenE,2001,8/21/01,41
GreenE,2001,9/13/01,60
GreenE,2002,10/31/02,80
GreenE,2002,10/8/02,76
GreenE,2002,5/23/02,60
GreenE,2002,6/13/02,90
GreenE,2002,7/18/02,93
GreenE,2002,8/27/02,86
GreenE,2002,8/6/02,98
GreenE,2002,9/17/02,60
GreenE,2003,10/28/03,78
GreenE,2003,10/9/03,52
GreenE,2003,5/27/03,40
GreenE,2003,6/17/03,32
GreenE,2003,7/17/03,49
GreenE,2003,8/26/03,55
GreenE,2003,8/7/03,53
GreenE,2003,9/16/03,44
GreenE,2004,10/28/04,33
GreenE,2004,10/7/04,22
GreenE,2004,5/27/04,66
GreenE,2004,6/17/04,95
GreenE,2004,7/13/04,76
GreenE,2004,8/26/04,69
GreenE,2004,8/5/04,66
GreenE,2004,9/16/04,68
GreenE,2005,10/18/05,13
GreenE,2005,11/9/05,20
GreenE,2005,5/24/05,1
GreenE,2005,6/16/05,5
GreenE,2005,7/28/05,7
GreenE,2005,7/7/05,4
GreenE,2005,8/16/05,14
GreenE,2005,9/27/05,15
GreenE,2005,9/8/05,12
GreenE,2006,10/19/06,101
GreenE,2006,11/8/06,128
GreenE,2006,5/23/06,33
GreenE,2006,6/13/06,53
GreenE,2006,7/25/06,77
GreenE,2006,7/4/06,70
GreenE,2006,8/17/06,77
GreenE,2006,9/28/06,72
GreenE,2006,9/7/06,61
GreenE,2007,10/11/07,111
GreenE,2007,11/1/07,129
GreenE,2007,5/22/07,77
GreenE,2007,6/12/07,137
GreenE,2007,7/10/07,162
GreenE,2007,7/31/07,134
GreenE,2007,8/30/07,118
GreenE,2007,9/20/07,95
GreenE,2008,10/21/08,47
GreenE,2008,5/20/08,29
GreenE,2008,6/10/08,44
GreenE,2008,7/1/08,56
GreenE,2008,7/29/08,41
GreenE,2008,8/19/08,32
GreenE,2008,9/30/08,38
GreenE,2008,9/9/08,45
GreenE,2009,10/8/09,48
GreenE,2009,11/10/09,42
GreenE,2009,6/2/09,27
GreenE,2009,6/23/09,32
GreenE,2009,7/14/09,40
GreenE,2009,8/25/09,33
GreenE,2009,8/6/09,33
GreenE,2009,9/15/09,27
GreenE,2010,10/21/10,43
GreenE,2010,5/27/10,37
GreenE,2010,6/17/10,36
GreenE,2010,7/29/10,34
GreenE,2010,7/8/10,35
GreenE,2010,8/17/10,29
GreenE,2010,9/30/10,51
GreenE,2010,9/9/10,38
GreenE,2011,10/25/11,116
GreenE,2011,10/6/11,74
GreenE,2011,5/31/11,134
GreenE,2011,6/21/11,182
GreenE,2011,7/12/11,205
GreenE,2011,8/2/11,196
GreenE,2011,8/23/11,159
GreenE,2011,9/13/11,103
GreenE,2012,10/11/12,137
GreenE,2012,11/1/12,93
GreenE,2012,4/12/12,46
GreenE,2012,4/26/12,76
GreenE,2012,5/17/12,84
GreenE,2012,6/26/12,88
GreenE,2012,6/7/12,97
GreenE,2012,7/17/12,99
GreenE,2012,8/30/12,75
GreenE,2012,8/9/12,97
GreenE,2012,9/20/12,120
GreenE,2013,10/10/13,13
GreenE,2013,10/31/13,20
GreenE,2013,7/18/13,2
GreenE,2013,8/27/13,9
GreenE,2013,8/8/13,3
GreenE,2013,9/17/13,10
GreenE,2014,10/16/14,58
GreenE,2014,10/28/14,50
GreenE,2014,4/22/14,16
GreenE,2014,5/13/14,27
GreenE,2014,5/28/14,18
GreenE,2014,6/10/14,25
GreenE,2014,6/24/14,26
GreenE,2014,7/22/14,18
GreenE,2014,7/8/14,25
GreenE,2014,8/18/14,26
GreenE,2014,8/5/14,27
GreenE,2014,9/1/14,25
GreenE,2014,9/16/14,28
GreenE,2014,9/30/14,46
GreenE,2014,9/9/14,2
GreenE,2015,10/1/15,68
GreenE,2015,10/22/15,104
GreenE,2015,4/30/15,22
GreenE,2015,5/19/15,37
GreenE,2015,6/16/15,42
GreenE,2015,6/2/15,45
GreenE,2015,7/28/15,58
GreenE,2015,7/9/15,49
GreenE,2015,8/20/15,51
GreenE,2015,9/8/15,46
GreenE,2016,10/25/16,163
GreenE,2016,10/6/16,173
GreenE,2016,5/12/16,137
GreenE,2016,6/2/16,135
GreenE,2016,6/23/16,198
GreenE,2016,7/14/16,215
GreenE,2016,8/2/16,231
GreenE,2016,8/25/16,233
GreenE,2016,9/14/16,179
GreenE,2017,10/17/17,30
GreenE,2017,11/7/17,33
GreenE,2017,5/23/17,5
GreenE,2017,6/13/17,11
GreenE,2017,7/25/17,26
GreenE,2017,7/4/17,17
GreenE,2017,8/17/17,23
GreenE,2017,9/26/17,27
GreenE,2017,9/5/17,21
GreenE,2018,10/30/18,114
GreenE,2018,4/25/18,25
GreenE,2018,6/26/18,94
GreenE,2018,6/5/18,53
GreenE,2018,7/17/18,102
GreenE,2018,8/28/18,106
GreenE,2018,8/9/18,117
GreenE,2018,9/18/18,71
GreenE,2019,10/22/19,32
GreenE,2019,10/8/19,23
GreenE,2019,4/25/19,4
GreenE,2019,5/14/19,4
GreenE,2019,6/25/19,8
GreenE,2019,6/6/19,7
GreenE,2019,7/18/19,5
GreenE,2019,8/29/19,18
GreenE,2019,8/8/19,15
GreenE,2019,9/17/19,16
GreenE,2020,8/27/20,124
GreenE,2020,8/4/20,104
GreenE,2020,9/22/20,84
GreenE,2021,6/24/21,2
GreenE,2021,6/3/21,2
GreenE,2021,8/19/21,8
GreenE,2021,9/14/21,14
GreenE,2022,5/17/22,44
GreenE,2022,5/31/22,84
GreenE,2022,8/18/22,67
GreenE,2022,9/7/22,77
GreenE,2023,6/27/23,14
GreenE,2023,6/8/23,3
GreenE,2023,8/15/23,26
GreenE,2023,9/5/23,25
GreenE,2024,6/6/24,74
GreenE,2024,7/4/24,96
GreenE,2024,8/22/24,95
GreenE,2024,9/9/24,105
GreenE,2025,6/24/25,9
GreenE,2025,6/3/25,7
GreenE,2025,8/19/25,10
GreenE,2025,9/9/25,15
HenryC,1991,10/30/91,86
HenryC,1991,10/9/91,53
HenryC,1991,11/13/91,37
HenryC,1991,12/11/91,47
HenryC,1991,7/16/91,39
HenryC,1991,8/28/91,41
HenryC,1991,8/6/91,44
HenryC,1991,9/18/91,31
HenryC,1992,10/20/92,56
HenryC,1992,11/10/92,58
HenryC,1992,3/31/92,38
HenryC,1992,4/21/92,46
HenryC,1992,5/12/92,56
HenryC,1992,6/2/92,50
HenryC,1992,6/23/92,60
HenryC,1992,7/14/92,90
HenryC,1992,8/11/92,93
HenryC,1992,9/1/92,76
HenryC,1992,9/29/92,48
HenryC,1993,10/18/93,43
HenryC,1993,5/4/93,1
HenryC,1993,6/22/93,28
HenryC,1993,8/10/93,39
HenryC,1994,10/18/94,15
HenryC,1994,11/8/94,15
HenryC,1994,4/19/94,3
HenryC,1994,5/24/94,2
HenryC,1994,6/21/94,5
HenryC,1994,7/26/94,12
HenryC,1994,8/23/94,9
HenryC,1994,9/20/94,10
HenryC,1995,10/24/95,59
HenryC,1995,4/11/95,25
HenryC,1995,5/9/95,32
HenryC,1995,6/6/95,74
HenryC,1995,8/1/95,81
HenryC,1995,8/29/95,76
HenryC,1995,9/28/95,30
HenryC,1996,10/24/96,18
HenryC,1996,2/27/96,1
HenryC,1996,4/12/96,1
HenryC,1996,5/9/96,2
HenryC,1996,6/6/96,4
HenryC,1996,7/1/96,1
HenryC,1996,8/13/96,5
HenryC,1996,8/27/96,7
HenryC,1996,9/24/96,11
HenryC,1997,10/2/97,29
HenryC,1997,10/30/97,28
HenryC,1997,5/28/97,16
HenryC,1997,6/25/97,14
HenryC,1997,8/6/97,23
HenryC,1997,9/4/97,25
HenryC,1998,10/6/98,52
HenryC,1998,4/20/98,35
HenryC,1998,5/14/98,30
HenryC,1998,6/30/98,6
HenryC,1998,6/9/98,38
HenryC,1998,7/27/98,35
HenryC,1998,8/18/98,32
HenryC,1998,9/9/98,34
HenryC,1999,10/21/99,45
HenryC,1999,11/2/99,53
HenryC,1999,5/20/99,88
HenryC,1999,6/17/99,77
HenryC,1999,7/8/99,63
HenryC,1999,8/24/99,57
HenryC,1999,8/5/99,64
HenryC,1999,9/30/99,53
HenryC,2000,10/17/00,30
HenryC,2000,11/7/00,26
HenryC,2000,6/1/00,5
HenryC,2000,6/20/00,6
HenryC,2000,7/13/00,5
HenryC,2000,8/22/00,6
HenryC,2000,8/3/00,10
HenryC,2000,9/28/00,24
HenryC,2001,10/18/01,73
HenryC,2001,4/24/01,18
HenryC,2001,5/17/01,22
HenryC,2001,6/26/01,47
HenryC,2001,6/7/01,39
HenryC,2001,7/19/01,54
HenryC,2001,8/28/01,54
HenryC,2001,8/9/01,51
HenryC,2001,9/20/01,68
HenryC,2002,10/15/02,68
HenryC,2002,11/7/02,86
HenryC,2002,5/30/02,82
HenryC,2002,5/9/02,66
HenryC,2002,7/1/02,80
HenryC,2002,7/25/02,62
HenryC,2002,8/15/02,56
HenryC,2002,9/26/02,77
HenryC,2002,9/5/02,58
HenryC,2003,10/2/03,56
HenryC,2003,10/23/03,53
HenryC,2003,5/20/03,72
HenryC,2003,6/10/03,45
HenryC,2003,7/31/03,58
HenryC,2003,7/8/03,65
HenryC,2003,8/21/03,57
HenryC,2003,9/11/03,50
HenryC,2004,10/21/04,51
HenryC,2004,5/20/04,44
HenryC,2004,6/8/04,62
HenryC,2004,7/1/04,59
HenryC,2004,7/27/04,73
HenryC,2004,8/17/04,62
HenryC,2004,9/28/04,58
HenryC,2004,9/9/04,67
HenryC,2005,10/13/05,28
HenryC,2005,11/3/05,15
HenryC,2005,6/30/05,3
HenryC,2005,6/9/05,2
HenryC,2005,7/21/05,3
HenryC,2005,8/11/05,3
HenryC,2005,9/1/05,6
HenryC,2005,9/20/05,16
HenryC,2006,10/26/06,108
HenryC,2006,10/5/06,84
HenryC,2006,6/1/06,33
HenryC,2006,6/22/06,56
HenryC,2006,7/13/06,69
HenryC,2006,8/22/06,54
HenryC,2006,8/3/06,61
HenryC,2006,9/12/06,62
HenryC,2007,10/2/07,87
HenryC,2007,10/30/07,58
HenryC,2007,5/17/07,93
HenryC,2007,6/7/07,119
HenryC,2007,7/26/07,134
HenryC,2007,7/5/07,211
HenryC,2007,8/21/07,140
HenryC,2007,9/13/07,92
HenryC,2008,10/28/08,111
HenryC,2008,10/7/08,71
HenryC,2008,5/28/08,17
HenryC,2008,5/6/08,17
HenryC,2008,6/19/08,22
HenryC,2008,7/8/08,30
HenryC,2008,8/28/08,28
HenryC,2008,8/7/08,28
HenryC,2008,9/18/08,46
HenryC,2009,10/27/09,57
HenryC,2009,5/27/09,9
HenryC,2009,6/16/09,12
HenryC,2009,7/28/09,17
HenryC,2009,7/7/09,16
HenryC,2009,8/18/09,25
HenryC,2009,9/10/09,27
HenryC,2009,9/29/09,49
HenryC,2010,10/12/10,88
HenryC,2010,11/4/10,106
HenryC,2010,5/18/10,98
HenryC,2010,6/8/10,87
HenryC,2010,7/1/10,69
HenryC,2010,7/20/10,76
HenryC,2010,8/12/10,75
HenryC,2010,8/31/10,56
HenryC,2010,9/21/10,52
HenryC,2011,10/13/11,71
HenryC,2011,11/3/11,71
HenryC,2011,6/28/11,165
HenryC,2011,6/7/11,104
HenryC,2011,7/21/11,179
HenryC,2011,8/9/11,166
HenryC,2011,9/1/11,126
HenryC,2011,9/20/11,91
HenryC,2012,10/2/12,88
HenryC,2012,10/23/12,81
HenryC,2012,4/10/12,26
HenryC,2012,4/19/12,46
HenryC,2012,5/10/12,60
HenryC,2012,5/31/12,76
HenryC,2012,6/19/12,88
HenryC,2012,7/12/12,95
HenryC,2012,7/31/12,80
HenryC,2012,8/21/12,90
HenryC,2012,9/11/12,92
HenryC,2013,10/1/13,18
HenryC,2013,10/24/13,17
HenryC,2013,4/16/13,1
HenryC,2013,5/9/13,1
HenryC,2013,6/18/13,2
HenryC,2013,7/30/13,1
HenryC,2013,7/9/13,2
HenryC,2013,8/22/13,7
HenryC,2013,9/12/13,17
HenryC,2014,10/23/14,67
HenryC,2014,10/9/14,43
HenryC,2014,11/6/14,41
HenryC,2014,4/29/14,10
HenryC,2014,5/20/14,11
HenryC,2014,6/19/14,17
HenryC,2014,6/30/14,17
HenryC,2014,6/5/14,19
HenryC,2014,7/15/14,19
HenryC,2014,7/31/14,19
HenryC,2014,8/13/14,15
HenryC,2014,8/28/14,30
HenryC,2014,9/10/14,40
HenryC,2014,9/23/14,46
HenryC,2015,4/14/15,59
HenryC,2015,5/28/15,57
HenryC,2015,5/5/15,38
HenryC,2015,6/11/15,89
HenryC,2015,7/1/15,68
HenryC,2015,7/21/15,67
HenryC,2015,8/11/15,101
HenryC,2015,9/24/15,88
HenryC,2015,9/3/15,78
HenryC,2016,10/20/16,60
HenryC,2016,5/24/16,102
HenryC,2016,5/5/16,89
HenryC,2016,8/18/16,185
HenryC,2016,9/29/16,114
HenryC,2016,9/8/16,153
HenryC,2017,10/12/17,24
HenryC,2017,10/31/17,19
HenryC,2017,6/27/17,2
HenryC,2017,6/6/17,2
HenryC,2017,7/18/17,4
HenryC,2017,8/10/17,7
HenryC,2017,8/29/17,13
HenryC,2017,9/19/17,25
HenryC,2018,11/6/18,65
HenryC,2018,4/17/19,18
HenryC,2018,5/24/18,39
HenryC,2018,6/14/18,43
HenryC,2018,7/26/18,65
HenryC,2018,7/5/18,57
HenryC,2018,8/16/18,58
HenryC,2018,9/27/18,54
HenryC,2018,9/6/18,61
HenryC,2019,10/1/19,42
HenryC,2019,10/29/19,44
HenryC,2019,4/16/19,2
HenryC,2019,5/30/19,14
HenryC,2019,5/9/19,5
HenryC,2019,6/18/19,11
HenryC,2019,7/11/19,14
HenryC,2019,7/30/19,24
HenryC,2019,8/22/19,30
HenryC,2019,9/12/19,32
HenryC,2020,7/28/20,145
HenryC,2020,8/18/20,160
HenryC,2020,9/15/20,128
HenryC,2021,6/10/21,2
HenryC,2021,8/23/21,8
HenryC,2021,8/3/21,7
HenryC,2022,5/24/22,55
HenryC,2022,8/25/22,108
HenryC,2022,8/4/22,104
HenryC,2023,5/23/23,1
HenryC,2023,6/13/23,11
HenryC,2023,8/1/23,17
HenryC,2023,8/24/23,23
HenryC,2024,5/21/24,30
HenryC,2024,6/13/24,57
HenryC,2024,8/27/24,75
HenryC,2024,8/5/24,83
HenryC,2025,5/20/25,2
HenryC,2025,6/12/25,5
HenryC,2025,8/26/25,14
HenryC,2025,8/5/25,12
HenryE,1995,10/26/95,69
HenryE,1995,4/13/95,10
HenryE,1995,5/11/95,18
HenryE,1995,6/28/95,31
HenryE,1995,6/30/95,17
HenryE,1995,6/8/95,80
HenryE,1995,7/10/95,2
HenryE,1995,7/12/95,2
HenryE,1995,7/14/95,1
HenryE,1995,7/17/95,1
HenryE,1995,7/4/95,5
HenryE,1995,7/6/95,4
HenryE,1995,8/10/95,39
HenryE,1995,8/31/95,61
HenryE,1995,9/26/95,51
HenryE,1996,10/22/96,21
HenryE,1996,2/27/96,7
HenryE,1996,4/9/96,11
HenryE,1996,5/7/96,18
HenryE,1996,6/4/96,4
HenryE,1996,7/1/96,4
HenryE,1996,8/29/96,16
HenryE,1996,8/8/96,21
HenryE,1996,9/26/96,17
HenryE,1997,10/27/97,49
HenryE,1997,5/30/97,16
HenryE,1997,6/17/97,32
HenryE,1997,6/24/97,5
HenryE,1997,6/30/97,6
HenryE,1997,7/15/97,5
HenryE,1997,7/22/97,7
HenryE,1997,7/29/97,3
HenryE,1997,7/8/97,7
HenryE,1997,8/12/97,9
HenryE,1997,8/19/97,3
HenryE,1997,8/26/97,8
HenryE,1997,8/5/97,16
HenryE,1997,9/2/97,19
HenryE,1997,9/30/97,41
HenryE,1998,10/8/98,81
HenryE,1998,4/20/98,23
HenryE,1998,5/11/98,19
HenryE,1998,5/21/98,21
HenryE,1998,5/26/98,19
HenryE,1998,6/2/98,41
HenryE,1998,6/25/98,28
HenryE,1998,6/9/98,17
HenryE,1998,7/1/98,7
HenryE,1998,7/29/98,36
HenryE,1998,7/7/98,1
HenryE,1998,8/11/98,33
HenryE,1998,8/18/98,56
HenryE,1998,8/25/98,54
HenryE,1998,8/6/98,45
HenryE,1998,9/9/98,52
HenryE,1999,10/21/99,51
HenryE,1999,5/18/99,94
HenryE,1999,6/15/99,119
HenryE,1999,7/6/99,99
HenryE,1999,8/26/99,72
HenryE,1999,8/3/99,79
HenryE,1999,9/28/99,73
HenryE,2000,10/19/00,35
HenryE,2000,11/8/00,22
HenryE,2000,6/22/00,4
HenryE,2000,6/6/00,6
HenryE,2000,7/11/00,5
HenryE,2000,8/1/00,9
HenryE,2000,8/22/00,18
HenryE,2000,9/26/00,29
HenryE,2001,10/16/01,94
HenryE,2001,4/26/01,23
HenryE,2001,5/15/01,31
HenryE,2001,6/28/01,53
HenryE,2001,6/5/01,43
HenryE,2001,7/17/01,69
HenryE,2001,8/30/01,53
HenryE,2001,8/8/01,59
HenryE,2001,9/18/01,67
HenryE,2002,10/17/02,81
HenryE,2002,11/5/02,86
HenryE,2002,5/29/02,69
HenryE,2002,5/7/02,58
HenryE,2002,7/23/02,50
HenryE,2002,7/3/02,59
HenryE,2002,8/13/02,62
HenryE,2002,9/24/02,55
HenryE,2002,9/3/02,60
HenryE,2003,10/21/03,72
HenryE,2003,5/22/03,45
HenryE,2003,6/12/03,43
HenryE,2003,7/10/03,50
HenryE,2003,7/29/03,64
HenryE,2003,8/19/03,68
HenryE,2003,9/30/03,76
HenryE,2003,9/9/03,76
HenryE,2004,10/19/04,51
HenryE,2004,5/18/04,58
HenryE,2004,6/10/04,70
HenryE,2004,6/29/04,105
HenryE,2004,7/29/04,92
HenryE,2004,8/19/04,79
HenryE,2004,9/30/04,61
HenryE,2004,9/8/04,77
HenryE,2005,10/12/05,31
HenryE,2005,11/1/05,25
HenryE,2005,5/17/05,1
HenryE,2005,6/28/05,5
HenryE,2005,6/7/05,3
HenryE,2005,7/19/05,8
HenryE,2005,8/30/05,12
HenryE,2005,8/9/05,8
HenryE,2005,9/22/05,18
HenryE,2006,10/24/06,82
HenryE,2006,10/3/06,84
HenryE,2006,5/30/06,38
HenryE,2006,6/20/06,49
HenryE,2006,7/11/06,62
HenryE,2006,8/1/06,66
HenryE,2006,8/24/06,65
HenryE,2006,8/24/07,1
HenryE,2006,9/14/06,65
HenryE,2007,10/25/07,95
HenryE,2007,10/9/07,119
HenryE,2007,5/15/07,102
HenryE,2007,6/5/07,127
HenryE,2007,7/25/07,137
HenryE,2007,7/3/07,138
HenryE,2007,8/23/07,122
HenryE,2007,9/11/07,102
HenryE,2008,10/30/08,90
HenryE,2008,10/9/08,80
HenryE,2008,5/29/08,21
HenryE,2008,5/8/08,10
HenryE,2008,6/17/08,34
HenryE,2008,7/10/08,41
HenryE,2008,8/26/08,49
HenryE,2008,8/5/08,44
HenryE,2008,9/16/08,45
HenryE,2009,10/1/09,37
HenryE,2009,10/29/09,62
HenryE,2009,5/28/09,20
HenryE,2009,6/18/09,17
HenryE,2009,7/30/09,21
HenryE,2009,7/9/09,20
HenryE,2009,8/20/09,27
HenryE,2009,9/30/10,1
HenryE,2009,9/9/09,33
HenryE,2010,10/14/10,76
HenryE,2010,11/9/10,97
HenryE,2010,5/20/10,43
HenryE,2010,6/10/10,84
HenryE,2010,6/28/10,81
HenryE,2010,7/22/10,81
HenryE,2010,8/10/10,66
HenryE,2010,9/2/10,44
HenryE,2010,9/23/10,56
HenryE,2011,10/11/11,104
HenryE,2011,11/1/11,66
HenryE,2011,6/30/11,163
HenryE,2011,6/9/11,111
HenryE,2011,7/19/11,171
HenryE,2011,8/11/11,178
HenryE,2011,8/30/11,132
HenryE,2011,9/22/11,93
HenryE,2012,10/25/12,75
HenryE,2012,10/3/12,128
HenryE,2012,4/17/12,119
HenryE,2012,4/5/12,29
HenryE,2012,5/29/12,94
HenryE,2012,5/8/12,96
HenryE,2012,6/21/12,107
HenryE,2012,7/10/12,133
HenryE,2012,8/2/12,123
HenryE,2012,8/23/12,104
HenryE,2012,9/13/12,115
HenryE,2013,10/22/13,17
HenryE,2013,10/3/13,14
HenryE,2013,6/20/13,2
HenryE,2013,7/11/13,6
HenryE,2013,8/1/13,6
HenryE,2013,8/20/13,10
HenryE,2013,9/10/13,8
HenryE,2014,10/23/14,61
HenryE,2014,10/9/14,35
HenryE,2014,11/6/14,34
HenryE,2014,5/1/14,10
HenryE,2014,5/20/14,11
HenryE,2014,6/17/14,28
HenryE,2014,6/3/14,28
HenryE,2014,7/17/14,18
HenryE,2014,7/2/14,21
HenryE,2014,7/29/14,20
HenryE,2014,8/11/14,19
HenryE,2014,8/26/14,23
HenryE,2014,9/23/14,38
HenryE,2014,9/8/14,34
HenryE,2015,10/13/15,112
HenryE,2015,10/28/15,105
HenryE,2015,4/16/15,39
HenryE,2015,5/26/15,38
HenryE,2015,5/7/15,25
HenryE,2015,6/29/15,72
HenryE,2015,6/9/15,65
HenryE,2015,8/13/15,75
HenryE,2015,9/1/15,77
HenryE,2015,9/22/15,79
HenryE,2016,10/18/16,118
HenryE,2016,5/3/16,103
HenryE,2016,8/16/16,201
HenryE,2016,9/27/16,145
HenryE,2016,9/6/16,187
HenryE,2017,10/10/17,31
HenryE,2017,6/29/17,9
HenryE,2017,6/8/17,4
HenryE,2017,7/20/17,13
HenryE,2017,8/31/17,12
HenryE,2017,8/8/17,14
HenryE,2017,9/21/17,27
HenryE,2018,11/8/18,62
HenryE,2018,4/18/19,3
HenryE,2018,5/22/18,34
HenryE,2018,6/12/18,56
HenryE,2018,7/24/18,76
HenryE,2018,7/3/18,64
HenryE,2018,8/14/18,78
HenryE,2018,9/25/18,60
HenryE,2018,9/4/18,67
HenryE,2019,10/3/19,28
HenryE,2019,10/31/19,42
HenryE,2019,4/18/19,3
HenryE,2019,5/28/19,4
HenryE,2019,5/7/19,5
HenryE,2019,6/20/19,12
HenryE,2019,7/9/19,9
HenryE,2019,8/1/19,18
HenryE,2019,8/20/19,24
HenryE,2019,9/10/19,19
HenryE,2020,7/30/20,136
HenryE,2020,8/20/20,168
HenryE,2020,9/17/18,128
HenryE,2021,6/8/21,6
HenryE,2021,8/26/21,13
HenryE,2021,8/5/21,8
HenryE,2022,5/26/22,64
HenryE,2022,8/2/22,104
HenryE,2022,8/23/22,107
HenryE,2023,5/25/23,4
HenryE,2023,6/15/23,8
HenryE,2023,8/22/23,28
HenryE,2023,8/3/23,8
HenryE,2024,5/23/24,44
HenryE,2024,6/18/24,80
HenryE,2024,8/29/24,97
HenryE,2024,8/8/24,94
HenryE,2025,5/22/25,3
HenryE,2025,6/10/25,7
HenryE,2025,8/28/25,17
HenryE,2025,8/7/25,12
TeaC,1991,10/16/91,62
TeaC,1991,11/6/91,38
TeaC,1991,12/16/91,18
TeaC,1991,12/5/91,38
TeaC,1991,7/23/91,29
TeaC,1991,8/13/91,39
TeaC,1991,9/25/91,43
TeaC,1991,9/4/91,52
TeaC,1992,10/14/92,89
TeaC,1992,11/4/92,100
TeaC,1992,4/28/92,60
TeaC,1992,4/7/92,47
TeaC,1992,5/19/92,39
TeaC,1992,6/30/92,15
TeaC,1992,6/9/92,64
TeaC,1992,8/25/92,105
TeaC,1992,8/4/92,118
TeaC,1992,9/22/92,95
TeaC,1993,10/12/93,37
TeaC,1993,4/27/93,10
TeaC,1993,6/15/93,23
TeaC,1993,8/3/93,38
TeaC,1994,10/25/94,22
TeaC,1994,11/15/94,20
TeaC,1994,5/31/94,2
TeaC,1994,6/28/94,3
TeaC,1994,8/2/94,10
TeaC,1994,8/30/94,14
TeaC,1994,9/27/94,16
TeaC,1995,10/5/95,104
TeaC,1995,11/2/95,78
TeaC,1995,4/18/95,42
TeaC,1995,5/16/95,63
TeaC,1995,6/13/95,86
TeaC,1995,8/3/95,147
TeaC,1995,9/5/95,110
TeaC,1996,10/9/96,23
TeaC,1996,11/7/96,40
TeaC,1996,3/26/96,6
TeaC,1996,4/2/96,3
TeaC,1996,4/23/96,5
TeaC,1996,5/23/96,8
TeaC,1996,7/3/96,8
TeaC,1996,8/15/96,12
TeaC,1996,9/10/96,14
TeaC,1997,10/9/97,42
TeaC,1997,11/6/97,44
TeaC,1997,6/3/97,24
TeaC,1997,7/1/97,41
TeaC,1997,8/13/97,42
TeaC,1997,9/11/97,30
TeaC,1998,10/15/98,79
TeaC,1998,4/22/98,47
TeaC,1998,5/21/98,73
TeaC,1998,6/18/98,76
TeaC,1998,7/29/98,83
TeaC,1998,8/25/98,68
TeaC,1998,9/15/98,58
TeaC,1999,10/19/99,49
TeaC,1999,11/11/99,23
TeaC,1999,6/29/99,92
TeaC,1999,6/8/99,79
TeaC,1999,7/27/99,72
TeaC,1999,8/17/99,77
TeaC,1999,9/21/99,62
TeaC,2000,10/26/00,14
TeaC,2000,10/3/00,25
TeaC,2000,6/29/00,8
TeaC,2000,6/8/00,4
TeaC,2000,7/20/00,12
TeaC,2000,8/8/00,7
TeaC,2000,9/14/00,19
TeaC,2001,10/2/01,45
TeaC,2001,10/23/01,61
TeaC,2001,5/22/01,31
TeaC,2001,5/3/01,9
TeaC,2001,6/14/01,39
TeaC,2001,7/24/01,56
TeaC,2001,7/5/01,58
TeaC,2001,8/14/01,53
TeaC,2001,9/5/01,52
TeaC,2002,10/24/02,69
TeaC,2002,10/3/02,76
TeaC,2002,11/13/02,99
TeaC,2002,5/14/02,69
TeaC,2002,6/6/02,88
TeaC,2002,7/30/02,88
TeaC,2002,7/9/02,83
TeaC,2002,8/20/02,80
TeaC,2002,9/12/02,73
TeaC,2003,10/15/03,70
TeaC,2003,11/4/03,88
TeaC,2003,6/3/03,41
TeaC,2003,7/1/03,45
TeaC,2003,7/24/03,66
TeaC,2003,8/14/03,75
TeaC,2003,9/2/03,76
TeaC,2003,9/23/03,56
TeaC,2004,10/14/04,15
TeaC,2004,11/4/04,27
TeaC,2004,6/2/04,46
TeaC,2004,6/22/04,58
TeaC,2004,7/22/04,70
TeaC,2004,8/12/04,40
TeaC,2004,8/31/04,38
TeaC,2004,9/23/04,42
TeaC,2005,10/25/05,22
TeaC,2005,10/6/05,13
TeaC,2005,7/12/05,1
TeaC,2005,8/2/05,1
TeaC,2005,8/25/05,3
TeaC,2005,9/15/05,9
TeaC,2006,10/12/06,79
TeaC,2006,11/2/06,83
TeaC,2006,5/16/06,20
TeaC,2006,6/29/06,39
TeaC,2006,6/8/06,29
TeaC,2006,7/20/06,47
TeaC,2006,8/31/06,47
TeaC,2006,8/8/06,51
TeaC,2006,9/21/06,51
TeaC,2007,10/18/07,111
TeaC,2007,5/29/07,89
TeaC,2007,6/25/07,176
TeaC,2007,7/17/07,199
TeaC,2007,8/9/07,193
TeaC,2007,9/27/07,91
TeaC,2007,9/4/07,139
TeaC,2008,10/14/08,61
TeaC,2008,11/6/08,73
TeaC,2008,5/15/08,5
TeaC,2008,6/26/08,17
TeaC,2008,6/5/08,14
TeaC,2008,7/17/08,20
TeaC,2008,8/14/08,29
TeaC,2008,9/2/08,20
TeaC,2008,9/25/08,32
TeaC,2009,10/13/09,32
TeaC,2009,10/21/09,48
TeaC,2009,5/19/09,4
TeaC,2009,6/30/09,25
TeaC,2009,6/9/09,19
TeaC,2009,7/23/09,30
TeaC,2009,8/11/09,21
TeaC,2009,9/22/09,38
TeaC,2009,9/3/09,29
TeaC,2010,10/28/10,54
TeaC,2010,10/7/10,54
TeaC,2010,6/24/10,72
TeaC,2010,6/3/10,83
TeaC,2010,8/26/10,35
TeaC,2010,8/5/10,52
TeaC,2010,9/16/10,27
TeaC,2011,10/18/11,72
TeaC,2011,5/24/11,66
TeaC,2011,6/14/11,78
TeaC,2011,7/28/11,151
TeaC,2011,7/7/11,145
TeaC,2011,8/16/11,154
TeaC,2011,9/29/11,65
TeaC,2011,9/6/11,113
TeaC,2012,10/18/12,47
TeaC,2012,11/7/12,21
TeaC,2012,4/3/12,27
TeaC,2012,5/1/12,57
TeaC,2012,5/22/12,57
TeaC,2012,6/12/12,74
TeaC,2012,7/24/12,86
TeaC,2012,7/5/12,80
TeaC,2012,8/14/12,77
TeaC,2012,9/25/12,86
TeaC,2012,9/4/12,77
TeaC,2013,10/17/13,15
TeaC,2013,11/7/13,14
TeaC,2013,5/23/13,2
TeaC,2013,6/11/13,3
TeaC,2013,7/23/13,3
TeaC,2013,7/3/13,7
TeaC,2013,8/15/13,8
TeaC,2013,9/26/13,14
TeaC,2013,9/5/13,9
TeaC,2014,10/21/14,63
TeaC,2014,10/7/14,51
TeaC,2014,11/4/14,46
TeaC,2014,4/17/14,5
TeaC,2014,5/22/14,20
TeaC,2014,5/8/14,7
TeaC,2014,6/19/14,22
TeaC,2014,6/5/14,22
TeaC,2014,7/1/14,21
TeaC,2014,7/15/14,31
TeaC,2014,7/31/14,31
TeaC,2014,8/13/14,31
TeaC,2014,8/28/14,34
TeaC,2014,9/10/14,37
TeaC,2014,9/25/14,39
TeaC,2015,10/7/15,60
TeaC,2015,11/3/15,66
TeaC,2015,4/21/15,32
TeaC,2015,5/12/15,31
TeaC,2015,5/28/15,23
TeaC,2015,6/11/15,39
TeaC,2015,6/22/15,37
TeaC,2015,7/16/15,55
TeaC,2015,8/25/15,63
TeaC,2015,8/4/15,72
TeaC,2015,9/14/15,69
TeaC,2016,10/13/16,77
TeaC,2016,11/1/16,57
TeaC,2016,5/17/16,38
TeaC,2016,6/30/16,147
TeaC,2016,6/9/16,133
TeaC,2016,7/21/16,187
TeaC,2016,8/11/16,210
TeaC,2016,8/30/16,217
TeaC,2016,9/22/16,155
TeaC,2017,10/26/17,18
TeaC,2017,10/5/17,18
TeaC,2017,5/30/17,2
TeaC,2017,6/20/17,9
TeaC,2017,7/11/17,6
TeaC,2017,8/22/17,8
TeaC,2017,8/3/17,6
TeaC,2017,9/14/17,16
TeaC,2018,10/25/18,28
TeaC,2018,4/24/18,8
TeaC,2018,5/31/18,37
TeaC,2018,6/21/18,48
TeaC,2018,7/10/18,50
TeaC,2018,7/31/18,54
TeaC,2018,8/21/18,60
TeaC,2018,9/11/18,64
TeaC,2019,10/15/19,20
TeaC,2019,10/2/19,32
TeaC,2019,10/23/19,26
TeaC,2019,10/30/19,32
TeaC,2019,10/9/19,22
TeaC,2019,4/9/19,6
TeaC,2019,5/15/19,13
TeaC,2019,5/2/19,7
TeaC,2019,5/23/19,7
TeaC,2019,5/29/19,8
TeaC,2019,5/7/19,9
TeaC,2019,6/13/19,10
TeaC,2019,6/19/19,8
TeaC,2019,6/5/19,8
TeaC,2019,7/17/19,18
TeaC,2019,7/23/19,26
TeaC,2019,7/3/19,16
TeaC,2019,7/31/19,24
TeaC,2019,7/9/19,16
TeaC,2019,8/13/19,26
TeaC,2019,8/20/19,21
TeaC,2019,8/28/19,29
TeaC,2019,9/11/19,29
TeaC,2019,9/18/19,17
TeaC,2019,9/26/19,23
TeaC,2019,9/3/19,21
TeaC,2020,7/21/20,81
TeaC,2020,8/11/20,128
TeaC,2020,9/10/20,87
TeaC,2021,5/27/21,2
TeaC,2021,6/17/21,3
TeaC,2021,8/10/21,12
TeaC,2021,9/7/21,16
TeaC,2022,6/7/22,78
TeaC,2022,8/9/22,106
TeaC,2022,9/1/22,117
TeaC,2023,5/30/23,4
TeaC,2023,6/22/23,11
TeaC,2023,8/10/23,25
TeaC,2023,8/31/23,24
TeaC,2024,5/28/24,56
TeaC,2024,6/25/24,110
TeaC,2024,8/15/24,96
TeaC,2024,9/5/24,97
TeaC,2025,5/29/25,4
TeaC,2025,6/19/25,8
TeaC,2025,8/12/25,17
TeaC,2025,9/4/25,19
TeaE,1995,10/3/95,90
TeaE,1995,11/7/95,39
TeaE,1995,4/20/95,34
TeaE,1995,5/18/95,95
TeaE,1995,6/15/95,113
TeaE,1995,6/28/95,48
TeaE,1995,6/28/96,2
TeaE,1995,6/30/95,33
TeaE,1995,7/10/95,3
TeaE,1995,7/10/96,1
TeaE,1995,7/12/95,2
TeaE,1995,7/14/95,2
TeaE,1995,7/20/95,2
TeaE,1995,7/4/95,12
TeaE,1995,7/6/96,1
TeaE,1995,8/15/95,41
TeaE,1995,9/7/95,59
TeaE,1996,10/7/96,22
TeaE,1996,11/5/96,33
TeaE,1996,4/25/96,9
TeaE,1996,4/3/96,1
TeaE,1996,4/4/96,3
TeaE,1996,5/21/96,10
TeaE,1996,7/3/96,7
TeaE,1996,8/15/96,11
TeaE,1996,9/12/96,9
TeaE,1997,10/7/97,50
TeaE,1997,11/4/97,52
TeaE,1997,6/17/97,28
TeaE,1997,6/24/97,13
TeaE,1997,6/30/97,10
TeaE,1997,6/5/97,15
TeaE,1997,7/15/97,9
TeaE,1997,7/22/97,9
TeaE,1997,7/29/97,9
TeaE,1997,7/8/97,20
TeaE,1997,8/12/97,13
TeaE,1997,8/19/97,7
TeaE,1997,8/26/97,10
TeaE,1997,8/5/97,22
TeaE,1997,9/9/97,28
TeaE,1998,10/13/98,99
TeaE,1998,4/22/98,33
TeaE,1998,5/19/98,65
TeaE,1998,6/11/98,70
TeaE,1998,6/16/98,62
TeaE,1998,6/2/98,67
TeaE,1998,6/25/98,76
TeaE,1998,7/2/98,75
TeaE,1998,7/27/98,76
TeaE,1998,8/11/98,78
TeaE,1998,8/20/98,80
TeaE,1998,8/27/98,67
TeaE,1998,8/6/98,77
TeaE,1998,9/17/98,80
TeaE,1999,10/19/99,71
TeaE,1999,6/10/99,94
TeaE,1999,7/1/99,94
TeaE,1999,7/29/99,70
TeaE,1999,8/18/99,76
TeaE,1999,9/23/99,83
TeaE,2000,10/24/00,20
TeaE,2000,10/5/00,18
TeaE,2000,6/27/00,4
TeaE,2000,6/8/00,4
TeaE,2000,7/18/00,5
TeaE,2000,8/9/00,6
TeaE,2000,9/12/00,14
TeaE,2001,10/25/01,110
TeaE,2001,10/4/01,88
TeaE,2001,5/1/01,4
TeaE,2001,5/24/01,25
TeaE,2001,6/12/01,34
TeaE,2001,7/26/01,48
TeaE,2001,7/3/01,43
TeaE,2001,8/16/01,58
TeaE,2001,9/6/01,66
TeaE,2002,10/1/02,91
TeaE,2002,10/22/02,81
TeaE,2002,11/14/02,100
TeaE,2002,5/16/02,75
TeaE,2002,6/4/02,105
TeaE,2002,7/11/02,98
TeaE,2002,8/1/02,81
TeaE,2002,8/22/02,84
TeaE,2002,9/10/02,76
TeaE,2003,10/16/03,66
TeaE,2003,11/6/03,105
TeaE,2003,6/5/03,34
TeaE,2003,7/22/03,60
TeaE,2003,7/3/03,39
TeaE,2003,8/12/03,64
TeaE,2003,9/25/03,61
TeaE,2003,9/4/03,76
TeaE,2004,10/11/04,53
TeaE,2004,10/28/04,1
TeaE,2004,11/1/04,1
TeaE,2004,11/2/04,35
TeaE,2004,6/24/04,59
TeaE,2004,6/3/04,41
TeaE,2004,7/20/04,65
TeaE,2004,8/10/04,72
TeaE,2004,9/2/04,75
TeaE,2004,9/21/04,61
TeaE,2005,10/27/05,13
TeaE,2005,10/4/05,13
TeaE,2005,7/14/05,1
TeaE,2005,8/23/05,5
TeaE,2005,8/4/05,4
TeaE,2005,9/13/05,11
TeaE,2006,10/10/06,86
TeaE,2006,10/31/06,86
TeaE,2006,5/18/06,32
TeaE,2006,6/27/06,41
TeaE,2006,6/6/06,36
TeaE,2006,7/18/06,50
TeaE,2006,8/10/06,52
TeaE,2006,8/29/06,59
TeaE,2006,9/19/06,65
TeaE,2007,10/23/07,125
TeaE,2007,5/31/07,118
TeaE,2007,6/27/07,181
TeaE,2007,7/19/07,173
TeaE,2007,8/7/07,172
TeaE,2007,9/25/07,124
TeaE,2007,9/6/07,139
TeaE,2008,10/16/08,62
TeaE,2008,11/4/08,60
TeaE,2008,5/13/08,7
TeaE,2008,6/24/08,27
TeaE,2008,6/3/08,14
TeaE,2008,7/15/08,24
TeaE,2008,8/12/08,38
TeaE,2008,9/23/08,38
TeaE,2008,9/4/08,32
TeaE,2009,10/22/09,72
TeaE,2009,5/21/09,16
TeaE,2009,6/11/09,26
TeaE,2009,7/2/09,26
TeaE,2009,7/21/09,38
TeaE,2009,8/13/09,33
TeaE,2009,8/25/10,2
TeaE,2009,9/1/09,31
TeaE,2009,9/24/09,44
TeaE,2010,10/26/10,108
TeaE,2010,10/5/10,76
TeaE,2010,6/1/10,66
TeaE,2010,6/22/10,82
TeaE,2010,7/13/10,77
TeaE,2010,8/24/10,47
TeaE,2010,8/3/10,67
TeaE,2010,9/14/10,59
TeaE,2011,10/20/11,87
TeaE,2011,5/26/11,87
TeaE,2011,6/16/11,127
TeaE,2011,7/26/11,179
TeaE,2011,7/5/11,129
TeaE,2011,8/18/11,140
TeaE,2011,9/27/11,62
TeaE,2011,9/8/11,109
TeaE,2012,10/16/12,53
TeaE,2012,11/7/12,15
TeaE,2012,4/5/12,27
TeaE,2012,5/24/12,50
TeaE,2012,5/3/12,55
TeaE,2012,6/14/12,61
TeaE,2012,7/26/12,60
TeaE,2012,7/3/12,65
TeaE,2012,8/16/12,70
TeaE,2012,9/27/12,72
TeaE,2012,9/6/12,60
TeaE,2013,10/15/13,14
TeaE,2013,11/5/13,12
TeaE,2013,6/13/13,2
TeaE,2013,7/1/13,5
TeaE,2013,7/25/13,6
TeaE,2013,8/13/13,11
TeaE,2013,9/24/13,9
TeaE,2013,9/3/13,11
TeaE,2014,10/21/14,61
TeaE,2014,10/7/14,51
TeaE,2014,11/4/14,51
TeaE,2014,4/15/14,11
TeaE,2014,5/22/14,14
TeaE,2014,5/5/14,5
TeaE,2014,6/17/14,16
TeaE,2014,6/3/14,19
TeaE,2014,7/17/14,19
TeaE,2014,7/2/14,18
TeaE,2014,7/29/14,22
TeaE,2014,8/11/14,19
TeaE,2014,8/26/14,30
TeaE,2014,9/2/14,1
TeaE,2014,9/25/14,45
TeaE,2014,9/8/14,41
TeaE,2015,10/5/15,35
TeaE,2015,11/5/15,52
TeaE,2015,4/23/15,19
TeaE,2015,5/14/15,16
TeaE,2015,5/26/15,27
TeaE,2015,6/24/15,26
TeaE,2015,6/9/15,28
TeaE,2015,7/14/15,39
TeaE,2015,8/27/15,33
TeaE,2015,8/6/15,36
TeaE,2015,9/16/15,39
TeaE,2016,10/11/16,131
TeaE,2016,11/3/16,87
TeaE,2016,5/19/16,58
TeaE,2016,6/28/16,142
TeaE,2016,6/7/16,105
TeaE,2016,7/19/16,193
TeaE,2016,8/9/16,236
TeaE,2016,9/1/16,228
TeaE,2016,9/20/16,170
TeaE,2017,10/24/17,11
TeaE,2017,10/3/17,11
TeaE,2017,6/22/17,3
TeaE,2017,7/13/17,6
TeaE,2017,8/1/17,3
TeaE,2017,8/24/17,9
TeaE,2017,9/12/17,13
TeaE,2018,10/23/18,43
TeaE,2018,4/19/18,2
TeaE,2018,5/29/18,25
TeaE,2018,6/19/18,43
TeaE,2018,7/12/18,41
TeaE,2018,8/2/18,42
TeaE,2018,8/23/18,41
TeaE,2018,9/13/18,48
TeaE,2019,10/16/19,21
TeaE,2019,4/11/19,2
TeaE,2019,4/30/19,5
TeaE,2019,5/21/19,6
TeaE,2019,6/11/19,9
TeaE,2019,7/2/19,14
TeaE,2019,7/25/19,17
TeaE,2019,8/14/19,22
TeaE,2019,9/24/19,23
TeaE,2019,9/5/19,23
TeaE,2020,7/23/20,43
TeaE,2020,8/13/14,106
TeaE,2020,9/8/20,92
TeaE,2021,6/15/21,1
TeaE,2021,8/12/21,9
TeaE,2021,8/31/21,10
TeaE,2022,6/9/22,76
TeaE,2022,8/11/22,76
TeaE,2022,8/30/22,107
TeaE,2023,6/1/23,3
TeaE,2023,6/20/23,6
TeaE,2023,8/29/23,14
TeaE,2023,8/8/23,16
TeaE,2024,6/11/24,50
TeaE,2024,6/27/24,89
TeaE,2024,8/13/24,101
TeaE,2024,9/3/24,103
TeaE,2025,5/27/25,1
TeaE,2025,6/17/25,6
TeaE,2025,8/14/25,12
TeaE,2025,9/3/25,16
