"scene","sensor","tile","year_doy","evi2","year","doy","date"
"HLS_S30_T15TYL_2016020","S30","T15TYL","2016020",NA,2016,20,2016-01-20
"HLS_L30_T15TYL_2016023","L30","T15TYL","2016023",0,2016,23,2016-01-23
"HLS_S30_T15TYL_2016050","S30","T15TYL","2016050",NA,2016,50,2016-02-19
"HLS_L30_T15TYL_2016062","L30","T15TYL","2016062",NA,2016,62,2016-03-02
"HLS_L30_T15TYL_2016071","L30","T15TYL","2016071",0.218742127802502,2016,71,2016-03-11
"HLS_S30_T15TYL_2016080","S30","T15TYL","2016080",0.243466023321271,2016,80,2016-03-20
"HLS_S30_T15TYL_2016093","S30","T15TYL","2016093",NA,2016,93,2016-04-02
"HLS_L30_T15TYL_2016094","L30","T15TYL","2016094",NA,2016,94,2016-04-03
"HLS_L30_T15TYL_2016103","L30","T15TYL","2016103",0,2016,103,2016-04-12
"HLS_L30_T15TYL_2016126","L30","T15TYL","2016126",0.272744501226177,2016,126,2016-05-05
"HLS_L30_T15TYL_2016135","L30","T15TYL","2016135",NA,2016,135,2016-05-14
"HLS_L30_T15TYL_2016142","L30","T15TYL","2016142",0.334672052235805,2016,142,2016-05-21
"HLS_L30_T15TYL_2016151","L30","T15TYL","2016151",0.49553901209441,2016,151,2016-05-30
"HLS_S30_T15TYL_2016153","S30","T15TYL","2016153",NA,2016,153,2016-06-01
"HLS_L30_T15TYL_2016158","L30","T15TYL","2016158",NA,2016,158,2016-06-06
"HLS_S30_T15TYL_2016160","S30","T15TYL","2016160",0.536099653071817,2016,160,2016-06-08
"HLS_S30_T15TYL_2016173","S30","T15TYL","2016173",0.666179143285146,2016,173,2016-06-21
"HLS_L30_T15TYL_2016174","L30","T15TYL","2016174",0.568291973633191,2016,174,2016-06-22
"HLS_S30_T15TYL_2016180","S30","T15TYL","2016180",0.668949554053541,2016,180,2016-06-28
"HLS_L30_T15TYL_2016183","L30","T15TYL","2016183",0.602982071239921,2016,183,2016-07-01
"HLS_S30_T15TYL_2016200","S30","T15TYL","2016200",0.63863419927414,2016,200,2016-07-18
"HLS_L30_T15TYL_2016206","L30","T15TYL","2016206",NA,2016,206,2016-07-24
"HLS_S30_T15TYL_2016213","S30","T15TYL","2016213",0.561291182994916,2016,213,2016-07-31
"HLS_S30_T15TYL_2016220","S30","T15TYL","2016220",0.616134668095204,2016,220,2016-08-07
"HLS_L30_T15TYL_2016222","L30","T15TYL","2016222",NA,2016,222,2016-08-09
"HLS_L30_T15TYL_2016231","L30","T15TYL","2016231",NA,2016,231,2016-08-18
"HLS_L30_T15TYL_2016238","L30","T15TYL","2016238",0.488143743071991,2016,238,2016-08-25
"HLS_S30_T15TYL_2016240","S30","T15TYL","2016240",NA,2016,240,2016-08-27
"HLS_L30_T15TYL_2016247","L30","T15TYL","2016247",0.485235070266383,2016,247,2016-09-03
"HLS_S30_T15TYL_2016253","S30","T15TYL","2016253",NA,2016,253,2016-09-09
"HLS_L30_T15TYL_2016254","L30","T15TYL","2016254",NA,2016,254,2016-09-10
"HLS_S30_T15TYL_2016273","S30","T15TYL","2016273",0.35839347349387,2016,273,2016-09-29
"HLS_S30_T15TYL_2016280","S30","T15TYL","2016280",NA,2016,280,2016-10-06
"HLS_S30_T15TYL_2016293","S30","T15TYL","2016293",NA,2016,293,2016-10-19
"HLS_L30_T15TYL_2016311","L30","T15TYL","2016311",0.233082662441581,2016,311,2016-11-06
"HLS_S30_T15TYL_2016313","S30","T15TYL","2016313",NA,2016,313,2016-11-08
"HLS_L30_T15TYL_2016318","L30","T15TYL","2016318",0.224207826590552,2016,318,2016-11-13
"HLS_S30_T15TYL_2016323","S30","T15TYL","2016323",0.288888541406055,2016,323,2016-11-18
"HLS_S30_T15TYL_2016340","S30","T15TYL","2016340",0,2016,340,2016-12-05
"HLS_L30_T15TYL_2016343","L30","T15TYL","2016343",NA,2016,343,2016-12-08
"HLS_L30_T15TYL_2016350","L30","T15TYL","2016350",0,2016,350,2016-12-15
"HLS_S30_T15TYL_2016350","S30","T15TYL","2016350",0,2016,350,2016-12-15
"HLS_S30_T15TYL_2016353","S30","T15TYL","2016353",0,2016,353,2016-12-18
"HLS_S30_T15TYL_2016363","S30","T15TYL","2016363",0,2016,363,2016-12-28
"HLS_S30_T15TYL_2017004","S30","T15TYL","2017004",0,2017,4,2017-01-04
"HLS_S30_T15TYL_2017007","S30","T15TYL","2017007",0,2017,7,2017-01-07
"HLS_S30_T15TYL_2017027","S30","T15TYL","2017027",0,2017,27,2017-01-27
"HLS_S30_T15TYL_2017044","S30","T15TYL","2017044",0,2017,44,2017-02-13
"HLS_L30_T15TYL_2017048","L30","T15TYL","2017048",0,2017,48,2017-02-17
"HLS_S30_T15TYL_2017054","S30","T15TYL","2017054",NA,2017,54,2017-02-23
"HLS_S30_T15TYL_2017067","S30","T15TYL","2017067",0,2017,67,2017-03-08
"HLS_L30_T15TYL_2017073","L30","T15TYL","2017073",0,2017,73,2017-03-14
"HLS_S30_T15TYL_2017074","S30","T15TYL","2017074",0,2017,74,2017-03-15
"HLS_L30_T15TYL_2017080","L30","T15TYL","2017080",NA,2017,80,2017-03-21
"HLS_S30_T15TYL_2017087","S30","T15TYL","2017087",0.214526430970801,2017,87,2017-03-28
"HLS_L30_T15TYL_2017096","L30","T15TYL","2017096",0.228633641807294,2017,96,2017-04-06
"HLS_S30_T15TYL_2017107","S30","T15TYL","2017107",0.272129235146601,2017,107,2017-04-17
"HLS_L30_T15TYL_2017112","L30","T15TYL","2017112",0.241850037621117,2017,112,2017-04-22
"HLS_S30_T15TYL_2017114","S30","T15TYL","2017114",NA,2017,114,2017-04-24
"HLS_S30_T15TYL_2017127","S30","T15TYL","2017127",0.255715785274087,2017,127,2017-05-07
"HLS_L30_T15TYL_2017128","L30","T15TYL","2017128",0.261254672517471,2017,128,2017-05-08
"HLS_S30_T15TYL_2017134","S30","T15TYL","2017134",0.295468882038587,2017,134,2017-05-14
"HLS_L30_T15TYL_2017137","L30","T15TYL","2017137",NA,2017,137,2017-05-17
"HLS_S30_T15TYL_2017147","S30","T15TYL","2017147",0.405551949010003,2017,147,2017-05-27
"HLS_L30_T15TYL_2017153","L30","T15TYL","2017153",0.459253182306282,2017,153,2017-06-02
"HLS_S30_T15TYL_2017154","S30","T15TYL","2017154",0.469351024452241,2017,154,2017-06-03
"HLS_L30_T15TYL_2017160","L30","T15TYL","2017160",0.617734495814003,2017,160,2017-06-09
"HLS_S30_T15TYL_2017174","S30","T15TYL","2017174",0.60490664046048,2017,174,2017-06-23
"HLS_L30_T15TYL_2017176","L30","T15TYL","2017176",NA,2017,176,2017-06-25
"HLS_L30_T15TYL_2017185","L30","T15TYL","2017185",0.586464905468853,2017,185,2017-07-04
"HLS_S30_T15TYL_2017187","S30","T15TYL","2017187",0.626651653222948,2017,187,2017-07-06
"HLS_S30_T15TYL_2017189","S30","T15TYL","2017189",NA,2017,189,2017-07-08
"HLS_L30_T15TYL_2017192","L30","T15TYL","2017192",0.576666345531868,2017,192,2017-07-11
"HLS_L30_T15TYL_2017201","L30","T15TYL","2017201",NA,2017,201,2017-07-20
"HLS_L30_T15TYL_2017208","L30","T15TYL","2017208",0.617868706434601,2017,208,2017-07-27
"HLS_S30_T15TYL_2017209","S30","T15TYL","2017209",0.57012906523897,2017,209,2017-07-28
"HLS_S30_T15TYL_2017214","S30","T15TYL","2017214",NA,2017,214,2017-08-02
"HLS_L30_T15TYL_2017217","L30","T15TYL","2017217",0.535579625694111,2017,217,2017-08-05
"HLS_L30_T15TYL_2017224","L30","T15TYL","2017224",0.533372055814303,2017,224,2017-08-12
"HLS_L30_T15TYL_2017233","L30","T15TYL","2017233",0.432240810995709,2017,233,2017-08-21
"HLS_S30_T15TYL_2017247","S30","T15TYL","2017247",0.487662323575291,2017,247,2017-09-04
"HLS_L30_T15TYL_2017249","L30","T15TYL","2017249",NA,2017,249,2017-09-06
"HLS_S30_T15TYL_2017249","S30","T15TYL","2017249",NA,2017,249,2017-09-06
"HLS_S30_T15TYL_2017254","S30","T15TYL","2017254",0.449408395752417,2017,254,2017-09-11
"HLS_L30_T15TYL_2017256","L30","T15TYL","2017256",0.420761168699671,2017,256,2017-09-13
"HLS_S30_T15TYL_2017262","S30","T15TYL","2017262",0.384259823127586,2017,262,2017-09-19
"HLS_L30_T15TYL_2017272","L30","T15TYL","2017272",NA,2017,272,2017-09-29
"HLS_S30_T15TYL_2017274","S30","T15TYL","2017274",NA,2017,274,2017-10-01
"HLS_L30_T15TYL_2017281","L30","T15TYL","2017281",0.309766236023405,2017,281,2017-10-08
"HLS_S30_T15TYL_2017282","S30","T15TYL","2017282",0.301349906906034,2017,282,2017-10-09
"HLS_S30_T15TYL_2017289","S30","T15TYL","2017289",0.290798133865318,2017,289,2017-10-16
"HLS_S30_T15TYL_2017294","S30","T15TYL","2017294",NA,2017,294,2017-10-21
"HLS_L30_T15TYL_2017313","L30","T15TYL","2017313",0,2017,313,2017-11-09
"HLS_S30_T15TYL_2017314","S30","T15TYL","2017314",0,2017,314,2017-11-10
"HLS_S30_T15TYL_2017327","S30","T15TYL","2017327",0.218001773496446,2017,327,2017-11-23
"HLS_L30_T15TYL_2017329","L30","T15TYL","2017329",0.223266111645494,2017,329,2017-11-25
"HLS_S30_T15TYL_2017334","S30","T15TYL","2017334",0.221168506945026,2017,334,2017-11-30
"HLS_L30_T15TYL_2017336","L30","T15TYL","2017336",0.209784244078733,2017,336,2017-12-02
"HLS_S30_T15TYL_2017359","S30","T15TYL","2017359",NA,2017,359,2017-12-25
"HLS_L30_T15TYL_2017361","L30","T15TYL","2017361",0,2017,361,2017-12-27
"HLS_L30_T15TYL_2018003","L30","T15TYL","2018003",NA,2018,3,2018-01-03
"HLS_S30_T15TYL_2018004","S30","T15TYL","2018004",0,2018,4,2018-01-04
"HLS_S30_T15TYL_2018007","S30","T15TYL","2018007",NA,2018,7,2018-01-07
"HLS_S30_T15TYL_2018009","S30","T15TYL","2018009",NA,2018,9,2018-01-09
"HLS_L30_T15TYL_2018012","L30","T15TYL","2018012",0,2018,12,2018-01-12
"HLS_S30_T15TYL_2018014","S30","T15TYL","2018014",NA,2018,14,2018-01-14
"HLS_S30_T15TYL_2018017","S30","T15TYL","2018017",NA,2018,17,2018-01-17
"HLS_S30_T15TYL_2018024","S30","T15TYL","2018024",0,2018,24,2018-01-24
"HLS_S30_T15TYL_2018027","S30","T15TYL","2018027",0,2018,27,2018-01-27
"HLS_S30_T15TYL_2018029","S30","T15TYL","2018029",0,2018,29,2018-01-29
"HLS_L30_T15TYL_2018035","L30","T15TYL","2018035",0,2018,35,2018-02-04
"HLS_S30_T15TYL_2018037","S30","T15TYL","2018037",0,2018,37,2018-02-06
"HLS_S30_T15TYL_2018039","S30","T15TYL","2018039",NA,2018,39,2018-02-08
"HLS_S30_T15TYL_2018042","S30","T15TYL","2018042",0,2018,42,2018-02-11
"HLS_S30_T15TYL_2018047","S30","T15TYL","2018047",0,2018,47,2018-02-16
"HLS_S30_T15TYL_2018052","S30","T15TYL","2018052",0,2018,52,2018-02-21
"HLS_S30_T15TYL_2018057","S30","T15TYL","2018057",0,2018,57,2018-02-26
"HLS_S30_T15TYL_2018059","S30","T15TYL","2018059",0,2018,59,2018-02-28
"HLS_S30_T15TYL_2018069","S30","T15TYL","2018069",0,2018,69,2018-03-10
"HLS_S30_T15TYL_2018072","S30","T15TYL","2018072",NA,2018,72,2018-03-13
"HLS_S30_T15TYL_2018074","S30","T15TYL","2018074",0,2018,74,2018-03-15
"HLS_L30_T15TYL_2018076","L30","T15TYL","2018076",0,2018,76,2018-03-17
"HLS_S30_T15TYL_2018077","S30","T15TYL","2018077",NA,2018,77,2018-03-18
"HLS_S30_T15TYL_2018082","S30","T15TYL","2018082",0,2018,82,2018-03-23
"HLS_S30_T15TYL_2018084","S30","T15TYL","2018084",0,2018,84,2018-03-25
"HLS_S30_T15TYL_2018087","S30","T15TYL","2018087",0,2018,87,2018-03-28
"HLS_S30_T15TYL_2018094","S30","T15TYL","2018094",NA,2018,94,2018-04-04
"HLS_S30_T15TYL_2018097","S30","T15TYL","2018097",0,2018,97,2018-04-07
"HLS_S30_T15TYL_2018099","S30","T15TYL","2018099",0,2018,99,2018-04-09
"HLS_S30_T15TYL_2018109","S30","T15TYL","2018109",0,2018,109,2018-04-19
"HLS_S30_T15TYL_2018112","S30","T15TYL","2018112",0,2018,112,2018-04-22
"HLS_S30_T15TYL_2018114","S30","T15TYL","2018114",0,2018,114,2018-04-24
"HLS_L30_T15TYL_2018115","L30","T15TYL","2018115",0,2018,115,2018-04-25
"HLS_S30_T15TYL_2018119","S30","T15TYL","2018119",0.236790706151233,2018,119,2018-04-29
"HLS_S30_T15TYL_2018122","S30","T15TYL","2018122",NA,2018,122,2018-05-02
"HLS_L30_T15TYL_2018124","L30","T15TYL","2018124",0.254408809126164,2018,124,2018-05-04
"HLS_S30_T15TYL_2018124","S30","T15TYL","2018124",0.243808906504363,2018,124,2018-05-04
"HLS_S30_T15TYL_2018127","S30","T15TYL","2018127",0.2353738740299,2018,127,2018-05-07
"HLS_S30_T15TYL_2018132","S30","T15TYL","2018132",0.25144715454228,2018,132,2018-05-12
"HLS_S30_T15TYL_2018134","S30","T15TYL","2018134",NA,2018,134,2018-05-14
"HLS_S30_T15TYL_2018137","S30","T15TYL","2018137",0.331688465479684,2018,137,2018-05-17
"HLS_S30_T15TYL_2018139","S30","T15TYL","2018139",NA,2018,139,2018-05-19
"HLS_L30_T15TYL_2018140","L30","T15TYL","2018140",0.342579388051904,2018,140,2018-05-20
"HLS_S30_T15TYL_2018142","S30","T15TYL","2018142",0.361425469350747,2018,142,2018-05-22
"HLS_S30_T15TYL_2018144","S30","T15TYL","2018144",NA,2018,144,2018-05-24
"HLS_L30_T15TYL_2018147","L30","T15TYL","2018147",NA,2018,147,2018-05-27
"HLS_S30_T15TYL_2018149","S30","T15TYL","2018149",0.483720272763182,2018,149,2018-05-29
"HLS_S30_T15TYL_2018152","S30","T15TYL","2018152",NA,2018,152,2018-06-01
"HLS_S30_T15TYL_2018154","S30","T15TYL","2018154",NA,2018,154,2018-06-03
"HLS_L30_T15TYL_2018156","L30","T15TYL","2018156",0.536789573952043,2018,156,2018-06-05
"HLS_S30_T15TYL_2018162","S30","T15TYL","2018162",0.544077625712433,2018,162,2018-06-11
"HLS_S30_T15TYL_2018164","S30","T15TYL","2018164",0.672160095655124,2018,164,2018-06-13
"HLS_S30_T15TYL_2018174","S30","T15TYL","2018174",0.594918089636597,2018,174,2018-06-23
"HLS_L30_T15TYL_2018179","L30","T15TYL","2018179",0.593702084542558,2018,179,2018-06-28
"HLS_S30_T15TYL_2018179","S30","T15TYL","2018179",0.598836804346312,2018,179,2018-06-28
"HLS_S30_T15TYL_2018184","S30","T15TYL","2018184",0.593956881334325,2018,184,2018-07-03
"HLS_S30_T15TYL_2018187","S30","T15TYL","2018187",0.591736262530684,2018,187,2018-07-06
"HLS_L30_T15TYL_2018188","L30","T15TYL","2018188",0.597347944586446,2018,188,2018-07-07
"HLS_S30_T15TYL_2018189","S30","T15TYL","2018189",0.588791887517456,2018,189,2018-07-08
"HLS_S30_T15TYL_2018192","S30","T15TYL","2018192",NA,2018,192,2018-07-11
"HLS_S30_T15TYL_2018194","S30","T15TYL","2018194",NA,2018,194,2018-07-13
"HLS_L30_T15TYL_2018195","L30","T15TYL","2018195",0.589739696988655,2018,195,2018-07-14
"HLS_S30_T15TYL_2018197","S30","T15TYL","2018197",0.58831351262888,2018,197,2018-07-16
"HLS_S30_T15TYL_2018199","S30","T15TYL","2018199",0.638002991761337,2018,199,2018-07-18
"HLS_L30_T15TYL_2018204","L30","T15TYL","2018204",0.549143179004371,2018,204,2018-07-23
"HLS_S30_T15TYL_2018204","S30","T15TYL","2018204",0.562335873261871,2018,204,2018-07-23
"HLS_S30_T15TYL_2018209","S30","T15TYL","2018209",0.672834161548308,2018,209,2018-07-28
"HLS_L30_T15TYL_2018211","L30","T15TYL","2018211",0.569825167278221,2018,211,2018-07-30
"HLS_S30_T15TYL_2018212","S30","T15TYL","2018212",0.577715042419127,2018,212,2018-07-31
"HLS_S30_T15TYL_2018217","S30","T15TYL","2018217",0.552883808297957,2018,217,2018-08-05
"HLS_S30_T15TYL_2018219","S30","T15TYL","2018219",0.583996080402324,2018,219,2018-08-07
"HLS_L30_T15TYL_2018220","L30","T15TYL","2018220",0.549603005207889,2018,220,2018-08-08
"HLS_S30_T15TYL_2018222","S30","T15TYL","2018222",0.591180551447098,2018,222,2018-08-10
"HLS_S30_T15TYL_2018224","S30","T15TYL","2018224",0.535241901933797,2018,224,2018-08-12
"HLS_L30_T15TYL_2018227","L30","T15TYL","2018227",0.526975234252779,2018,227,2018-08-15
"HLS_S30_T15TYL_2018227","S30","T15TYL","2018227",0.568017862033989,2018,227,2018-08-15
"HLS_S30_T15TYL_2018229","S30","T15TYL","2018229",0.518866863209271,2018,229,2018-08-17
"HLS_S30_T15TYL_2018237","S30","T15TYL","2018237",NA,2018,237,2018-08-25
"HLS_S30_T15TYL_2018239","S30","T15TYL","2018239",NA,2018,239,2018-08-27
"HLS_S30_T15TYL_2018242","S30","T15TYL","2018242",0.59430369011188,2018,242,2018-08-30
"HLS_L30_T15TYL_2018243","L30","T15TYL","2018243",NA,2018,243,2018-08-31
"HLS_S30_T15TYL_2018249","S30","T15TYL","2018249",0.458639221518946,2018,249,2018-09-06
"HLS_L30_T15TYL_2018252","L30","T15TYL","2018252",0.450438231777823,2018,252,2018-09-09
"HLS_S30_T15TYL_2018254","S30","T15TYL","2018254",0.438591564237647,2018,254,2018-09-11
"HLS_S30_T15TYL_2018257","S30","T15TYL","2018257",0.435928776414106,2018,257,2018-09-14
"HLS_L30_T15TYL_2018259","L30","T15TYL","2018259",0.418467764186517,2018,259,2018-09-16
"HLS_S30_T15TYL_2018259","S30","T15TYL","2018259",0.428284748357977,2018,259,2018-09-16
"HLS_S30_T15TYL_2018264","S30","T15TYL","2018264",NA,2018,264,2018-09-21
"HLS_S30_T15TYL_2018267","S30","T15TYL","2018267",0.382957507615967,2018,267,2018-09-24
"HLS_S30_T15TYL_2018269","S30","T15TYL","2018269",0.407675519488504,2018,269,2018-09-26
"HLS_S30_T15TYL_2018277","S30","T15TYL","2018277",NA,2018,277,2018-10-04
"HLS_L30_T15TYL_2018284","L30","T15TYL","2018284",NA,2018,284,2018-10-11
"HLS_S30_T15TYL_2018284","S30","T15TYL","2018284",NA,2018,284,2018-10-11
"HLS_S30_T15TYL_2018289","S30","T15TYL","2018289",0.269867147290586,2018,289,2018-10-16
"HLS_L30_T15TYL_2018291","L30","T15TYL","2018291",0.25421488002996,2018,291,2018-10-18
"HLS_S30_T15TYL_2018294","S30","T15TYL","2018294",NA,2018,294,2018-10-21
"HLS_S30_T15TYL_2018297","S30","T15TYL","2018297",0.238477183534332,2018,297,2018-10-24
"HLS_S30_T15TYL_2018304","S30","T15TYL","2018304",NA,2018,304,2018-10-31
"HLS_L30_T15TYL_2018307","L30","T15TYL","2018307",0.240860457467537,2018,307,2018-11-03
"HLS_S30_T15TYL_2018307","S30","T15TYL","2018307",0.219326738810442,2018,307,2018-11-03
"HLS_S30_T15TYL_2018314","S30","T15TYL","2018314",NA,2018,314,2018-11-10
"HLS_S30_T15TYL_2018317","S30","T15TYL","2018317",0,2018,317,2018-11-13
"HLS_S30_T15TYL_2018319","S30","T15TYL","2018319",0,2018,319,2018-11-15
"HLS_L30_T15TYL_2018323","L30","T15TYL","2018323",NA,2018,323,2018-11-19
"HLS_S30_T15TYL_2018342","S30","T15TYL","2018342",0,2018,342,2018-12-08
"HLS_L30_T15TYL_2018348","L30","T15TYL","2018348",0,2018,348,2018-12-14
"HLS_S30_T15TYL_2018349","S30","T15TYL","2018349",0,2018,349,2018-12-15
"HLS_S30_T15TYL_2018352","S30","T15TYL","2018352",NA,2018,352,2018-12-18
"HLS_S30_T15TYL_2019002","S30","T15TYL","2019002",NA,2019,2,2019-01-02
"HLS_S30_T15TYL_2019004","S30","T15TYL","2019004",NA,2019,4,2019-01-04
"HLS_S30_T15TYL_2019009","S30","T15TYL","2019009",0,2019,9,2019-01-09
"HLS_S30_T15TYL_2019019","S30","T15TYL","2019019",0,2019,19,2019-01-19
"HLS_S30_T15TYL_2019027","S30","T15TYL","2019027",0,2019,27,2019-01-27
"HLS_L30_T15TYL_2019031","L30","T15TYL","2019031",NA,2019,31,2019-01-31
"HLS_S30_T15TYL_2019039","S30","T15TYL","2019039",NA,2019,39,2019-02-08
"HLS_S30_T15TYL_2019044","S30","T15TYL","2019044",0,2019,44,2019-02-13
"HLS_L30_T15TYL_2019047","L30","T15TYL","2019047",NA,2019,47,2019-02-16
"HLS_S30_T15TYL_2019047","S30","T15TYL","2019047",0,2019,47,2019-02-16
"HLS_S30_T15TYL_2019049","S30","T15TYL","2019049",0,2019,49,2019-02-18
"HLS_S30_T15TYL_2019052","S30","T15TYL","2019052",0,2019,52,2019-02-21
"HLS_S30_T15TYL_2019059","S30","T15TYL","2019059",0,2019,59,2019-02-28
"HLS_S30_T15TYL_2019062","S30","T15TYL","2019062",0,2019,62,2019-03-03
"HLS_L30_T15TYL_2019063","L30","T15TYL","2019063",0,2019,63,2019-03-04
"HLS_S30_T15TYL_2019064","S30","T15TYL","2019064",NA,2019,64,2019-03-05
"HLS_S30_T15TYL_2019067","S30","T15TYL","2019067",0,2019,67,2019-03-08
"HLS_L30_T15TYL_2019070","L30","T15TYL","2019070",0,2019,70,2019-03-11
"HLS_S30_T15TYL_2019077","S30","T15TYL","2019077",0,2019,77,2019-03-18
"HLS_S30_T15TYL_2019082","S30","T15TYL","2019082",0,2019,82,2019-03-23
"HLS_S30_T15TYL_2019084","S30","T15TYL","2019084",0,2019,84,2019-03-25
"HLS_S30_T15TYL_2019089","S30","T15TYL","2019089",0,2019,89,2019-03-30
"HLS_S30_T15TYL_2019092","S30","T15TYL","2019092",NA,2019,92,2019-04-02
"HLS_S30_T15TYL_2019094","S30","T15TYL","2019094",NA,2019,94,2019-04-04
"HLS_S30_T15TYL_2019104","S30","T15TYL","2019104",0,2019,104,2019-04-14
"HLS_S30_T15TYL_2019109","S30","T15TYL","2019109",0.136684233779349,2019,109,2019-04-19
"HLS_L30_T15TYL_2019111","L30","T15TYL","2019111",NA,2019,111,2019-04-21
"HLS_S30_T15TYL_2019114","S30","T15TYL","2019114",NA,2019,114,2019-04-24
"HLS_L30_T15TYL_2019118","L30","T15TYL","2019118",NA,2019,118,2019-04-28
"HLS_S30_T15TYL_2019124","S30","T15TYL","2019124",0.254545647217804,2019,124,2019-05-04
"HLS_L30_T15TYL_2019127","L30","T15TYL","2019127",0.259503513842633,2019,127,2019-05-07
"HLS_S30_T15TYL_2019127","S30","T15TYL","2019127",0.244658762131862,2019,127,2019-05-07
"HLS_S30_T15TYL_2019132","S30","T15TYL","2019132",0.312025094079152,2019,132,2019-05-12
"HLS_L30_T15TYL_2019134","L30","T15TYL","2019134",0.282053714805799,2019,134,2019-05-14
"HLS_S30_T15TYL_2019134","S30","T15TYL","2019134",0.398811098374629,2019,134,2019-05-14
"HLS_S30_T15TYL_2019149","S30","T15TYL","2019149",NA,2019,149,2019-05-29
"HLS_L30_T15TYL_2019150","L30","T15TYL","2019150",0.380668367845602,2019,150,2019-05-30
"HLS_S30_T15TYL_2019152","S30","T15TYL","2019152",NA,2019,152,2019-06-01
"HLS_S30_T15TYL_2019157","S30","T15TYL","2019157",0.47858390009835,2019,157,2019-06-06
"HLS_L30_T15TYL_2019159","L30","T15TYL","2019159",0.50838001922364,2019,159,2019-06-08
"HLS_S30_T15TYL_2019159","S30","T15TYL","2019159",0.506752895209223,2019,159,2019-06-08
"HLS_S30_T15TYL_2019164","S30","T15TYL","2019164",0.563017324687329,2019,164,2019-06-13
"HLS_L30_T15TYL_2019166","L30","T15TYL","2019166",NA,2019,166,2019-06-15
"HLS_S30_T15TYL_2019167","S30","T15TYL","2019167",0.555555291825538,2019,167,2019-06-16
"HLS_S30_T15TYL_2019169","S30","T15TYL","2019169",0.717452387614111,2019,169,2019-06-18
"HLS_S30_T15TYL_2019172","S30","T15TYL","2019172",NA,2019,172,2019-06-21
"HLS_S30_T15TYL_2019177","S30","T15TYL","2019177",0.473726418697014,2019,177,2019-06-26
"HLS_S30_T15TYL_2019179","S30","T15TYL","2019179",0.74463589076723,2019,179,2019-06-28
"HLS_L30_T15TYL_2019182","L30","T15TYL","2019182",0.600697239535636,2019,182,2019-07-01
"HLS_S30_T15TYL_2019182","S30","T15TYL","2019182",0.571466293658384,2019,182,2019-07-01
"HLS_S30_T15TYL_2019184","S30","T15TYL","2019184",0.596586771587796,2019,184,2019-07-03
"HLS_S30_T15TYL_2019187","S30","T15TYL","2019187",0.580782982458718,2019,187,2019-07-06
"HLS_S30_T15TYL_2019189","S30","T15TYL","2019189",0.702370209151715,2019,189,2019-07-08
"HLS_L30_T15TYL_2019191","L30","T15TYL","2019191",0.587603906794815,2019,191,2019-07-10
"HLS_S30_T15TYL_2019192","S30","T15TYL","2019192",0.569332899698128,2019,192,2019-07-11
"HLS_S30_T15TYL_2019194","S30","T15TYL","2019194",0.600726914925035,2019,194,2019-07-13
"HLS_L30_T15TYL_2019198","L30","T15TYL","2019198",NA,2019,198,2019-07-17
"HLS_S30_T15TYL_2019199","S30","T15TYL","2019199",NA,2019,199,2019-07-18
"HLS_S30_T15TYL_2019202","S30","T15TYL","2019202",NA,2019,202,2019-07-21
"HLS_S30_T15TYL_2019204","S30","T15TYL","2019204",NA,2019,204,2019-07-23
"HLS_L30_T15TYL_2019207","L30","T15TYL","2019207",NA,2019,207,2019-07-26
"HLS_S30_T15TYL_2019207","S30","T15TYL","2019207",NA,2019,207,2019-07-26
"HLS_S30_T15TYL_2019209","S30","T15TYL","2019209",NA,2019,209,2019-07-28
"HLS_S30_T15TYL_2019212","S30","T15TYL","2019212",0.550589642824987,2019,212,2019-07-31
"HLS_L30_T15TYL_2019214","L30","T15TYL","2019214",NA,2019,214,2019-08-02
"HLS_S30_T15TYL_2019214","S30","T15TYL","2019214",NA,2019,214,2019-08-02
"HLS_S30_T15TYL_2019219","S30","T15TYL","2019219",0.549907968249019,2019,219,2019-08-07
"HLS_S30_T15TYL_2019222","S30","T15TYL","2019222",0.655921307612856,2019,222,2019-08-10
"HLS_S30_T15TYL_2019224","S30","T15TYL","2019224",NA,2019,224,2019-08-12
"HLS_S30_T15TYL_2019227","S30","T15TYL","2019227",0.545737663978376,2019,227,2019-08-15
"HLS_S30_T15TYL_2019229","S30","T15TYL","2019229",NA,2019,229,2019-08-17
"HLS_S30_T15TYL_2019234","S30","T15TYL","2019234",NA,2019,234,2019-08-22
"HLS_S30_T15TYL_2019237","S30","T15TYL","2019237",0.57858295396643,2019,237,2019-08-25
"HLS_L30_T15TYL_2019239","L30","T15TYL","2019239",0.64973080082832,2019,239,2019-08-27
"HLS_S30_T15TYL_2019239","S30","T15TYL","2019239",NA,2019,239,2019-08-27
"HLS_S30_T15TYL_2019242","S30","T15TYL","2019242",0.495037264319464,2019,242,2019-08-30
"HLS_S30_T15TYL_2019244","S30","T15TYL","2019244",NA,2019,244,2019-09-01
"HLS_L30_T15TYL_2019246","L30","T15TYL","2019246",0.529589943735336,2019,246,2019-09-03
"HLS_S30_T15TYL_2019247","S30","T15TYL","2019247",0.512369136374404,2019,247,2019-09-04
"HLS_S30_T15TYL_2019249","S30","T15TYL","2019249",NA,2019,249,2019-09-06
"HLS_S30_T15TYL_2019257","S30","T15TYL","2019257",0.44362265955055,2019,257,2019-09-14
"HLS_S30_T15TYL_2019259","S30","T15TYL","2019259",0.432679500134994,2019,259,2019-09-16
"HLS_S30_T15TYL_2019267","S30","T15TYL","2019267",0.38109672581922,2019,267,2019-09-24
"HLS_S30_T15TYL_2019269","S30","T15TYL","2019269",0.373887060322468,2019,269,2019-09-26
"HLS_L30_T15TYL_2019271","L30","T15TYL","2019271",0.38160350563986,2019,271,2019-09-28
"HLS_S30_T15TYL_2019279","S30","T15TYL","2019279",0.33584483460082,2019,279,2019-10-06
"HLS_S30_T15TYL_2019282","S30","T15TYL","2019282",0.305981320245113,2019,282,2019-10-09
"HLS_L30_T15TYL_2019287","L30","T15TYL","2019287",0.279389851776331,2019,287,2019-10-14
"HLS_S30_T15TYL_2019287","S30","T15TYL","2019287",0.279723079610972,2019,287,2019-10-14
"HLS_S30_T15TYL_2019289","S30","T15TYL","2019289",NA,2019,289,2019-10-16
"HLS_S30_T15TYL_2019294","S30","T15TYL","2019294",NA,2019,294,2019-10-21
"HLS_S30_T15TYL_2019299","S30","T15TYL","2019299",0.180940639728945,2019,299,2019-10-26
"HLS_S30_T15TYL_2019302","S30","T15TYL","2019302",0.230977491176288,2019,302,2019-10-29
"HLS_S30_T15TYL_2019307","S30","T15TYL","2019307",0.227725645618705,2019,307,2019-11-03
"HLS_S30_T15TYL_2019309","S30","T15TYL","2019309",0.258853107064292,2019,309,2019-11-05
"HLS_L30_T15TYL_2019319","L30","T15TYL","2019319",0.209665181454217,2019,319,2019-11-15
"HLS_S30_T15TYL_2019319","S30","T15TYL","2019319",0.216563855661866,2019,319,2019-11-15
"HLS_L30_T15TYL_2019326","L30","T15TYL","2019326",0.28234649122807,2019,326,2019-11-22
"HLS_S30_T15TYL_2019337","S30","T15TYL","2019337",0,2019,337,2019-12-03
"HLS_S30_T15TYL_2019344","S30","T15TYL","2019344",0,2019,344,2019-12-10
"HLS_S30_T15TYL_2019347","S30","T15TYL","2019347",NA,2019,347,2019-12-13
"HLS_S30_T15TYL_2019349","S30","T15TYL","2019349",NA,2019,349,2019-12-15
"HLS_S30_T15TYL_2019352","S30","T15TYL","2019352",0,2019,352,2019-12-18
"HLS_L30_T15TYL_2020002","L30","T15TYL","2020002",NA,2020,2,2020-01-02
"HLS_S30_T15TYL_2020004","S30","T15TYL","2020004",NA,2020,4,2020-01-04
"HLS_S30_T15TYL_2020007","S30","T15TYL","2020007",0,2020,7,2020-01-07
"HLS_S30_T15TYL_2020012","S30","T15TYL","2020012",0,2020,12,2020-01-12
"HLS_S30_T15TYL_2020032","S30","T15TYL","2020032",0,2020,32,2020-02-01
"HLS_S30_T15TYL_2020037","S30","T15TYL","2020037",0,2020,37,2020-02-06
"HLS_L30_T15TYL_2020041","L30","T15TYL","2020041",0,2020,41,2020-02-10
"HLS_S30_T15TYL_2020044","S30","T15TYL","2020044",NA,2020,44,2020-02-13
"HLS_S30_T15TYL_2020047","S30","T15TYL","2020047",0,2020,47,2020-02-16
"HLS_L30_T15TYL_2020050","L30","T15TYL","2020050",0,2020,50,2020-02-19
"HLS_S30_T15TYL_2020054","S30","T15TYL","2020054",0,2020,54,2020-02-23
"HLS_S30_T15TYL_2020057","S30","T15TYL","2020057",NA,2020,57,2020-02-26
"HLS_S30_T15TYL_2020059","S30","T15TYL","2020059",0,2020,59,2020-02-28
"HLS_S30_T15TYL_2020062","S30","T15TYL","2020062",NA,2020,62,2020-03-02
"HLS_S30_T15TYL_2020064","S30","T15TYL","2020064",0,2020,64,2020-03-04
"HLS_L30_T15TYL_2020066","L30","T15TYL","2020066",0,2020,66,2020-03-06
"HLS_S30_T15TYL_2020067","S30","T15TYL","2020067",0,2020,67,2020-03-07
"HLS_L30_T15TYL_2020082","L30","T15TYL","2020082",NA,2020,82,2020-03-22
"HLS_S30_T15TYL_2020082","S30","T15TYL","2020082",0,2020,82,2020-03-22
"HLS_S30_T15TYL_2020084","S30","T15TYL","2020084",NA,2020,84,2020-03-24
"HLS_S30_T15TYL_2020087","S30","T15TYL","2020087",0,2020,87,2020-03-27
"HLS_S30_T15TYL_2020092","S30","T15TYL","2020092",0,2020,92,2020-04-01
"HLS_L30_T15TYL_2020105","L30","T15TYL","2020105",NA,2020,105,2020-04-14
"HLS_S30_T15TYL_2020112","S30","T15TYL","2020112",0.267594084265831,2020,112,2020-04-21
"HLS_S30_T15TYL_2020117","S30","T15TYL","2020117",0.234630134523774,2020,117,2020-04-26
"HLS_L30_T15TYL_2020121","L30","T15TYL","2020121",0.247084937894036,2020,121,2020-04-30
"HLS_S30_T15TYL_2020122","S30","T15TYL","2020122",0.250206252334785,2020,122,2020-05-01
"HLS_S30_T15TYL_2020124","S30","T15TYL","2020124",0.254420772678821,2020,124,2020-05-03
"HLS_S30_T15TYL_2020127","S30","T15TYL","2020127",0.266930087473621,2020,127,2020-05-06
"HLS_S30_T15TYL_2020129","S30","T15TYL","2020129",0.28868698730535,2020,129,2020-05-08
"HLS_L30_T15TYL_2020130","L30","T15TYL","2020130",0.258989462750618,2020,130,2020-05-09
"HLS_S30_T15TYL_2020132","S30","T15TYL","2020132",NA,2020,132,2020-05-11
"HLS_S30_T15TYL_2020134","S30","T15TYL","2020134",NA,2020,134,2020-05-13
"HLS_L30_T15TYL_2020137","L30","T15TYL","2020137",0.267232084163709,2020,137,2020-05-16
"HLS_S30_T15TYL_2020137","S30","T15TYL","2020137",0.273024778972249,2020,137,2020-05-16
"HLS_S30_T15TYL_2020142","S30","T15TYL","2020142",0.307605850426655,2020,142,2020-05-21
"HLS_S30_T15TYL_2020144","S30","T15TYL","2020144",NA,2020,144,2020-05-23
"HLS_L30_T15TYL_2020146","L30","T15TYL","2020146",NA,2020,146,2020-05-25
"HLS_S30_T15TYL_2020147","S30","T15TYL","2020147",0.425884171684429,2020,147,2020-05-26
"HLS_S30_T15TYL_2020152","S30","T15TYL","2020152",0.474291128687547,2020,152,2020-05-31
"HLS_S30_T15TYL_2020154","S30","T15TYL","2020154",0.501884608498713,2020,154,2020-06-02
"HLS_S30_T15TYL_2020157","S30","T15TYL","2020157",0.534045438005503,2020,157,2020-06-05
"HLS_L30_T15TYL_2020162","L30","T15TYL","2020162",NA,2020,162,2020-06-10
"HLS_S30_T15TYL_2020164","S30","T15TYL","2020164",0.606345965840474,2020,164,2020-06-12
"HLS_L30_T15TYL_2020169","L30","T15TYL","2020169",0.56497781562624,2020,169,2020-06-17
"HLS_S30_T15TYL_2020169","S30","T15TYL","2020169",0.579337424868532,2020,169,2020-06-17
"HLS_S30_T15TYL_2020177","S30","T15TYL","2020177",0.581399180209033,2020,177,2020-06-25
"HLS_S30_T15TYL_2020179","S30","T15TYL","2020179",0.61611638062919,2020,179,2020-06-27
"HLS_S30_T15TYL_2020182","S30","T15TYL","2020182",0.589235616556711,2020,182,2020-06-30
"HLS_S30_T15TYL_2020184","S30","T15TYL","2020184",NA,2020,184,2020-07-02
"HLS_L30_T15TYL_2020185","L30","T15TYL","2020185",0.543447017059745,2020,185,2020-07-03
"HLS_S30_T15TYL_2020187","S30","T15TYL","2020187",0.62886094867161,2020,187,2020-07-05
"HLS_S30_T15TYL_2020189","S30","T15TYL","2020189",0.603389401754518,2020,189,2020-07-07
"HLS_S30_T15TYL_2020192","S30","T15TYL","2020192",0.602493947070102,2020,192,2020-07-10
"HLS_L30_T15TYL_2020194","L30","T15TYL","2020194",0.680105094360628,2020,194,2020-07-12
"HLS_S30_T15TYL_2020194","S30","T15TYL","2020194",0.710349720833389,2020,194,2020-07-12
"HLS_S30_T15TYL_2020197","S30","T15TYL","2020197",NA,2020,197,2020-07-15
"HLS_S30_T15TYL_2020199","S30","T15TYL","2020199",0.596684837177565,2020,199,2020-07-17
"HLS_L30_T15TYL_2020201","L30","T15TYL","2020201",0.609141879999483,2020,201,2020-07-19
"HLS_S30_T15TYL_2020202","S30","T15TYL","2020202",NA,2020,202,2020-07-20
"HLS_S30_T15TYL_2020204","S30","T15TYL","2020204",NA,2020,204,2020-07-22
"HLS_L30_T15TYL_2020210","L30","T15TYL","2020210",0.620241670741077,2020,210,2020-07-28
"HLS_S30_T15TYL_2020212","S30","T15TYL","2020212",0.660477471978693,2020,212,2020-07-30
"HLS_S30_T15TYL_2020214","S30","T15TYL","2020214",0.612650447122162,2020,214,2020-08-01
"HLS_L30_T15TYL_2020217","L30","T15TYL","2020217",0.593370454296702,2020,217,2020-08-04
"HLS_S30_T15TYL_2020217","S30","T15TYL","2020217",0.595689692516708,2020,217,2020-08-04
"HLS_S30_T15TYL_2020219","S30","T15TYL","2020219",0.570342877341817,2020,219,2020-08-06
"HLS_S30_T15TYL_2020224","S30","T15TYL","2020224",0.558416860743949,2020,224,2020-08-11
"HLS_S30_T15TYL_2020227","S30","T15TYL","2020227",0.531519617539073,2020,227,2020-08-14
"HLS_S30_T15TYL_2020229","S30","T15TYL","2020229",0.644253040957572,2020,229,2020-08-16
"HLS_S30_T15TYL_2020232","S30","T15TYL","2020232",0.538591441625733,2020,232,2020-08-19
"HLS_L30_T15TYL_2020233","L30","T15TYL","2020233",NA,2020,233,2020-08-20
"HLS_S30_T15TYL_2020234","S30","T15TYL","2020234",0.582851361242268,2020,234,2020-08-21
"HLS_S30_T15TYL_2020239","S30","T15TYL","2020239",NA,2020,239,2020-08-26
"HLS_L30_T15TYL_2020242","L30","T15TYL","2020242",0.543720553903302,2020,242,2020-08-29
"HLS_S30_T15TYL_2020242","S30","T15TYL","2020242",0.617941615171532,2020,242,2020-08-29
"HLS_S30_T15TYL_2020247","S30","T15TYL","2020247",NA,2020,247,2020-09-03
"HLS_L30_T15TYL_2020249","L30","T15TYL","2020249",0.495223496224014,2020,249,2020-09-05
"HLS_S30_T15TYL_2020249","S30","T15TYL","2020249",0.49846821724397,2020,249,2020-09-05
"HLS_S30_T15TYL_2020254","S30","T15TYL","2020254",NA,2020,254,2020-09-10
"HLS_S30_T15TYL_2020257","S30","T15TYL","2020257",0.504074676690886,2020,257,2020-09-13
"HLS_L30_T15TYL_2020258","L30","T15TYL","2020258",0.420628748872554,2020,258,2020-09-14
"HLS_S30_T15TYL_2020259","S30","T15TYL","2020259",0.438975098926982,2020,259,2020-09-15
"HLS_S30_T15TYL_2020262","S30","T15TYL","2020262",0.445524365156193,2020,262,2020-09-18
"HLS_S30_T15TYL_2020264","S30","T15TYL","2020264",0.427581829789045,2020,264,2020-09-20
"HLS_L30_T15TYL_2020265","L30","T15TYL","2020265",NA,2020,265,2020-09-21
"HLS_S30_T15TYL_2020267","S30","T15TYL","2020267",NA,2020,267,2020-09-23
"HLS_S30_T15TYL_2020269","S30","T15TYL","2020269",NA,2020,269,2020-09-25
"HLS_S30_T15TYL_2020272","S30","T15TYL","2020272",NA,2020,272,2020-09-28
"HLS_S30_T15TYL_2020274","S30","T15TYL","2020274",NA,2020,274,2020-09-30
"HLS_S30_T15TYL_2020277","S30","T15TYL","2020277",NA,2020,277,2020-10-03
"HLS_L30_T15TYL_2020281","L30","T15TYL","2020281",0.339443372464851,2020,281,2020-10-07
"HLS_S30_T15TYL_2020282","S30","T15TYL","2020282",0.287540412091596,2020,282,2020-10-08
"HLS_S30_T15TYL_2020284","S30","T15TYL","2020284",0.277823459625822,2020,284,2020-10-10
"HLS_S30_T15TYL_2020289","S30","T15TYL","2020289",NA,2020,289,2020-10-15
"HLS_S30_T15TYL_2020292","S30","T15TYL","2020292",0.286947452876468,2020,292,2020-10-18
"HLS_S30_T15TYL_2020304","S30","T15TYL","2020304",0,2020,304,2020-10-30
"HLS_S30_T15TYL_2020307","S30","T15TYL","2020307",0.270595968448729,2020,307,2020-11-02
"HLS_S30_T15TYL_2020309","S30","T15TYL","2020309",0.232043050355377,2020,309,2020-11-04
"HLS_S30_T15TYL_2020312","S30","T15TYL","2020312",0.283959826509582,2020,312,2020-11-07
"HLS_S30_T15TYL_2020319","S30","T15TYL","2020319",NA,2020,319,2020-11-14
"HLS_L30_T15TYL_2020322","L30","T15TYL","2020322",0,2020,322,2020-11-17
"HLS_S30_T15TYL_2020322","S30","T15TYL","2020322",0,2020,322,2020-11-17
"HLS_S30_T15TYL_2020324","S30","T15TYL","2020324",NA,2020,324,2020-11-19
"HLS_S30_T15TYL_2020332","S30","T15TYL","2020332",NA,2020,332,2020-11-27
"HLS_S30_T15TYL_2020337","S30","T15TYL","2020337",0.217898406710008,2020,337,2020-12-02
"HLS_L30_T15TYL_2020338","L30","T15TYL","2020338",0.238078767755027,2020,338,2020-12-03
"HLS_S30_T15TYL_2020339","S30","T15TYL","2020339",0.311953837818814,2020,339,2020-12-04
"HLS_S30_T15TYL_2020344","S30","T15TYL","2020344",0.225835947722722,2020,344,2020-12-09
"HLS_L30_T15TYL_2020345","L30","T15TYL","2020345",NA,2020,345,2020-12-10
"HLS_S30_T15TYL_2020349","S30","T15TYL","2020349",0.20187618811472,2020,349,2020-12-14
"HLS_S30_T15TYL_2020359","S30","T15TYL","2020359",NA,2020,359,2020-12-24
"HLS_S30_T15TYL_2021003","S30","T15TYL","2021003",0,2021,3,2021-01-03
"HLS_S30_T15TYL_2021006","S30","T15TYL","2021006",0,2021,6,2021-01-06
"HLS_S30_T15TYL_2021008","S30","T15TYL","2021008",NA,2021,8,2021-01-08
"HLS_S30_T15TYL_2021013","S30","T15TYL","2021013",0,2021,13,2021-01-13
"HLS_S30_T15TYL_2021021","S30","T15TYL","2021021",NA,2021,21,2021-01-21
"HLS_S30_T15TYL_2021023","S30","T15TYL","2021023",NA,2021,23,2021-01-23
"HLS_L30_T15TYL_2021027","L30","T15TYL","2021027",NA,2021,27,2021-01-27
"HLS_S30_T15TYL_2021028","S30","T15TYL","2021028",0,2021,28,2021-01-28
"HLS_S30_T15TYL_2021038","S30","T15TYL","2021038",NA,2021,38,2021-02-07
"HLS_S30_T15TYL_2021043","S30","T15TYL","2021043",NA,2021,43,2021-02-12
"HLS_S30_T15TYL_2021046","S30","T15TYL","2021046",0,2021,46,2021-02-15
"HLS_S30_T15TYL_2021048","S30","T15TYL","2021048",0,2021,48,2021-02-17
"HLS_S30_T15TYL_2021051","S30","T15TYL","2021051",0,2021,51,2021-02-20
"HLS_S30_T15TYL_2021053","S30","T15TYL","2021053",NA,2021,53,2021-02-22
"HLS_S30_T15TYL_2021056","S30","T15TYL","2021056",0,2021,56,2021-02-25
"HLS_S30_T15TYL_2021058","S30","T15TYL","2021058",0,2021,58,2021-02-27
"HLS_S30_T15TYL_2021061","S30","T15TYL","2021061",0,2021,61,2021-03-02
"HLS_S30_T15TYL_2021063","S30","T15TYL","2021063",0,2021,63,2021-03-04
"HLS_L30_T15TYL_2021068","L30","T15TYL","2021068",0,2021,68,2021-03-09
"HLS_S30_T15TYL_2021068","S30","T15TYL","2021068",0,2021,68,2021-03-09
"HLS_S30_T15TYL_2021071","S30","T15TYL","2021071",0,2021,71,2021-03-12
"HLS_S30_T15TYL_2021073","S30","T15TYL","2021073",0.213426954940392,2021,73,2021-03-14
"HLS_S30_T15TYL_2021076","S30","T15TYL","2021076",NA,2021,76,2021-03-17
"HLS_S30_T15TYL_2021078","S30","T15TYL","2021078",0.228783446416811,2021,78,2021-03-19
"HLS_S30_T15TYL_2021081","S30","T15TYL","2021081",0.220182545005389,2021,81,2021-03-22
"HLS_S30_T15TYL_2021088","S30","T15TYL","2021088",0.250079579818558,2021,88,2021-03-29
"HLS_L30_T15TYL_2021091","L30","T15TYL","2021091",0.229458072723133,2021,91,2021-04-01
"HLS_S30_T15TYL_2021091","S30","T15TYL","2021091",0.22004330085769,2021,91,2021-04-01
"HLS_S30_T15TYL_2021093","S30","T15TYL","2021093",0.231430816555454,2021,93,2021-04-03
"HLS_S30_T15TYL_2021096","S30","T15TYL","2021096",0.244355025081225,2021,96,2021-04-06
"HLS_S30_T15TYL_2021106","S30","T15TYL","2021106",0.237883612040995,2021,106,2021-04-16
"HLS_L30_T15TYL_2021107","L30","T15TYL","2021107",0.227994462991613,2021,107,2021-04-17
"HLS_S30_T15TYL_2021108","S30","T15TYL","2021108",NA,2021,108,2021-04-18
"HLS_S30_T15TYL_2021111","S30","T15TYL","2021111",NA,2021,111,2021-04-21
"HLS_S30_T15TYL_2021118","S30","T15TYL","2021118",0.263656249895272,2021,118,2021-04-28
"HLS_S30_T15TYL_2021121","S30","T15TYL","2021121",0.238430791937456,2021,121,2021-05-01
"HLS_S30_T15TYL_2021126","S30","T15TYL","2021126",0.232758754682376,2021,126,2021-05-06
"HLS_S30_T15TYL_2021128","S30","T15TYL","2021128",NA,2021,128,2021-05-08
"HLS_S30_T15TYL_2021131","S30","T15TYL","2021131",0.325976183495972,2021,131,2021-05-11
"HLS_L30_T15TYL_2021132","L30","T15TYL","2021132",0.270949802215767,2021,132,2021-05-12
"HLS_S30_T15TYL_2021133","S30","T15TYL","2021133",NA,2021,133,2021-05-13
"HLS_S30_T15TYL_2021136","S30","T15TYL","2021136",0.347764242468451,2021,136,2021-05-16
"HLS_S30_T15TYL_2021138","S30","T15TYL","2021138",0.333007841617222,2021,138,2021-05-18
"HLS_S30_T15TYL_2021148","S30","T15TYL","2021148",NA,2021,148,2021-05-28
"HLS_S30_T15TYL_2021151","S30","T15TYL","2021151",0.475111263777293,2021,151,2021-05-31
"HLS_S30_T15TYL_2021153","S30","T15TYL","2021153",NA,2021,153,2021-06-02
"HLS_L30_T15TYL_2021155","L30","T15TYL","2021155",0.505011985181957,2021,155,2021-06-04
"HLS_S30_T15TYL_2021156","S30","T15TYL","2021156",0.507599156336105,2021,156,2021-06-05
"HLS_S30_T15TYL_2021158","S30","T15TYL","2021158",0.594440167763856,2021,158,2021-06-07
"HLS_S30_T15TYL_2021161","S30","T15TYL","2021161",0.538248133061698,2021,161,2021-06-10
"HLS_S30_T15TYL_2021163","S30","T15TYL","2021163",0.566910685739165,2021,163,2021-06-12
"HLS_L30_T15TYL_2021164","L30","T15TYL","2021164",0.566773190409997,2021,164,2021-06-13
"HLS_S30_T15TYL_2021166","S30","T15TYL","2021166",NA,2021,166,2021-06-15
"HLS_S30_T15TYL_2021168","S30","T15TYL","2021168",0.585317248578177,2021,168,2021-06-17
"HLS_S30_T15TYL_2021173","S30","T15TYL","2021173",NA,2021,173,2021-06-22
"HLS_S30_T15TYL_2021176","S30","T15TYL","2021176",0.620120900405518,2021,176,2021-06-25
"HLS_S30_T15TYL_2021178","S30","T15TYL","2021178",NA,2021,178,2021-06-27
"HLS_S30_T15TYL_2021181","S30","T15TYL","2021181",NA,2021,181,2021-06-30
"HLS_S30_T15TYL_2021183","S30","T15TYL","2021183",0.580868279951152,2021,183,2021-07-02
"HLS_S30_T15TYL_2021186","S30","T15TYL","2021186",NA,2021,186,2021-07-05
"HLS_S30_T15TYL_2021191","S30","T15TYL","2021191",NA,2021,191,2021-07-10
"HLS_S30_T15TYL_2021193","S30","T15TYL","2021193",0.579919715962145,2021,193,2021-07-12
"HLS_L30_T15TYL_2021196","L30","T15TYL","2021196",0.576009755262707,2021,196,2021-07-15
"HLS_S30_T15TYL_2021196","S30","T15TYL","2021196",0.563819896910271,2021,196,2021-07-15
"HLS_S30_T15TYL_2021198","S30","T15TYL","2021198",0.565803805957062,2021,198,2021-07-17
"HLS_S30_T15TYL_2021206","S30","T15TYL","2021206",0.556877394726645,2021,206,2021-07-25
"HLS_S30_T15TYL_2021208","S30","T15TYL","2021208",NA,2021,208,2021-07-27
"HLS_S30_T15TYL_2021211","S30","T15TYL","2021211",0.524548854115708,2021,211,2021-07-30
"HLS_L30_T15TYL_2021212","L30","T15TYL","2021212",NA,2021,212,2021-07-31
"HLS_S30_T15TYL_2021213","S30","T15TYL","2021213",NA,2021,213,2021-08-01
"HLS_S30_T15TYL_2021216","S30","T15TYL","2021216",0.537025202407082,2021,216,2021-08-04
"HLS_S30_T15TYL_2021218","S30","T15TYL","2021218",NA,2021,218,2021-08-06
"HLS_S30_T15TYL_2021221","S30","T15TYL","2021221",NA,2021,221,2021-08-09
"HLS_S30_T15TYL_2021223","S30","T15TYL","2021223",NA,2021,223,2021-08-11
"HLS_S30_T15TYL_2021226","S30","T15TYL","2021226",0.498867366374325,2021,226,2021-08-14
"HLS_L30_T15TYL_2021228","L30","T15TYL","2021228",0.508477081578053,2021,228,2021-08-16
"HLS_S30_T15TYL_2021228","S30","T15TYL","2021228",0.50690363396498,2021,228,2021-08-16
"HLS_S30_T15TYL_2021231","S30","T15TYL","2021231",0.54637700013009,2021,231,2021-08-19
"HLS_S30_T15TYL_2021233","S30","T15TYL","2021233",0.540561014674689,2021,233,2021-08-21
"HLS_L30_T15TYL_2021235","L30","T15TYL","2021235",0.478499402558797,2021,235,2021-08-23
"HLS_S30_T15TYL_2021238","S30","T15TYL","2021238",NA,2021,238,2021-08-26
"HLS_S30_T15TYL_2021241","S30","T15TYL","2021241",0.395631231580849,2021,241,2021-08-29
"HLS_S30_T15TYL_2021243","S30","T15TYL","2021243",NA,2021,243,2021-08-31
"HLS_L30_T15TYL_2021244","L30","T15TYL","2021244",0.461051312981349,2021,244,2021-09-01
"HLS_S30_T15TYL_2021248","S30","T15TYL","2021248",0.516282755973756,2021,248,2021-09-05
"HLS_L30_T15TYL_2021251","L30","T15TYL","2021251",NA,2021,251,2021-09-08
"HLS_S30_T15TYL_2021251","S30","T15TYL","2021251",NA,2021,251,2021-09-08
"HLS_S30_T15TYL_2021253","S30","T15TYL","2021253",0.472336811221743,2021,253,2021-09-10
"HLS_S30_T15TYL_2021256","S30","T15TYL","2021256",0.399520651791047,2021,256,2021-09-13
"HLS_S30_T15TYL_2021258","S30","T15TYL","2021258",0.431521977943976,2021,258,2021-09-15
"HLS_S30_T15TYL_2021261","S30","T15TYL","2021261",0.393849808558835,2021,261,2021-09-18
"HLS_S30_T15TYL_2021266","S30","T15TYL","2021266",0.363242319256422,2021,266,2021-09-23
"HLS_L30_T15TYL_2021267","L30","T15TYL","2021267",0.280135906880021,2021,267,2021-09-24
"HLS_S30_T15TYL_2021268","S30","T15TYL","2021268",0.383041492196422,2021,268,2021-09-25
"HLS_S30_T15TYL_2021271","S30","T15TYL","2021271",0.335087510095896,2021,271,2021-09-28
"HLS_S30_T15TYL_2021273","S30","T15TYL","2021273",0.333497060703872,2021,273,2021-09-30
"HLS_S30_T15TYL_2021278","S30","T15TYL","2021278",NA,2021,278,2021-10-05
"HLS_L30_T15TYL_2021283","L30","T15TYL","2021283",NA,2021,283,2021-10-10
"HLS_S30_T15TYL_2021288","S30","T15TYL","2021288",0.243766403468432,2021,288,2021-10-15
"HLS_S30_T15TYL_2021291","S30","T15TYL","2021291",0.226506956423608,2021,291,2021-10-18
"HLS_L30_T15TYL_2021292","L30","T15TYL","2021292",0.220188967159337,2021,292,2021-10-19
"HLS_S30_T15TYL_2021296","S30","T15TYL","2021296",0.256218307997756,2021,296,2021-10-23
"HLS_S30_T15TYL_2021298","S30","T15TYL","2021298",0.293262243411003,2021,298,2021-10-25
"HLS_L30_T15TYL_2021299","L30","T15TYL","2021299",0.227867701050346,2021,299,2021-10-26
"HLS_S30_T15TYL_2021303","S30","T15TYL","2021303",NA,2021,303,2021-10-30
"HLS_S30_T15TYL_2021306","S30","T15TYL","2021306",NA,2021,306,2021-11-02
"HLS_L30_T15TYL_2021308","L30","T15TYL","2021308",0.213104873428621,2021,308,2021-11-04
"HLS_S30_T15TYL_2021308","S30","T15TYL","2021308",0.212128936552702,2021,308,2021-11-04
"HLS_S30_T15TYL_2021318","S30","T15TYL","2021318",NA,2021,318,2021-11-14
"HLS_S30_T15TYL_2021321","S30","T15TYL","2021321",NA,2021,321,2021-11-17
"HLS_S30_T15TYL_2021323","S30","T15TYL","2021323",NA,2021,323,2021-11-19
"HLS_L30_T15TYL_2021324","L30","T15TYL","2021324",0.284593517310795,2021,324,2021-11-20
"HLS_S30_T15TYL_2021326","S30","T15TYL","2021326",NA,2021,326,2021-11-22
"HLS_L30_T15TYL_2021327","L30","T15TYL","2021327",0.219298245614035,2021,327,2021-11-23
"HLS_S30_T15TYL_2021328","S30","T15TYL","2021328",NA,2021,328,2021-11-24
"HLS_S30_T15TYL_2021336","S30","T15TYL","2021336",NA,2021,336,2021-12-02
"HLS_S30_T15TYL_2021338","S30","T15TYL","2021338",NA,2021,338,2021-12-04
"HLS_S30_T15TYL_2021346","S30","T15TYL","2021346",0,2021,346,2021-12-12
"HLS_L30_T15TYL_2021347","L30","T15TYL","2021347",0,2021,347,2021-12-13
"HLS_L30_T15TYL_2021356","L30","T15TYL","2021356",0,2021,356,2021-12-22
"HLS_S30_T15TYL_2021356","S30","T15TYL","2021356",NA,2021,356,2021-12-22
"HLS_L30_T15TYL_2021363","L30","T15TYL","2021363",0,2021,363,2021-12-29
"HLS_S30_T15TYL_2021363","S30","T15TYL","2021363",0,2021,363,2021-12-29
"HLS_S30_T15TYL_2022001","S30","T15TYL","2022001",NA,2022,1,2022-01-01
"HLS_L30_T15TYL_2022007","L30","T15TYL","2022007",0,2022,7,2022-01-07
"HLS_L30_T15TYL_2022015","L30","T15TYL","2022015",0,2022,15,2022-01-15
"HLS_S30_T15TYL_2022018","S30","T15TYL","2022018",NA,2022,18,2022-01-18
"HLS_S30_T15TYL_2022021","S30","T15TYL","2022021",0,2022,21,2022-01-21
"HLS_L30_T15TYL_2022022","L30","T15TYL","2022022",NA,2022,22,2022-01-22
"HLS_L30_T15TYL_2022023","L30","T15TYL","2022023",NA,2022,23,2022-01-23
"HLS_S30_T15TYL_2022023","S30","T15TYL","2022023",NA,2022,23,2022-01-23
"HLS_S30_T15TYL_2022028","S30","T15TYL","2022028",NA,2022,28,2022-01-28
"HLS_L30_T15TYL_2022031","L30","T15TYL","2022031",0,2022,31,2022-01-31
"HLS_S30_T15TYL_2022031","S30","T15TYL","2022031",0,2022,31,2022-01-31
"HLS_S30_T15TYL_2022033","S30","T15TYL","2022033",NA,2022,33,2022-02-02
"HLS_L30_T15TYL_2022038","L30","T15TYL","2022038",0,2022,38,2022-02-07
"HLS_S30_T15TYL_2022038","S30","T15TYL","2022038",0,2022,38,2022-02-07
"HLS_L30_T15TYL_2022039","L30","T15TYL","2022039",NA,2022,39,2022-02-08
"HLS_S30_T15TYL_2022043","S30","T15TYL","2022043",NA,2022,43,2022-02-12
"HLS_L30_T15TYL_2022054","L30","T15TYL","2022054",NA,2022,54,2022-02-23
"HLS_S30_T15TYL_2022056","S30","T15TYL","2022056",0,2022,56,2022-02-25
"HLS_S30_T15TYL_2022058","S30","T15TYL","2022058",0,2022,58,2022-02-27
"HLS_L30_T15TYL_2022062","L30","T15TYL","2022062",0,2022,62,2022-03-03
"HLS_S30_T15TYL_2022063","S30","T15TYL","2022063",NA,2022,63,2022-03-04
"HLS_S30_T15TYL_2022068","S30","T15TYL","2022068",NA,2022,68,2022-03-09
"HLS_L30_T15TYL_2022070","L30","T15TYL","2022070",0,2022,70,2022-03-11
"HLS_L30_T15TYL_2022071","L30","T15TYL","2022071",0,2022,71,2022-03-12
"HLS_S30_T15TYL_2022071","S30","T15TYL","2022071",0,2022,71,2022-03-12
"HLS_S30_T15TYL_2022076","S30","T15TYL","2022076",0,2022,76,2022-03-17
"HLS_L30_T15TYL_2022078","L30","T15TYL","2022078",NA,2022,78,2022-03-19
"HLS_S30_T15TYL_2022078","S30","T15TYL","2022078",0,2022,78,2022-03-19
"HLS_L30_T15TYL_2022079","L30","T15TYL","2022079",0,2022,79,2022-03-20
"HLS_L30_T15TYL_2022086","L30","T15TYL","2022086",0,2022,86,2022-03-27
"HLS_S30_T15TYL_2022086","S30","T15TYL","2022086",0,2022,86,2022-03-27
"HLS_L30_T15TYL_2022087","L30","T15TYL","2022087",0,2022,87,2022-03-28
"HLS_S30_T15TYL_2022091","S30","T15TYL","2022091",0,2022,91,2022-04-01
"HLS_S30_T15TYL_2022093","S30","T15TYL","2022093",NA,2022,93,2022-04-03
"HLS_S30_T15TYL_2022101","S30","T15TYL","2022101",0.154154968381832,2022,101,2022-04-11
"HLS_L30_T15TYL_2022111","L30","T15TYL","2022111",NA,2022,111,2022-04-21
"HLS_S30_T15TYL_2022111","S30","T15TYL","2022111",NA,2022,111,2022-04-21
"HLS_L30_T15TYL_2022118","L30","T15TYL","2022118",0.209680294915882,2022,118,2022-04-28
"HLS_S30_T15TYL_2022118","S30","T15TYL","2022118",0.227252977214555,2022,118,2022-04-28
"HLS_L30_T15TYL_2022126","L30","T15TYL","2022126",0.232753540083783,2022,126,2022-05-06
"HLS_S30_T15TYL_2022126","S30","T15TYL","2022126",0.231796323016317,2022,126,2022-05-06
"HLS_L30_T15TYL_2022127","L30","T15TYL","2022127",0.241783895221926,2022,127,2022-05-07
"HLS_S30_T15TYL_2022133","S30","T15TYL","2022133",0.270995406344387,2022,133,2022-05-13
"HLS_L30_T15TYL_2022134","L30","T15TYL","2022134",0.27846099477382,2022,134,2022-05-14
"HLS_S30_T15TYL_2022136","S30","T15TYL","2022136",NA,2022,136,2022-05-16
"HLS_S30_T15TYL_2022141","S30","T15TYL","2022141",0.351656522605669,2022,141,2022-05-21
"HLS_L30_T15TYL_2022142","L30","T15TYL","2022142",NA,2022,142,2022-05-22
"HLS_L30_T15TYL_2022143","L30","T15TYL","2022143",0.360630684359624,2022,143,2022-05-23
"HLS_S30_T15TYL_2022143","S30","T15TYL","2022143",0.377839182311227,2022,143,2022-05-23
"HLS_L30_T15TYL_2022151","L30","T15TYL","2022151",0.451073596965485,2022,151,2022-05-31
"HLS_S30_T15TYL_2022151","S30","T15TYL","2022151",0.446212637905945,2022,151,2022-05-31
"HLS_S30_T15TYL_2022153","S30","T15TYL","2022153",0.442137719751567,2022,153,2022-06-02
"HLS_S30_T15TYL_2022156","S30","T15TYL","2022156",NA,2022,156,2022-06-05
"HLS_L30_T15TYL_2022158","L30","T15TYL","2022158",NA,2022,158,2022-06-07
"HLS_S30_T15TYL_2022158","S30","T15TYL","2022158",0.626820852450158,2022,158,2022-06-07
"HLS_S30_T15TYL_2022161","S30","T15TYL","2022161",0.563437358897025,2022,161,2022-06-10
"HLS_S30_T15TYL_2022163","S30","T15TYL","2022163",0.438002738992869,2022,163,2022-06-12
"HLS_L30_T15TYL_2022166","L30","T15TYL","2022166",NA,2022,166,2022-06-15
"HLS_L30_T15TYL_2022167","L30","T15TYL","2022167",NA,2022,167,2022-06-16
"HLS_S30_T15TYL_2022168","S30","T15TYL","2022168",0.591894542397569,2022,168,2022-06-17
"HLS_S30_T15TYL_2022171","S30","T15TYL","2022171",0.562897389736312,2022,171,2022-06-20
"HLS_S30_T15TYL_2022173","S30","T15TYL","2022173",0.594155932715177,2022,173,2022-06-22
"HLS_L30_T15TYL_2022174","L30","T15TYL","2022174",0.572318872801045,2022,174,2022-06-23
"HLS_L30_T15TYL_2022175","L30","T15TYL","2022175",NA,2022,175,2022-06-24
"HLS_S30_T15TYL_2022178","S30","T15TYL","2022178",0.599612990437434,2022,178,2022-06-27
"HLS_S30_T15TYL_2022181","S30","T15TYL","2022181",0.570982068274211,2022,181,2022-06-30
"HLS_L30_T15TYL_2022182","L30","T15TYL","2022182",0.581997446446304,2022,182,2022-07-01
"HLS_L30_T15TYL_2022183","L30","T15TYL","2022183",0.643786658596691,2022,183,2022-07-02
"HLS_S30_T15TYL_2022183","S30","T15TYL","2022183",0.619438293424292,2022,183,2022-07-02
"HLS_S30_T15TYL_2022186","S30","T15TYL","2022186",NA,2022,186,2022-07-05
"HLS_S30_T15TYL_2022188","S30","T15TYL","2022188",0.571693171993647,2022,188,2022-07-07
"HLS_L30_T15TYL_2022190","L30","T15TYL","2022190",NA,2022,190,2022-07-09
"HLS_L30_T15TYL_2022191","L30","T15TYL","2022191",0.567630013865454,2022,191,2022-07-10
"HLS_S30_T15TYL_2022191","S30","T15TYL","2022191",0.572586770336735,2022,191,2022-07-10
"HLS_S30_T15TYL_2022193","S30","T15TYL","2022193",0.617571418641829,2022,193,2022-07-12
"HLS_L30_T15TYL_2022198","L30","T15TYL","2022198",0.591408823446606,2022,198,2022-07-17
"HLS_S30_T15TYL_2022198","S30","T15TYL","2022198",0.60511899354448,2022,198,2022-07-17
"HLS_L30_T15TYL_2022199","L30","T15TYL","2022199",0.597313013364207,2022,199,2022-07-18
"HLS_S30_T15TYL_2022203","S30","T15TYL","2022203",0.568296517984611,2022,203,2022-07-22
"HLS_L30_T15TYL_2022206","L30","T15TYL","2022206",0.596251525212111,2022,206,2022-07-25
"HLS_S30_T15TYL_2022206","S30","T15TYL","2022206",0.59136690647482,2022,206,2022-07-25
"HLS_L30_T15TYL_2022207","L30","T15TYL","2022207",0.599393262170335,2022,207,2022-07-26
"HLS_S30_T15TYL_2022208","S30","T15TYL","2022208",NA,2022,208,2022-07-27
"HLS_S30_T15TYL_2022211","S30","T15TYL","2022211",0.710238516134139,2022,211,2022-07-30
"HLS_L30_T15TYL_2022214","L30","T15TYL","2022214",0.535850118100343,2022,214,2022-08-02
"HLS_S30_T15TYL_2022216","S30","T15TYL","2022216",0.326910995047018,2022,216,2022-08-04
"HLS_S30_T15TYL_2022221","S30","T15TYL","2022221",0.536067612838515,2022,221,2022-08-09
"HLS_L30_T15TYL_2022222","L30","T15TYL","2022222",0.532841731603871,2022,222,2022-08-10
"HLS_L30_T15TYL_2022223","L30","T15TYL","2022223",0.62906746432758,2022,223,2022-08-11
"HLS_S30_T15TYL_2022223","S30","T15TYL","2022223",0.5600023423338,2022,223,2022-08-11
"HLS_S30_T15TYL_2022228","S30","T15TYL","2022228",0.573467230443975,2022,228,2022-08-16
"HLS_L30_T15TYL_2022230","L30","T15TYL","2022230",NA,2022,230,2022-08-18
"HLS_L30_T15TYL_2022231","L30","T15TYL","2022231",NA,2022,231,2022-08-19
"HLS_S30_T15TYL_2022231","S30","T15TYL","2022231",0.625431617040288,2022,231,2022-08-19
"HLS_S30_T15TYL_2022233","S30","T15TYL","2022233",0.570429851466482,2022,233,2022-08-21
"HLS_S30_T15TYL_2022236","S30","T15TYL","2022236",0.550412266743816,2022,236,2022-08-24
"HLS_L30_T15TYL_2022238","L30","T15TYL","2022238",0.494612908441492,2022,238,2022-08-26
"HLS_S30_T15TYL_2022238","S30","T15TYL","2022238",0.506828865267678,2022,238,2022-08-26
"HLS_S30_T15TYL_2022241","S30","T15TYL","2022241",NA,2022,241,2022-08-29
"HLS_S30_T15TYL_2022243","S30","T15TYL","2022243",0.516299118296398,2022,243,2022-08-31
"HLS_L30_T15TYL_2022246","L30","T15TYL","2022246",0.489367131104457,2022,246,2022-09-03
"HLS_S30_T15TYL_2022246","S30","T15TYL","2022246",0.484424276222488,2022,246,2022-09-03
"HLS_L30_T15TYL_2022247","L30","T15TYL","2022247",0.556660328335244,2022,247,2022-09-04
"HLS_S30_T15TYL_2022248","S30","T15TYL","2022248",0.487895837340667,2022,248,2022-09-05
"HLS_S30_T15TYL_2022251","S30","T15TYL","2022251",0.477213709738653,2022,251,2022-09-08
"HLS_L30_T15TYL_2022254","L30","T15TYL","2022254",NA,2022,254,2022-09-11
"HLS_L30_T15TYL_2022255","L30","T15TYL","2022255",NA,2022,255,2022-09-12
"HLS_S30_T15TYL_2022256","S30","T15TYL","2022256",0.455461383648571,2022,256,2022-09-13
"HLS_S30_T15TYL_2022258","S30","T15TYL","2022258",0.467485210999698,2022,258,2022-09-15
"HLS_L30_T15TYL_2022262","L30","T15TYL","2022262",0.430928281880895,2022,262,2022-09-19
"HLS_S30_T15TYL_2022263","S30","T15TYL","2022263",NA,2022,263,2022-09-20
"HLS_L30_T15TYL_2022271","L30","T15TYL","2022271",0.413180397204855,2022,271,2022-09-28
"HLS_S30_T15TYL_2022271","S30","T15TYL","2022271",0.405735920532335,2022,271,2022-09-28
"HLS_S30_T15TYL_2022273","S30","T15TYL","2022273",0.416295030915055,2022,273,2022-09-30
"HLS_S30_T15TYL_2022276","S30","T15TYL","2022276",0.366847074348193,2022,276,2022-10-03
"HLS_L30_T15TYL_2022278","L30","T15TYL","2022278",0.314228811684001,2022,278,2022-10-05
"HLS_S30_T15TYL_2022278","S30","T15TYL","2022278",0.348491681296204,2022,278,2022-10-05
"HLS_L30_T15TYL_2022279","L30","T15TYL","2022279",NA,2022,279,2022-10-06
"HLS_S30_T15TYL_2022281","S30","T15TYL","2022281",0.315048437510697,2022,281,2022-10-08
"HLS_S30_T15TYL_2022283","S30","T15TYL","2022283",0.308658509274928,2022,283,2022-10-10
"HLS_S30_T15TYL_2022293","S30","T15TYL","2022293",0.255138753750702,2022,293,2022-10-20
"HLS_L30_T15TYL_2022294","L30","T15TYL","2022294",0.254206156784953,2022,294,2022-10-21
"HLS_S30_T15TYL_2022296","S30","T15TYL","2022296",0.243943033189837,2022,296,2022-10-23
"HLS_S30_T15TYL_2022301","S30","T15TYL","2022301",0.223808841241039,2022,301,2022-10-28
"HLS_L30_T15TYL_2022302","L30","T15TYL","2022302",0.229485501030804,2022,302,2022-10-29
"HLS_L30_T15TYL_2022303","L30","T15TYL","2022303",NA,2022,303,2022-10-30
"HLS_S30_T15TYL_2022303","S30","T15TYL","2022303",0.222930145564648,2022,303,2022-10-30
"HLS_S30_T15TYL_2022306","S30","T15TYL","2022306",0.21853500222512,2022,306,2022-11-02
"HLS_L30_T15TYL_2022310","L30","T15TYL","2022310",NA,2022,310,2022-11-06
"HLS_L30_T15TYL_2022311","L30","T15TYL","2022311",0.227639465191332,2022,311,2022-11-07
"HLS_S30_T15TYL_2022313","S30","T15TYL","2022313",NA,2022,313,2022-11-09
"HLS_S30_T15TYL_2022316","S30","T15TYL","2022316",NA,2022,316,2022-11-12
"HLS_S30_T15TYL_2022323","S30","T15TYL","2022323",NA,2022,323,2022-11-19
"HLS_S30_T15TYL_2022326","S30","T15TYL","2022326",0,2022,326,2022-11-22
"HLS_L30_T15TYL_2022327","L30","T15TYL","2022327",0,2022,327,2022-11-23
"HLS_S30_T15TYL_2022328","S30","T15TYL","2022328",NA,2022,328,2022-11-24
"HLS_S30_T15TYL_2022331","S30","T15TYL","2022331",0.226545165060384,2022,331,2022-11-27
"HLS_S30_T15TYL_2022338","S30","T15TYL","2022338",0,2022,338,2022-12-04
"HLS_S30_T15TYL_2022343","S30","T15TYL","2022343",0,2022,343,2022-12-09
"HLS_S30_T15TYL_2022348","S30","T15TYL","2022348",NA,2022,348,2022-12-14
"HLS_L30_T15TYL_2022351","L30","T15TYL","2022351",NA,2022,351,2022-12-17
"HLS_S30_T15TYL_2022351","S30","T15TYL","2022351",0,2022,351,2022-12-17
"HLS_L30_T15TYL_2022358","L30","T15TYL","2022358",0,2022,358,2022-12-24
"HLS_S30_T15TYL_2022358","S30","T15TYL","2022358",0,2022,358,2022-12-24
"HLS_S30_T15TYL_2023008","S30","T15TYL","2023008",0,2023,8,2023-01-08
"HLS_L30_T15TYL_2023009","L30","T15TYL","2023009",0,2023,9,2023-01-09
"HLS_S30_T15TYL_2023023","S30","T15TYL","2023023",0,2023,23,2023-01-23
"HLS_S30_T15TYL_2023031","S30","T15TYL","2023031",0,2023,31,2023-01-31
"HLS_L30_T15TYL_2023033","L30","T15TYL","2023033",0,2023,33,2023-02-02
"HLS_S30_T15TYL_2023033","S30","T15TYL","2023033",0,2023,33,2023-02-02
"HLS_L30_T15TYL_2023034","L30","T15TYL","2023034",0,2023,34,2023-02-03
"HLS_L30_T15TYL_2023041","L30","T15TYL","2023041",0,2023,41,2023-02-10
"HLS_S30_T15TYL_2023041","S30","T15TYL","2023041",0,2023,41,2023-02-10
"HLS_L30_T15TYL_2023042","L30","T15TYL","2023042",0,2023,42,2023-02-11
"HLS_S30_T15TYL_2023043","S30","T15TYL","2023043",0,2023,43,2023-02-12
"HLS_S30_T15TYL_2023048","S30","T15TYL","2023048",0,2023,48,2023-02-17
"HLS_L30_T15TYL_2023049","L30","T15TYL","2023049",0,2023,49,2023-02-18
"HLS_L30_T15TYL_2023050","L30","T15TYL","2023050",0,2023,50,2023-02-19
"HLS_S30_T15TYL_2023056","S30","T15TYL","2023056",0,2023,56,2023-02-25
"HLS_L30_T15TYL_2023057","L30","T15TYL","2023057",0,2023,57,2023-02-26
"HLS_L30_T15TYL_2023066","L30","T15TYL","2023066",0,2023,66,2023-03-07
"HLS_S30_T15TYL_2023066","S30","T15TYL","2023066",0,2023,66,2023-03-07
"HLS_L30_T15TYL_2023073","L30","T15TYL","2023073",0,2023,73,2023-03-14
"HLS_S30_T15TYL_2023073","S30","T15TYL","2023073",0,2023,73,2023-03-14
"HLS_S30_T15TYL_2023078","S30","T15TYL","2023078",0,2023,78,2023-03-19
"HLS_L30_T15TYL_2023082","L30","T15TYL","2023082",0,2023,82,2023-03-23
"HLS_S30_T15TYL_2023083","S30","T15TYL","2023083",0,2023,83,2023-03-24
"HLS_S30_T15TYL_2023086","S30","T15TYL","2023086",0,2023,86,2023-03-27
"HLS_S30_T15TYL_2023088","S30","T15TYL","2023088",0,2023,88,2023-03-29
"HLS_L30_T15TYL_2023089","L30","T15TYL","2023089",NA,2023,89,2023-03-30
"HLS_S30_T15TYL_2023093","S30","T15TYL","2023093",0,2023,93,2023-04-03
"HLS_S30_T15TYL_2023096","S30","T15TYL","2023096",0,2023,96,2023-04-06
"HLS_L30_T15TYL_2023097","L30","T15TYL","2023097",0,2023,97,2023-04-07
"HLS_L30_T15TYL_2023098","L30","T15TYL","2023098",0,2023,98,2023-04-08
"HLS_S30_T15TYL_2023098","S30","T15TYL","2023098",0,2023,98,2023-04-08
"HLS_S30_T15TYL_2023101","S30","T15TYL","2023101",0,2023,101,2023-04-11
"HLS_S30_T15TYL_2023103","S30","T15TYL","2023103",0,2023,103,2023-04-13
"HLS_L30_T15TYL_2023105","L30","T15TYL","2023105",0.228230877521221,2023,105,2023-04-15
"HLS_S30_T15TYL_2023108","S30","T15TYL","2023108",0,2023,108,2023-04-18
"HLS_S30_T15TYL_2023113","S30","T15TYL","2023113",NA,2023,113,2023-04-23
"HLS_L30_T15TYL_2023114","L30","T15TYL","2023114",NA,2023,114,2023-04-24
"HLS_S30_T15TYL_2023116","S30","T15TYL","2023116",0.232574556403286,2023,116,2023-04-26
"HLS_S30_T15TYL_2023123","S30","T15TYL","2023123",0.243397666128648,2023,123,2023-05-03
"HLS_L30_T15TYL_2023129","L30","T15TYL","2023129",0.254703733980326,2023,129,2023-05-09
"HLS_L30_T15TYL_2023130","L30","T15TYL","2023130",NA,2023,130,2023-05-10
"HLS_S30_T15TYL_2023131","S30","T15TYL","2023131",NA,2023,131,2023-05-11
"HLS_S30_T15TYL_2023133","S30","T15TYL","2023133",NA,2023,133,2023-05-13
"HLS_L30_T15TYL_2023137","L30","T15TYL","2023137",0.311331465916708,2023,137,2023-05-17
"HLS_S30_T15TYL_2023141","S30","T15TYL","2023141",0.366629549367014,2023,141,2023-05-21
"HLS_S30_T15TYL_2023143","S30","T15TYL","2023143",0.411298589457856,2023,143,2023-05-23
"HLS_L30_T15TYL_2023145","L30","T15TYL","2023145",0.428666530664487,2023,145,2023-05-25
"HLS_L30_T15TYL_2023146","L30","T15TYL","2023146",0.443202490060237,2023,146,2023-05-26
"HLS_S30_T15TYL_2023146","S30","T15TYL","2023146",0.434675317609109,2023,146,2023-05-26
"HLS_S30_T15TYL_2023148","S30","T15TYL","2023148",0.477373169148548,2023,148,2023-05-28
"HLS_S30_T15TYL_2023151","S30","T15TYL","2023151",0.592138420694957,2023,151,2023-05-31
"HLS_L30_T15TYL_2023153","L30","T15TYL","2023153",NA,2023,153,2023-06-02
"HLS_S30_T15TYL_2023153","S30","T15TYL","2023153",NA,2023,153,2023-06-02
"HLS_L30_T15TYL_2023154","L30","T15TYL","2023154",0.53414081705936,2023,154,2023-06-03
"HLS_S30_T15TYL_2023156","S30","T15TYL","2023156",0.512569529642826,2023,156,2023-06-05
"HLS_S30_T15TYL_2023158","S30","T15TYL","2023158",0.542801809187616,2023,158,2023-06-07
"HLS_L30_T15TYL_2023161","L30","T15TYL","2023161",0.541826044759077,2023,161,2023-06-10
"HLS_S30_T15TYL_2023161","S30","T15TYL","2023161",0.575545821165345,2023,161,2023-06-10
"HLS_S30_T15TYL_2023168","S30","T15TYL","2023168",0.612087483248229,2023,168,2023-06-17
"HLS_L30_T15TYL_2023170","L30","T15TYL","2023170",NA,2023,170,2023-06-19
"HLS_S30_T15TYL_2023171","S30","T15TYL","2023171",0.558515748870233,2023,171,2023-06-20
"HLS_S30_T15TYL_2023173","S30","T15TYL","2023173",0.566926345609065,2023,173,2023-06-22
"HLS_S30_T15TYL_2023178","S30","T15TYL","2023178",0.577887587311056,2023,178,2023-06-27
"HLS_S30_T15TYL_2023181","S30","T15TYL","2023181",0.577616303823337,2023,181,2023-06-30
"HLS_S30_T15TYL_2023183","S30","T15TYL","2023183",0.647760297990204,2023,183,2023-07-02
"HLS_L30_T15TYL_2023185","L30","T15TYL","2023185",0.54299580883637,2023,185,2023-07-04
"HLS_S30_T15TYL_2023188","S30","T15TYL","2023188",0.580985057981681,2023,188,2023-07-07
"HLS_S30_T15TYL_2023191","S30","T15TYL","2023191",NA,2023,191,2023-07-10
"HLS_L30_T15TYL_2023194","L30","T15TYL","2023194",NA,2023,194,2023-07-13
"HLS_S30_T15TYL_2023196","S30","T15TYL","2023196",0.533978149030524,2023,196,2023-07-15
"HLS_S30_T15TYL_2023198","S30","T15TYL","2023198",NA,2023,198,2023-07-17
"HLS_S30_T15TYL_2023201","S30","T15TYL","2023201",NA,2023,201,2023-07-20
"HLS_L30_T15TYL_2023202","L30","T15TYL","2023202",0.572074753950637,2023,202,2023-07-21
"HLS_S30_T15TYL_2023203","S30","T15TYL","2023203",0.591455385315844,2023,203,2023-07-22
"HLS_S30_T15TYL_2023206","S30","T15TYL","2023206",0.569667007614502,2023,206,2023-07-25
"HLS_S30_T15TYL_2023208","S30","T15TYL","2023208",NA,2023,208,2023-07-27
"HLS_L30_T15TYL_2023209","L30","T15TYL","2023209",NA,2023,209,2023-07-28
"HLS_L30_T15TYL_2023210","L30","T15TYL","2023210",0.597618742675736,2023,210,2023-07-29
"HLS_S30_T15TYL_2023211","S30","T15TYL","2023211",0.658083699964468,2023,211,2023-07-30
"HLS_S30_T15TYL_2023213","S30","T15TYL","2023213",0.502798203586725,2023,213,2023-08-01
"HLS_S30_T15TYL_2023216","S30","T15TYL","2023216",NA,2023,216,2023-08-04
"HLS_L30_T15TYL_2023217","L30","T15TYL","2023217",NA,2023,217,2023-08-05
"HLS_L30_T15TYL_2023218","L30","T15TYL","2023218",NA,2023,218,2023-08-06
"HLS_S30_T15TYL_2023218","S30","T15TYL","2023218",NA,2023,218,2023-08-06
"HLS_S30_T15TYL_2023223","S30","T15TYL","2023223",NA,2023,223,2023-08-11
"HLS_S30_T15TYL_2023228","S30","T15TYL","2023228",NA,2023,228,2023-08-16
"HLS_S30_T15TYL_2023231","S30","T15TYL","2023231",0.50557332282669,2023,231,2023-08-19
"HLS_L30_T15TYL_2023241","L30","T15TYL","2023241",NA,2023,241,2023-08-29
"HLS_S30_T15TYL_2023241","S30","T15TYL","2023241",0.602368946407459,2023,241,2023-08-29
"HLS_L30_T15TYL_2023242","L30","T15TYL","2023242",0.500798889021622,2023,242,2023-08-30
"HLS_S30_T15TYL_2023243","S30","T15TYL","2023243",0.49641020081994,2023,243,2023-08-31
"HLS_S30_T15TYL_2023246","S30","T15TYL","2023246",0.495087170123038,2023,246,2023-09-03
"HLS_S30_T15TYL_2023251","S30","T15TYL","2023251",NA,2023,251,2023-09-08
"HLS_S30_T15TYL_2023256","S30","T15TYL","2023256",NA,2023,256,2023-09-13
"HLS_L30_T15TYL_2023257","L30","T15TYL","2023257",0.45086458104163,2023,257,2023-09-14
"HLS_S30_T15TYL_2023261","S30","T15TYL","2023261",0.471180387693102,2023,261,2023-09-18
"HLS_S30_T15TYL_2023263","S30","T15TYL","2023263",0.443912530176821,2023,263,2023-09-20
"HLS_L30_T15TYL_2023265","L30","T15TYL","2023265",NA,2023,265,2023-09-22
"HLS_L30_T15TYL_2023274","L30","T15TYL","2023274",0.341039471919656,2023,274,2023-10-01
"HLS_S30_T15TYL_2023276","S30","T15TYL","2023276",0.342928523168298,2023,276,2023-10-03
"HLS_S30_T15TYL_2023278","S30","T15TYL","2023278",NA,2023,278,2023-10-05
"HLS_L30_T15TYL_2023281","L30","T15TYL","2023281",NA,2023,281,2023-10-08
"HLS_S30_T15TYL_2023281","S30","T15TYL","2023281",NA,2023,281,2023-10-08
"HLS_L30_T15TYL_2023282","L30","T15TYL","2023282",0.256281456723892,2023,282,2023-10-09
"HLS_S30_T15TYL_2023288","S30","T15TYL","2023288",NA,2023,288,2023-10-15
"HLS_L30_T15TYL_2023289","L30","T15TYL","2023289",0.326689920379554,2023,289,2023-10-16
"HLS_S30_T15TYL_2023291","S30","T15TYL","2023291",NA,2023,291,2023-10-18
"HLS_S30_T15TYL_2023293","S30","T15TYL","2023293",0.308346561177446,2023,293,2023-10-20
"HLS_L30_T15TYL_2023297","L30","T15TYL","2023297",NA,2023,297,2023-10-24
"HLS_S30_T15TYL_2023303","S30","T15TYL","2023303",NA,2023,303,2023-10-30
"HLS_L30_T15TYL_2023305","L30","T15TYL","2023305",NA,2023,305,2023-11-01
"HLS_L30_T15TYL_2023306","L30","T15TYL","2023306",NA,2023,306,2023-11-02
"HLS_S30_T15TYL_2023311","S30","T15TYL","2023311",0.174873389159103,2023,311,2023-11-07
"HLS_L30_T15TYL_2023313","L30","T15TYL","2023313",NA,2023,313,2023-11-09
"HLS_S30_T15TYL_2023313","S30","T15TYL","2023313",0.241628372299681,2023,313,2023-11-09
"HLS_S30_T15TYL_2023316","S30","T15TYL","2023316",NA,2023,316,2023-11-12
"HLS_S30_T15TYL_2023321","S30","T15TYL","2023321",NA,2023,321,2023-11-17
"HLS_L30_T15TYL_2023322","L30","T15TYL","2023322",0.209143752070291,2023,322,2023-11-18
"HLS_S30_T15TYL_2023323","S30","T15TYL","2023323",0.211563210822459,2023,323,2023-11-19
"HLS_S30_T15TYL_2023326","S30","T15TYL","2023326",0.208183692488299,2023,326,2023-11-22
"HLS_S30_T15TYL_2023328","S30","T15TYL","2023328",0.210745473408156,2023,328,2023-11-24
"HLS_S30_T15TYL_2023333","S30","T15TYL","2023333",0,2023,333,2023-11-29
"HLS_S30_T15TYL_2023336","S30","T15TYL","2023336",NA,2023,336,2023-12-02
"HLS_S30_T15TYL_2023341","S30","T15TYL","2023341",0,2023,341,2023-12-07
"HLS_L30_T15TYL_2023346","L30","T15TYL","2023346",NA,2023,346,2023-12-12
"HLS_S30_T15TYL_2023346","S30","T15TYL","2023346",0,2023,346,2023-12-12
"HLS_S30_T15TYL_2023348","S30","T15TYL","2023348",0.205240312028183,2023,348,2023-12-14
"HLS_L30_T15TYL_2023353","L30","T15TYL","2023353",NA,2023,353,2023-12-19
"HLS_S30_T15TYL_2023353","S30","T15TYL","2023353",NA,2023,353,2023-12-19
"HLS_L30_T15TYL_2023361","L30","T15TYL","2023361",0.178364745106846,2023,361,2023-12-27
"HLS_S30_T15TYL_2023361","S30","T15TYL","2023361",0.138121546961326,2023,361,2023-12-27
"HLS_S30_T15TYL_2023363","S30","T15TYL","2023363",0.207949265631375,2023,363,2023-12-29
"HLS_S30_T15TYL_2024018","S30","T15TYL","2024018",NA,2024,18,2024-01-18
"HLS_L30_T15TYL_2024020","L30","T15TYL","2024020",0,2024,20,2024-01-20
"HLS_S30_T15TYL_2024021","S30","T15TYL","2024021",NA,2024,21,2024-01-21
"HLS_S30_T15TYL_2024031","S30","T15TYL","2024031",0,2024,31,2024-01-31
"HLS_S30_T15TYL_2024033","S30","T15TYL","2024033",0,2024,33,2024-02-02
"HLS_S30_T15TYL_2024036","S30","T15TYL","2024036",NA,2024,36,2024-02-05
"HLS_L30_T15TYL_2024037","L30","T15TYL","2024037",0.213719478510662,2024,37,2024-02-06
"HLS_S30_T15TYL_2024043","S30","T15TYL","2024043",NA,2024,43,2024-02-12
"HLS_L30_T15TYL_2024045","L30","T15TYL","2024045",0.153032324081349,2024,45,2024-02-14
"HLS_S30_T15TYL_2024046","S30","T15TYL","2024046",NA,2024,46,2024-02-15
"HLS_S30_T15TYL_2024048","S30","T15TYL","2024048",0,2024,48,2024-02-17
"HLS_S30_T15TYL_2024051","S30","T15TYL","2024051",0,2024,51,2024-02-20
"HLS_L30_T15TYL_2024052","L30","T15TYL","2024052",0.161122592268765,2024,52,2024-02-21
"HLS_L30_T15TYL_2024053","L30","T15TYL","2024053",0.214748195630762,2024,53,2024-02-22
"HLS_S30_T15TYL_2024053","S30","T15TYL","2024053",0.223391270964006,2024,53,2024-02-22
"HLS_S30_T15TYL_2024056","S30","T15TYL","2024056",0.202943945102092,2024,56,2024-02-25
"HLS_S30_T15TYL_2024058","S30","T15TYL","2024058",0.216902064255781,2024,58,2024-02-27
"HLS_L30_T15TYL_2024061","L30","T15TYL","2024061",0.218810681959958,2024,61,2024-03-01
"HLS_S30_T15TYL_2024061","S30","T15TYL","2024061",0.219531996748666,2024,61,2024-03-01
"HLS_S30_T15TYL_2024066","S30","T15TYL","2024066",0.205749486652977,2024,66,2024-03-06
"HLS_L30_T15TYL_2024068","L30","T15TYL","2024068",NA,2024,68,2024-03-08
"HLS_S30_T15TYL_2024071","S30","T15TYL","2024071",0.251808369019551,2024,71,2024-03-11
"HLS_S30_T15TYL_2024073","S30","T15TYL","2024073",NA,2024,73,2024-03-13
"HLS_S30_T15TYL_2024078","S30","T15TYL","2024078",NA,2024,78,2024-03-18
"HLS_S30_T15TYL_2024081","S30","T15TYL","2024081",0.251597360873237,2024,81,2024-03-21
"HLS_S30_T15TYL_2024083","S30","T15TYL","2024083",0,2024,83,2024-03-23
"HLS_S30_T15TYL_2024088","S30","T15TYL","2024088",NA,2024,88,2024-03-28
"HLS_S30_T15TYL_2024096","S30","T15TYL","2024096",0,2024,96,2024-04-05
"HLS_L30_T15TYL_2024101","L30","T15TYL","2024101",0.264499121265378,2024,101,2024-04-10
"HLS_S30_T15TYL_2024101","S30","T15TYL","2024101",0.240517146322638,2024,101,2024-04-10
"HLS_S30_T15TYL_2024106","S30","T15TYL","2024106",0.228238188539143,2024,106,2024-04-15
"HLS_S30_T15TYL_2024113","S30","T15TYL","2024113",0.241550618056642,2024,113,2024-04-22
"HLS_L30_T15TYL_2024116","L30","T15TYL","2024116",0.236646628096908,2024,116,2024-04-25
"HLS_S30_T15TYL_2024116","S30","T15TYL","2024116",0.230910563029397,2024,116,2024-04-25
"HLS_L30_T15TYL_2024124","L30","T15TYL","2024124",0.249243368346092,2024,124,2024-05-03
"HLS_S30_T15TYL_2024126","S30","T15TYL","2024126",0.257618121954849,2024,126,2024-05-05
"HLS_S30_T15TYL_2024131","S30","T15TYL","2024131",0.272948475623791,2024,131,2024-05-10
"HLS_L30_T15TYL_2024132","L30","T15TYL","2024132",0.337176619477882,2024,132,2024-05-11
"HLS_L30_T15TYL_2024133","L30","T15TYL","2024133",0.295132846037823,2024,133,2024-05-12
"HLS_S30_T15TYL_2024133","S30","T15TYL","2024133",0.297042411945967,2024,133,2024-05-12
"HLS_S30_T15TYL_2024136","S30","T15TYL","2024136",0.330691018066021,2024,136,2024-05-15
"HLS_S30_T15TYL_2024138","S30","T15TYL","2024138",0.339011330714275,2024,138,2024-05-17
"HLS_L30_T15TYL_2024140","L30","T15TYL","2024140",NA,2024,140,2024-05-19
"HLS_S30_T15TYL_2024146","S30","T15TYL","2024146",0.455584078101118,2024,146,2024-05-25
"HLS_L30_T15TYL_2024148","L30","T15TYL","2024148",NA,2024,148,2024-05-27
"HLS_S30_T15TYL_2024148","S30","T15TYL","2024148",NA,2024,148,2024-05-27
"HLS_S30_T15TYL_2024151","S30","T15TYL","2024151",0.49185482687811,2024,151,2024-05-30
"HLS_S30_T15TYL_2024158","S30","T15TYL","2024158",NA,2024,158,2024-06-06
"HLS_S30_T15TYL_2024166","S30","T15TYL","2024166",0.701789546060433,2024,166,2024-06-14
"HLS_L30_T15TYL_2024172","L30","T15TYL","2024172",NA,2024,172,2024-06-20
"HLS_S30_T15TYL_2024176","S30","T15TYL","2024176",0.561545958726973,2024,176,2024-06-24
"HLS_S30_T15TYL_2024178","S30","T15TYL","2024178",0.650225758473096,2024,178,2024-06-26
"HLS_L30_T15TYL_2024181","L30","T15TYL","2024181",0.611777564441613,2024,181,2024-06-29
"HLS_S30_T15TYL_2024181","S30","T15TYL","2024181",0.5972910703065,2024,181,2024-06-29
"HLS_S30_T15TYL_2024183","S30","T15TYL","2024183",0.590999378428776,2024,183,2024-07-01
"HLS_L30_T15TYL_2024188","L30","T15TYL","2024188",0.561321555292863,2024,188,2024-07-06
"HLS_S30_T15TYL_2024188","S30","T15TYL","2024188",0.576806597389129,2024,188,2024-07-06
"HLS_L30_T15TYL_2024189","L30","T15TYL","2024189",NA,2024,189,2024-07-07
"HLS_S30_T15TYL_2024191","S30","T15TYL","2024191",0.567466899253625,2024,191,2024-07-09
"HLS_S30_T15TYL_2024193","S30","T15TYL","2024193",0.63275451627955,2024,193,2024-07-11
"HLS_L30_T15TYL_2024196","L30","T15TYL","2024196",0.552114417507651,2024,196,2024-07-14
"HLS_S30_T15TYL_2024196","S30","T15TYL","2024196",0.563196063378857,2024,196,2024-07-14
"HLS_S30_T15TYL_2024198","S30","T15TYL","2024198",0.630610630888127,2024,198,2024-07-16
"HLS_S30_T15TYL_2024201","S30","T15TYL","2024201",0.609937278430448,2024,201,2024-07-19
"HLS_S30_T15TYL_2024203","S30","T15TYL","2024203",0.560396101638322,2024,203,2024-07-21
"HLS_L30_T15TYL_2024204","L30","T15TYL","2024204",NA,2024,204,2024-07-22
"HLS_S30_T15TYL_2024206","S30","T15TYL","2024206",0.394579497428169,2024,206,2024-07-24
"HLS_S30_T15TYL_2024208","S30","T15TYL","2024208",0.538290575611166,2024,208,2024-07-26
"HLS_S30_T15TYL_2024211","S30","T15TYL","2024211",0.565357582783856,2024,211,2024-07-29
"HLS_L30_T15TYL_2024212","L30","T15TYL","2024212",NA,2024,212,2024-07-30
"HLS_L30_T15TYL_2024213","L30","T15TYL","2024213",0.539221584610032,2024,213,2024-07-31
"HLS_S30_T15TYL_2024213","S30","T15TYL","2024213",0.542011115380918,2024,213,2024-07-31
"HLS_S30_T15TYL_2024216","S30","T15TYL","2024216",0.528018287348912,2024,216,2024-08-03
"HLS_L30_T15TYL_2024220","L30","T15TYL","2024220",NA,2024,220,2024-08-07
"HLS_S30_T15TYL_2024221","S30","T15TYL","2024221",NA,2024,221,2024-08-08
"HLS_S30_T15TYL_2024226","S30","T15TYL","2024226",0.516180339809433,2024,226,2024-08-13
"HLS_L30_T15TYL_2024229","L30","T15TYL","2024229",NA,2024,229,2024-08-16
"HLS_S30_T15TYL_2024231","S30","T15TYL","2024231",0.496482596543489,2024,231,2024-08-18
"HLS_S30_T15TYL_2024233","S30","T15TYL","2024233",0.477032099746401,2024,233,2024-08-20
"HLS_L30_T15TYL_2024236","L30","T15TYL","2024236",NA,2024,236,2024-08-23
"HLS_S30_T15TYL_2024236","S30","T15TYL","2024236",NA,2024,236,2024-08-23
"HLS_L30_T15TYL_2024237","L30","T15TYL","2024237",0.53880674704219,2024,237,2024-08-24
"HLS_S30_T15TYL_2024238","S30","T15TYL","2024238",NA,2024,238,2024-08-25
"HLS_S30_T15TYL_2024243","S30","T15TYL","2024243",NA,2024,243,2024-08-30
"HLS_L30_T15TYL_2024244","L30","T15TYL","2024244",0.436469848851219,2024,244,2024-08-31
"HLS_L30_T15TYL_2024245","L30","T15TYL","2024245",0.482651245551601,2024,245,2024-09-01
"HLS_S30_T15TYL_2024246","S30","T15TYL","2024246",0.47686176203432,2024,246,2024-09-02
"HLS_S30_T15TYL_2024248","S30","T15TYL","2024248",0.471163363491689,2024,248,2024-09-04
"HLS_S30_T15TYL_2024251","S30","T15TYL","2024251",0.467920400837522,2024,251,2024-09-07
"HLS_L30_T15TYL_2024252","L30","T15TYL","2024252",0.447246217966283,2024,252,2024-09-08
"HLS_L30_T15TYL_2024253","L30","T15TYL","2024253",0.468592819607507,2024,253,2024-09-09
"HLS_S30_T15TYL_2024253","S30","T15TYL","2024253",0.471632131277995,2024,253,2024-09-09
"HLS_S30_T15TYL_2024256","S30","T15TYL","2024256",0.445443993700858,2024,256,2024-09-12
"HLS_L30_T15TYL_2024260","L30","T15TYL","2024260",0.428363147631492,2024,260,2024-09-16
"HLS_L30_T15TYL_2024261","L30","T15TYL","2024261",0.431192380487209,2024,261,2024-09-17
"HLS_S30_T15TYL_2024261","S30","T15TYL","2024261",0.40255120712661,2024,261,2024-09-17
"HLS_S30_T15TYL_2024263","S30","T15TYL","2024263",NA,2024,263,2024-09-19
"HLS_S30_T15TYL_2024266","S30","T15TYL","2024266",0.450347104012789,2024,266,2024-09-22
"HLS_L30_T15TYL_2024268","L30","T15TYL","2024268",0.415037329417495,2024,268,2024-09-24
"HLS_S30_T15TYL_2024268","S30","T15TYL","2024268",0.411152684280742,2024,268,2024-09-24
"HLS_L30_T15TYL_2024269","L30","T15TYL","2024269",0.402741317756976,2024,269,2024-09-25
"HLS_S30_T15TYL_2024271","S30","T15TYL","2024271",0.3909607690263,2024,271,2024-09-27
"HLS_S30_T15TYL_2024273","S30","T15TYL","2024273",0.379088759183064,2024,273,2024-09-29
"HLS_L30_T15TYL_2024276","L30","T15TYL","2024276",0.339160287270144,2024,276,2024-10-02
"HLS_S30_T15TYL_2024276","S30","T15TYL","2024276",0.34641622289236,2024,276,2024-10-02
"HLS_S30_T15TYL_2024278","S30","T15TYL","2024278",0.350562129927041,2024,278,2024-10-04
"HLS_S30_T15TYL_2024281","S30","T15TYL","2024281",0.289646369601859,2024,281,2024-10-07
"HLS_S30_T15TYL_2024283","S30","T15TYL","2024283",0.328796351065597,2024,283,2024-10-09
"HLS_L30_T15TYL_2024284","L30","T15TYL","2024284",0.300409747446441,2024,284,2024-10-10
"HLS_L30_T15TYL_2024285","L30","T15TYL","2024285",0.300196492249472,2024,285,2024-10-11
"HLS_S30_T15TYL_2024291","S30","T15TYL","2024291",0.261534654875672,2024,291,2024-10-17
"HLS_L30_T15TYL_2024292","L30","T15TYL","2024292",0.255135386381212,2024,292,2024-10-18
"HLS_L30_T15TYL_2024293","L30","T15TYL","2024293",0.249958282345088,2024,293,2024-10-19
"HLS_S30_T15TYL_2024293","S30","T15TYL","2024293",0.281646622617293,2024,293,2024-10-19
"HLS_S30_T15TYL_2024298","S30","T15TYL","2024298",0.255228372460406,2024,298,2024-10-24
"HLS_L30_T15TYL_2024300","L30","T15TYL","2024300",0.235120361253523,2024,300,2024-10-26
"HLS_L30_T15TYL_2024301","L30","T15TYL","2024301",0.230157897917601,2024,301,2024-10-27
"HLS_S30_T15TYL_2024301","S30","T15TYL","2024301",0.255773742134342,2024,301,2024-10-27
"HLS_S30_T15TYL_2024306","S30","T15TYL","2024306",NA,2024,306,2024-11-01
"HLS_S30_T15TYL_2024313","S30","T15TYL","2024313",0.210954616507985,2024,313,2024-11-08
"HLS_S30_T15TYL_2024323","S30","T15TYL","2024323",0.212078041155243,2024,323,2024-11-18
"HLS_S30_T15TYL_2024331","S30","T15TYL","2024331",NA,2024,331,2024-11-26
"HLS_L30_T15TYL_2024340","L30","T15TYL","2024340",NA,2024,340,2024-12-05
"HLS_L30_T15TYL_2024348","L30","T15TYL","2024348",0,2024,348,2024-12-13
"HLS_S30_T15TYL_2024348","S30","T15TYL","2024348",0,2024,348,2024-12-13
"HLS_S30_T15TYL_2024353","S30","T15TYL","2024353",NA,2024,353,2024-12-18
"HLS_S30_T15TYL_2024356","S30","T15TYL","2024356",0,2024,356,2024-12-21
"HLS_L30_T15TYL_2024365","L30","T15TYL","2024365",0.223360329205686,2024,365,2024-12-30
"HLS_L30_T15TYL_2025006","L30","T15TYL","2025006",0.203451937471713,2025,6,2025-01-06
"HLS_L30_T15TYL_2025014","L30","T15TYL","2025014",0,2025,14,2025-01-14
"HLS_L30_T15TYL_2025015","L30","T15TYL","2025015",NA,2025,15,2025-01-15
"HLS_S30_T15TYL_2025020","S30","T15TYL","2025020",0,2025,20,2025-01-20
"HLS_L30_T15TYL_2025023","L30","T15TYL","2025023",NA,2025,23,2025-01-23
"HLS_L30_T15TYL_2025030","L30","T15TYL","2025030",0,2025,30,2025-01-30
"HLS_S30_T15TYL_2025030","S30","T15TYL","2025030",0,2025,30,2025-01-30
"HLS_L30_T15TYL_2025031","L30","T15TYL","2025031",0,2025,31,2025-01-31
"HLS_S30_T15TYL_2025037","S30","T15TYL","2025037",0,2025,37,2025-02-06
"HLS_L30_T15TYL_2025038","L30","T15TYL","2025038",0,2025,38,2025-02-07
"HLS_S30_T15TYL_2025040","S30","T15TYL","2025040",0,2025,40,2025-02-09
"HLS_S30_T15TYL_2025042","S30","T15TYL","2025042",0,2025,42,2025-02-11
"HLS_S30_T15TYL_2025050","S30","T15TYL","2025050",0,2025,50,2025-02-19
"HLS_L30_T15TYL_2025055","L30","T15TYL","2025055",0,2025,55,2025-02-24
"HLS_S30_T15TYL_2025055","S30","T15TYL","2025055",0,2025,55,2025-02-24
"HLS_S30_T15TYL_2025057","S30","T15TYL","2025057",NA,2025,57,2025-02-26
"HLS_S30_T15TYL_2025060","S30","T15TYL","2025060",0,2025,60,2025-03-01
"HLS_L30_T15TYL_2025062","L30","T15TYL","2025062",0,2025,62,2025-03-03
"HLS_S30_T15TYL_2025062","S30","T15TYL","2025062",0,2025,62,2025-03-03
"HLS_S30_T15TYL_2025065","S30","T15TYL","2025065",0,2025,65,2025-03-06
"HLS_L30_T15TYL_2025070","L30","T15TYL","2025070",0,2025,70,2025-03-11
"HLS_S30_T15TYL_2025070","S30","T15TYL","2025070",0,2025,70,2025-03-11
"HLS_L30_T15TYL_2025071","L30","T15TYL","2025071",NA,2025,71,2025-03-12
"HLS_S30_T15TYL_2025072","S30","T15TYL","2025072",0.157399750701884,2025,72,2025-03-13
"HLS_S30_T15TYL_2025075","S30","T15TYL","2025075",0.217514107341661,2025,75,2025-03-16
"HLS_L30_T15TYL_2025079","L30","T15TYL","2025079",0,2025,79,2025-03-20
"HLS_S30_T15TYL_2025084","S30","T15TYL","2025084",0,2025,84,2025-03-25
"HLS_S30_T15TYL_2025085","S30","T15TYL","2025085",0,2025,85,2025-03-26
"HLS_L30_T15TYL_2025086","L30","T15TYL","2025086",0.137264481129324,2025,86,2025-03-27
"HLS_S30_T15TYL_2025090","S30","T15TYL","2025090",NA,2025,90,2025-03-31
"HLS_L30_T15TYL_2025094","L30","T15TYL","2025094",0.16913868142619,2025,94,2025-04-04
"HLS_S30_T15TYL_2025095","S30","T15TYL","2025095",0.284839072758488,2025,95,2025-04-05
"HLS_S30_T15TYL_2025097","S30","T15TYL","2025097",NA,2025,97,2025-04-07
"HLS_L30_T15TYL_2025102","L30","T15TYL","2025102",0.225854350978643,2025,102,2025-04-12
"HLS_S30_T15TYL_2025102","S30","T15TYL","2025102",0.246801990588487,2025,102,2025-04-12
"HLS_L30_T15TYL_2025119","L30","T15TYL","2025119",NA,2025,119,2025-04-29
"HLS_S30_T15TYL_2025120","S30","T15TYL","2025120",NA,2025,120,2025-04-30
"HLS_S30_T15TYL_2025124","S30","T15TYL","2025124",0.247538262661811,2025,124,2025-05-04
"HLS_S30_T15TYL_2025125","S30","T15TYL","2025125",0.236387577570146,2025,125,2025-05-05
"HLS_L30_T15TYL_2025126","L30","T15TYL","2025126",0.24390452730521,2025,126,2025-05-06
"HLS_L30_T15TYL_2025127","L30","T15TYL","2025127",NA,2025,127,2025-05-07
"HLS_S30_T15TYL_2025127","S30","T15TYL","2025127",NA,2025,127,2025-05-07
"HLS_S30_T15TYL_2025130","S30","T15TYL","2025130",0.248933609280247,2025,130,2025-05-10
"HLS_S30_T15TYL_2025132","S30","T15TYL","2025132",0.276863327040022,2025,132,2025-05-12
"HLS_L30_T15TYL_2025134","L30","T15TYL","2025134",NA,2025,134,2025-05-14
"HLS_L30_T15TYL_2025135","L30","T15TYL","2025135",0.335554601172261,2025,135,2025-05-15
"HLS_S30_T15TYL_2025135","S30","T15TYL","2025135",0.363251021066208,2025,135,2025-05-15
"HLS_S30_T15TYL_2025137","S30","T15TYL","2025137",NA,2025,137,2025-05-17
"HLS_L30_T15TYL_2025142","L30","T15TYL","2025142",NA,2025,142,2025-05-22
"HLS_S30_T15TYL_2025144","S30","T15TYL","2025144",NA,2025,144,2025-05-24
"HLS_S30_T15TYL_2025145","S30","T15TYL","2025145",NA,2025,145,2025-05-25
"HLS_L30_T15TYL_2025151","L30","T15TYL","2025151",0.465747792972131,2025,151,2025-05-31
"HLS_S30_T15TYL_2025152","S30","T15TYL","2025152",0.471243111451464,2025,152,2025-06-01
"HLS_S30_T15TYL_2025155","S30","T15TYL","2025155",0.489779073952329,2025,155,2025-06-04
"HLS_L30_T15TYL_2025158","L30","T15TYL","2025158",0.510675681596408,2025,158,2025-06-07
"HLS_L30_T15TYL_2025159","L30","T15TYL","2025159",0.555785164805088,2025,159,2025-06-08
"HLS_S30_T15TYL_2025162","S30","T15TYL","2025162",0.534546813453148,2025,162,2025-06-11
"HLS_S30_T15TYL_2025170","S30","T15TYL","2025170",0.573960132739664,2025,170,2025-06-19
"HLS_S30_T15TYL_2025172","S30","T15TYL","2025172",NA,2025,172,2025-06-21
"HLS_L30_T15TYL_2025174","L30","T15TYL","2025174",NA,2025,174,2025-06-23
"HLS_S30_T15TYL_2025175","S30","T15TYL","2025175",NA,2025,175,2025-06-24
"HLS_S30_T15TYL_2025180","S30","T15TYL","2025180",0.616143584634119,2025,180,2025-06-29
"HLS_L30_T15TYL_2025182","L30","T15TYL","2025182",0.521985126388736,2025,182,2025-07-01
"HLS_S30_T15TYL_2025182","S30","T15TYL","2025182",0.674636370996033,2025,182,2025-07-01
"HLS_L30_T15TYL_2025183","L30","T15TYL","2025183",0.578819104782835,2025,183,2025-07-02
"HLS_S30_T15TYL_2025184","S30","T15TYL","2025184",0.577794171450294,2025,184,2025-07-03
"HLS_S30_T15TYL_2025185","S30","T15TYL","2025185",NA,2025,185,2025-07-04
"HLS_S30_T15TYL_2025187","S30","T15TYL","2025187",0.567181411459085,2025,187,2025-07-06
"HLS_L30_T15TYL_2025190","L30","T15TYL","2025190",0.636799774661798,2025,190,2025-07-09
"HLS_S30_T15TYL_2025190","S30","T15TYL","2025190",0.622763946226648,2025,190,2025-07-09
"HLS_S30_T15TYL_2025192","S30","T15TYL","2025192",0.579660320115684,2025,192,2025-07-11
"HLS_S30_T15TYL_2025195","S30","T15TYL","2025195",0.605739247689412,2025,195,2025-07-14
"HLS_L30_T15TYL_2025198","L30","T15TYL","2025198",0.575643463000877,2025,198,2025-07-17
"HLS_L30_T15TYL_2025199","L30","T15TYL","2025199",NA,2025,199,2025-07-18
"HLS_S30_T15TYL_2025200","S30","T15TYL","2025200",NA,2025,200,2025-07-19
"HLS_S30_T15TYL_2025202","S30","T15TYL","2025202",0.576411570954094,2025,202,2025-07-21
"HLS_S30_T15TYL_2025205","S30","T15TYL","2025205",0.59804036921934,2025,205,2025-07-24
"HLS_L30_T15TYL_2025206","L30","T15TYL","2025206",0.557565227298621,2025,206,2025-07-25
"HLS_L30_T15TYL_2025207","L30","T15TYL","2025207",0.566481064107602,2025,207,2025-07-26
"HLS_S30_T15TYL_2025207","S30","T15TYL","2025207",0.571271580463897,2025,207,2025-07-26
"HLS_S30_T15TYL_2025210","S30","T15TYL","2025210",0.603919835653706,2025,210,2025-07-29
"HLS_S30_T15TYL_2025212","S30","T15TYL","2025212",NA,2025,212,2025-07-31
"HLS_L30_T15TYL_2025214","L30","T15TYL","2025214",0.539570930304649,2025,214,2025-08-02
"HLS_L30_T15TYL_2025215","L30","T15TYL","2025215",0.551390490264127,2025,215,2025-08-03
"HLS_S30_T15TYL_2025215","S30","T15TYL","2025215",0.564444670665658,2025,215,2025-08-03
"HLS_S30_T15TYL_2025217","S30","T15TYL","2025217",NA,2025,217,2025-08-05
"HLS_L30_T15TYL_2025223","L30","T15TYL","2025223",0.61051833433521,2025,223,2025-08-11
"HLS_S30_T15TYL_2025224","S30","T15TYL","2025224",NA,2025,224,2025-08-12
"HLS_S30_T15TYL_2025225","S30","T15TYL","2025225",0.392510765753579,2025,225,2025-08-13
"HLS_S30_T15TYL_2025227","S30","T15TYL","2025227",0.535459306991239,2025,227,2025-08-15
"HLS_S30_T15TYL_2025235","S30","T15TYL","2025235",NA,2025,235,2025-08-23
"HLS_S30_T15TYL_2025237","S30","T15TYL","2025237",0.558871728104279,2025,237,2025-08-25
"HLS_L30_T15TYL_2025238","L30","T15TYL","2025238",0.529505745778612,2025,238,2025-08-26
"HLS_L30_T15TYL_2025239","L30","T15TYL","2025239",NA,2025,239,2025-08-27
"HLS_S30_T15TYL_2025240","S30","T15TYL","2025240",0.500573174121341,2025,240,2025-08-28
"HLS_S30_T15TYL_2025242","S30","T15TYL","2025242",NA,2025,242,2025-08-30
"HLS_S30_T15TYL_2025244","S30","T15TYL","2025244",0.498343140687853,2025,244,2025-09-01
"HLS_L30_T15TYL_2025247","L30","T15TYL","2025247",NA,2025,247,2025-09-04
"HLS_S30_T15TYL_2025247","S30","T15TYL","2025247",0.624175658165906,2025,247,2025-09-04
"HLS_S30_T15TYL_2025250","S30","T15TYL","2025250",NA,2025,250,2025-09-07
"HLS_S30_T15TYL_2025255","S30","T15TYL","2025255",NA,2025,255,2025-09-12
"HLS_S30_T15TYL_2025257","S30","T15TYL","2025257",0.433412153328065,2025,257,2025-09-14
"HLS_S30_T15TYL_2025260","S30","T15TYL","2025260",0.436904573429495,2025,260,2025-09-17
"HLS_S30_T15TYL_2025262","S30","T15TYL","2025262",NA,2025,262,2025-09-19
"HLS_S30_T15TYL_2025265","S30","T15TYL","2025265",NA,2025,265,2025-09-22
"HLS_S30_T15TYL_2025267","S30","T15TYL","2025267",0.39371701028905,2025,267,2025-09-24
"HLS_L30_T15TYL_2025270","L30","T15TYL","2025270",0.497313252118046,2025,270,2025-09-27
"HLS_S30_T15TYL_2025270","S30","T15TYL","2025270",0.287928073709587,2025,270,2025-09-27
"HLS_L30_T15TYL_2025271","L30","T15TYL","2025271",0.38050047542529,2025,271,2025-09-28
"HLS_S30_T15TYL_2025272","S30","T15TYL","2025272",0.377678138676715,2025,272,2025-09-29
"HLS_S30_T15TYL_2025275","S30","T15TYL","2025275",0.34817887913873,2025,275,2025-10-02
"HLS_S30_T15TYL_2025277","S30","T15TYL","2025277",0.437446417508478,2025,277,2025-10-04
"HLS_L30_T15TYL_2025278","L30","T15TYL","2025278",0.31659139362048,2025,278,2025-10-05
"HLS_S30_T15TYL_2025280","S30","T15TYL","2025280",0.328960172953476,2025,280,2025-10-07
"HLS_S30_T15TYL_2025282","S30","T15TYL","2025282",0.322249191638455,2025,282,2025-10-09
"HLS_S30_T15TYL_2025284","S30","T15TYL","2025284",0.328123970752915,2025,284,2025-10-11
"HLS_S30_T15TYL_2025285","S30","T15TYL","2025285",NA,2025,285,2025-10-12
"HLS_L30_T15TYL_2025286","L30","T15TYL","2025286",0.301107618659923,2025,286,2025-10-13
"HLS_S30_T15TYL_2025287","S30","T15TYL","2025287",NA,2025,287,2025-10-14
"HLS_S30_T15TYL_2025290","S30","T15TYL","2025290",NA,2025,290,2025-10-17
"HLS_S30_T15TYL_2025292","S30","T15TYL","2025292",NA,2025,292,2025-10-19
"HLS_S30_T15TYL_2025297","S30","T15TYL","2025297",NA,2025,297,2025-10-24
"HLS_S30_T15TYL_2025300","S30","T15TYL","2025300",0.231828584957778,2025,300,2025-10-27
"HLS_L30_T15TYL_2025302","L30","T15TYL","2025302",0.227119837590403,2025,302,2025-10-29
"HLS_S30_T15TYL_2025302","S30","T15TYL","2025302",NA,2025,302,2025-10-29
"HLS_L30_T15TYL_2025303","L30","T15TYL","2025303",NA,2025,303,2025-10-30
"HLS_S30_T15TYL_2025304","S30","T15TYL","2025304",NA,2025,304,2025-10-31
"HLS_S30_T15TYL_2025305","S30","T15TYL","2025305",NA,2025,305,2025-11-01
"HLS_S30_T15TYL_2025307","S30","T15TYL","2025307",0.212108021091709,2025,307,2025-11-03
"HLS_S30_T15TYL_2025312","S30","T15TYL","2025312",NA,2025,312,2025-11-08
"HLS_S30_T15TYL_2025315","S30","T15TYL","2025315",NA,2025,315,2025-11-11
"HLS_S30_T15TYL_2025317","S30","T15TYL","2025317",0.214295267738468,2025,317,2025-11-13
"HLS_L30_T15TYL_2025318","L30","T15TYL","2025318",0.199375430231192,2025,318,2025-11-14
"HLS_L30_T15TYL_2025319","L30","T15TYL","2025319",0.190535780684746,2025,319,2025-11-15
"HLS_S30_T15TYL_2025322","S30","T15TYL","2025322",0.218804296400225,2025,322,2025-11-18
"HLS_S30_T15TYL_2025325","S30","T15TYL","2025325",0.215392597128666,2025,325,2025-11-21
"HLS_L30_T15TYL_2025326","L30","T15TYL","2025326",NA,2025,326,2025-11-22
"HLS_L30_T15TYL_2025334","L30","T15TYL","2025334",NA,2025,334,2025-11-30
"HLS_L30_T15TYL_2025342","L30","T15TYL","2025342",NA,2025,342,2025-12-08
"HLS_S30_T15TYL_2025342","S30","T15TYL","2025342",NA,2025,342,2025-12-08
"HLS_S30_T15TYL_2025347","S30","T15TYL","2025347",NA,2025,347,2025-12-13
"HLS_L30_T15TYL_2025351","L30","T15TYL","2025351",0,2025,351,2025-12-17
"HLS_S30_T15TYL_2025355","S30","T15TYL","2025355",NA,2025,355,2025-12-21
"HLS_S30_T15TYL_2025357","S30","T15TYL","2025357",0,2025,357,2025-12-23
